{"type":"FeatureCollection","name":"Tokyo 23 wards","metadata":{"source":"Geoshape / National Land Numerical Information","reference_date":"2023-01-01"},"features":[{"type":"Feature","properties":{"OBJECTID":1,"N03_001":"東京都","N03_002":null,"N03_003":null,"N03_004":"千代田区","N03_007":"13101","Shape_Leng":0.161938808948181,"Shape_Area":0.001143311995505,"id":"gci:13101A1968"},"geometry":{"type":"MultiPolygon","coordinates":[[[[139.78254965,35.69657453],[139.78253173,35.69641977],[139.78253173,35.69638882],[139.78253173,35.69637335],[139.78253173,35.69621859],[139.78206589,35.69626502],[139.78206589,35.69618764],[139.78206589,35.69614121],[139.78204797,35.69609478],[139.78201214,35.69570789],[139.78201214,35.69566146],[139.78199422,35.69539838],[139.7819763,35.69524362],[139.78211964,35.69511982],[139.78217339,35.69507339],[139.78251382,35.69477935],[139.78258548,35.69471745],[139.78254965,35.69470197],[139.78210172,35.69434603],[139.78206589,35.69433056],[139.78203005,35.6942996],[139.7812417,35.69371153],[139.78120586,35.69368058],[139.78109836,35.6936032],[139.78100877,35.6935413],[139.78032792,35.69304607],[139.78029209,35.6930306],[139.78023834,35.69298417],[139.78022042,35.69296869],[139.77998749,35.6931544],[139.77996958,35.69313893],[139.77982624,35.69304607],[139.77979041,35.69301512],[139.77880496,35.69231872],[139.77873329,35.69225681],[139.77864371,35.69219491],[139.77771201,35.69176159],[139.77762243,35.69174611],[139.77751492,35.69169969],[139.77742534,35.69166874],[139.77667282,35.69140565],[139.77661907,35.69139017],[139.77656531,35.69135922],[139.77608155,35.69118899],[139.77600988,35.69117351],[139.7752932,35.69089495],[139.77523944,35.69087948],[139.77511402,35.69083305],[139.77500652,35.69078662],[139.77495277,35.69077115],[139.77489902,35.69075567],[139.77452276,35.69061639],[139.77389566,35.69039973],[139.7738419,35.69038425],[139.77260562,35.68996641],[139.77246228,35.68991998],[139.77233686,35.68987356],[139.77187102,35.68973427],[139.77108266,35.68948666],[139.77102891,35.68947119],[139.77043764,35.68930096],[139.76812633,35.6886355],[139.76884301,35.68792362],[139.76916552,35.68756768],[139.7696672,35.6869177],[139.77015097,35.68612844],[139.77043764,35.68540108],[139.77063473,35.68489038],[139.77090349,35.68450349],[139.77090349,35.68441064],[139.77086765,35.68386899],[139.77086765,35.68363685],[139.77084974,35.68332734],[139.77083182,35.68272379],[139.7708139,35.68238332],[139.7708139,35.68233689],[139.7708139,35.68227499],[139.77077807,35.68164049],[139.77077807,35.68156311],[139.77077807,35.68148573],[139.77076015,35.68120717],[139.77074223,35.68109884],[139.77074223,35.68105241],[139.77074223,35.68102146],[139.77068848,35.68069647],[139.77067056,35.68065004],[139.77067056,35.68060362],[139.77061681,35.68030958],[139.77061681,35.68024767],[139.7705989,35.68015482],[139.77056306,35.67998459],[139.77050931,35.67956674],[139.77045556,35.6792108],[139.77043764,35.67916438],[139.77043764,35.67910247],[139.77033014,35.67843702],[139.77033014,35.67840607],[139.7702943,35.67839059],[139.77025847,35.67835964],[139.76997179,35.67811203],[139.76993596,35.67808108],[139.76968512,35.67783347],[139.76934469,35.67753943],[139.76923719,35.67744657],[139.76896843,35.67721444],[139.7689326,35.67718349],[139.76889676,35.67713706],[139.76886093,35.67710611],[139.76873551,35.67699778],[139.76857426,35.6768585],[139.76844884,35.67675017],[139.7683055,35.67662636],[139.76801882,35.67636328],[139.76796507,35.67631685],[139.76792924,35.6762859],[139.76792924,35.67627042],[139.76764256,35.67602281],[139.76760673,35.67599186],[139.76732005,35.67574425],[139.7672663,35.67569782],[139.7670513,35.67551211],[139.76683629,35.6753264],[139.76676462,35.67524903],[139.76667504,35.67517165],[139.76667504,35.67515617],[139.76647795,35.67500141],[139.76631669,35.67484666],[139.76629877,35.67484666],[139.76626294,35.67480023],[139.76540292,35.67404192],[139.76534916,35.67398002],[139.7652775,35.67393359],[139.7643458,35.6730979],[139.76427413,35.67305148],[139.76368287,35.67250983],[139.76336036,35.67241697],[139.76262575,35.67221579],[139.76212407,35.67207651],[139.76199865,35.67204556],[139.76171198,35.67196818],[139.76160448,35.67193723],[139.76086987,35.67173604],[139.76076237,35.67170509],[139.76054736,35.67164319],[139.76042194,35.67161224],[139.76024277,35.67155034],[139.75979484,35.67142653],[139.75963359,35.6713801],[139.75952608,35.67134915],[139.75920357,35.67127177],[139.75913191,35.67124082],[139.75882731,35.67116344],[139.7585048,35.67107059],[139.75834355,35.67102416],[139.75832563,35.67102416],[139.75807479,35.67094678],[139.75753728,35.6708075],[139.75701768,35.67065274],[139.75644433,35.67049799],[139.75622932,35.67043609],[139.75612182,35.67040513],[139.75445552,35.66994086],[139.75431219,35.66990991],[139.75286089,35.67026585],[139.75214421,35.67038966],[139.75200087,35.67040513],[139.75183962,35.67043609],[139.75114085,35.67055989],[139.75006582,35.6708075],[139.75001206,35.67082298],[139.74999415,35.67082298],[139.74995831,35.67083845],[139.74951038,35.67083845],[139.74924163,35.67079203],[139.74918787,35.67077655],[139.74911621,35.67071465],[139.74893703,35.67055989],[139.74886537,35.67049799],[139.74884745,35.67048251],[139.7481666,35.66990991],[139.74814868,35.66987896],[139.74780825,35.66961587],[139.74766491,35.66961587],[139.747647,35.66961587],[139.74748574,35.6696623],[139.74721699,35.66990991],[139.74698406,35.67006467],[139.74698406,35.67026585],[139.74696615,35.67049799],[139.74676906,35.67051346],[139.74664364,35.67046704],[139.74623154,35.67051346],[139.74612404,35.67052894],[139.7459807,35.67055989],[139.74537152,35.67066822],[139.7453536,35.67066822],[139.74529985,35.67099321],[139.74521026,35.67100869],[139.74512068,35.67102416],[139.74499526,35.67103964],[139.74413523,35.67117892],[139.74365147,35.6712563],[139.74363355,35.6712563],[139.74345438,35.6713182],[139.74336479,35.67136463],[139.74320354,35.67142653],[139.7431677,35.67145748],[139.74293478,35.67159676],[139.74257644,35.67181342],[139.74228976,35.67199913],[139.74171641,35.67237055],[139.74166266,35.6724015],[139.74160891,35.67243245],[139.74148349,35.67250983],[139.7413939,35.67255626],[139.7412864,35.67261816],[139.74091014,35.67285029],[139.74019345,35.67328361],[139.74001428,35.67339194],[139.73990678,35.67345385],[139.73945885,35.67374788],[139.73936926,35.67380979],[139.73927968,35.67387169],[139.73906467,35.67401097],[139.73906467,35.67402645],[139.73897509,35.6741812],[139.73890342,35.67433596],[139.73876008,35.67459905],[139.73874216,35.67466095],[139.73870633,35.67487761],[139.73865258,35.67500141],[139.73859883,35.67515617],[139.73850924,35.67534188],[139.73847341,35.67541926],[139.73845549,35.67545021],[139.73831215,35.67575972],[139.73822256,35.67594543],[139.73811506,35.67606924],[139.73786422,35.67639423],[139.73752379,35.67687397],[139.73741629,35.67729182],[139.7372192,35.67801917],[139.73718337,35.67809655],[139.73718337,35.67811203],[139.73712962,35.67820488],[139.73702211,35.67839059],[139.7370042,35.67845249],[139.73691461,35.67859178],[139.73686086,35.67870011],[139.73684294,35.67874653],[139.73677127,35.67887034],[139.7364846,35.67882391],[139.73589333,35.67876201],[139.7353379,35.67871558],[139.73503331,35.67871558],[139.73472872,35.67873106],[139.73442412,35.67874653],[139.73417328,35.67877748],[139.73401203,35.67880844],[139.73383286,35.67887034],[139.73358202,35.67905605],[139.73340285,35.67922628],[139.73333118,35.67931913],[139.73331326,35.67933461],[139.73318784,35.67952032],[139.73309825,35.67970603],[139.73300867,35.67990721],[139.73295492,35.68013934],[139.732937,35.68020125],[139.73281158,35.68047981],[139.73263241,35.68061909],[139.73247115,35.6807429],[139.73234573,35.68082028],[139.73198739,35.68106789],[139.73180822,35.68119169],[139.7317903,35.68122264],[139.73171863,35.68126907],[139.73161113,35.68133097],[139.73159321,35.68136192],[139.73150362,35.68150121],[139.73119903,35.68198095],[139.73101986,35.68232142],[139.73100194,35.68236784],[139.7307511,35.68287854],[139.73060777,35.68324996],[139.73057193,35.68332734],[139.73057193,35.68335829],[139.73048235,35.683544],[139.73041068,35.68382256],[139.73032109,35.68425588],[139.73026734,35.68451897],[139.73019567,35.68465825],[139.73017775,35.68470467],[139.730124,35.68490586],[139.730124,35.68493681],[139.73007025,35.68512252],[139.73005233,35.68523085],[139.7300165,35.6853856],[139.72999858,35.68554036],[139.73005233,35.68571059],[139.73008817,35.68578797],[139.73015984,35.68592725],[139.73019567,35.68606654],[139.73024942,35.68631415],[139.73026734,35.68645343],[139.73026734,35.68649985],[139.73026734,35.68662366],[139.73028526,35.68671651],[139.73037484,35.68696413],[139.73066152,35.68753673],[139.73076902,35.68787719],[139.73078694,35.68810933],[139.73084069,35.68829504],[139.73094819,35.68848074],[139.73101986,35.6886355],[139.73103778,35.68875931],[139.73109153,35.68897597],[139.73118112,35.6891462],[139.73123487,35.68922358],[139.7313782,35.68939381],[139.73157529,35.68957952],[139.73166488,35.68962594],[139.73207697,35.68979618],[139.73229198,35.68988903],[139.7325249,35.69001284],[139.73254282,35.69001284],[139.73281158,35.69016759],[139.73311617,35.69036878],[139.73333118,35.69052353],[139.73399411,35.69097233],[139.73406578,35.69101876],[139.73437037,35.69120447],[139.73496164,35.69151398],[139.73526623,35.69166874],[139.73531998,35.69169969],[139.73571416,35.69190087],[139.73583958,35.69196277],[139.7360725,35.69208658],[139.73614417,35.69211753],[139.73616209,35.69211753],[139.73628751,35.69219491],[139.73673544,35.69250442],[139.7370042,35.69273656],[139.73757755,35.69323178],[139.73779255,35.69344844],[139.73782839,35.69352582],[139.73822256,35.69395914],[139.73886758,35.6946865],[139.73908259,35.69499601],[139.73933343,35.69536743],[139.73935135,35.6953829],[139.73997845,35.69629597],[139.74144766,35.69816853],[139.74144766,35.698184],[139.74160891,35.69838519],[139.74166266,35.69846257],[139.74205684,35.69892684],[139.74270186,35.69968515],[139.74282728,35.69979348],[139.74293478,35.69988633],[139.74302437,35.69999466],[139.74304228,35.70001013],[139.74320354,35.70021132],[139.7434723,35.70052083],[139.74361563,35.70069107],[139.74374105,35.70084582],[139.74411731,35.70127914],[139.74372314,35.70160413],[139.7436873,35.70163508],[139.74384856,35.70177436],[139.74392023,35.70183627],[139.74402773,35.70192912],[139.74413523,35.70202197],[139.74429649,35.70216126],[139.7443144,35.70216126],[139.74445774,35.70230054],[139.74447566,35.70230054],[139.74458316,35.70231601],[139.74469066,35.70223863],[139.74474442,35.70225411],[139.74479817,35.70226959],[139.74497734,35.70237792],[139.74499526,35.70237792],[139.74510276,35.70243982],[139.74512068,35.70245529],[139.74526401,35.7025172],[139.74538943,35.70259458],[139.74556861,35.70270291],[139.74564027,35.70274933],[139.7458732,35.70290409],[139.7459807,35.70299694],[139.74599862,35.70299694],[139.74601653,35.70301242],[139.74646446,35.70312075],[139.7467153,35.70316718],[139.74676906,35.70312075],[139.74802326,35.7031517],[139.74906245,35.70312075],[139.74972539,35.70302789],[139.74999415,35.70291957],[139.75001206,35.70290409],[139.75031666,35.70278028],[139.75053166,35.70271838],[139.75081834,35.70265648],[139.75282506,35.70250172],[139.7541151,35.70236244],[139.75533346,35.70211483],[139.75560222,35.70205293],[139.7558889,35.7020065],[139.75719685,35.70171246],[139.75762686,35.70169699],[139.75832563,35.70166603],[139.75834355,35.70166603],[139.75848689,35.70166603],[139.76065487,35.70163508],[139.76129988,35.70158866],[139.76181948,35.70146485],[139.76224949,35.70126367],[139.76291243,35.70062916],[139.76344994,35.70031965],[139.7636112,35.7002887],[139.76456081,35.70001013],[139.76459664,35.69999466],[139.76563584,35.69973157],[139.76603002,35.69963872],[139.76622711,35.69973157],[139.76638836,35.69979348],[139.76642419,35.69980895],[139.76654961,35.69987085],[139.76667504,35.69991728],[139.76685421,35.69999466],[139.76710505,35.70011846],[139.76728422,35.70007204],[139.76732005,35.70007204],[139.76733797,35.70005656],[139.76748131,35.70002561],[139.76755298,35.69999466],[139.76828758,35.69970062],[139.76834133,35.69980895],[139.76839508,35.69991728],[139.76843092,35.69999466],[139.76850259,35.70013394],[139.7677859,35.70067559],[139.76769631,35.70073749],[139.76787549,35.70096963],[139.76744547,35.70117081],[139.76730214,35.70101605],[139.76719463,35.70110891],[139.7671588,35.70117081],[139.76683629,35.7014958],[139.76667504,35.70160413],[139.76640628,35.70178984],[139.76654961,35.70211483],[139.76656753,35.70216126],[139.76667504,35.70239339],[139.76667504,35.70240887],[139.76676462,35.702641],[139.76783965,35.70259458],[139.76787549,35.70273386],[139.76809049,35.70274933],[139.76809049,35.70295052],[139.76807257,35.7030898],[139.76807257,35.70329098],[139.76807257,35.70333741],[139.76805466,35.70346121],[139.76821591,35.70346121],[139.76837717,35.70344574],[139.76844884,35.70344574],[139.76848467,35.70344574],[139.76875343,35.70343026],[139.76878926,35.70343026],[139.76905802,35.70341479],[139.76909385,35.70341479],[139.76912969,35.70341479],[139.76932678,35.70339931],[139.76957762,35.70338384],[139.76968512,35.70338384],[139.76990013,35.70336836],[139.76997179,35.70367787],[139.76998971,35.7037243],[139.76998971,35.70377073],[139.77009722,35.70418857],[139.77009722,35.70451356],[139.77009722,35.70459094],[139.77011513,35.70468379],[139.77013305,35.70519449],[139.77013305,35.70522544],[139.77013305,35.70525639],[139.77013305,35.70534925],[139.77020472,35.70534925],[139.77033014,35.70533377],[139.77036597,35.70533377],[139.77043764,35.7053183],[139.77129767,35.70525639],[139.77135142,35.70524092],[139.77138725,35.70524092],[139.77181726,35.70520997],[139.77264145,35.70513259],[139.77267729,35.70513259],[139.77289229,35.70510164],[139.77303563,35.70510164],[139.77303563,35.70507069],[139.77303563,35.70502426],[139.77301771,35.70496236],[139.77296396,35.70443618],[139.77294605,35.7043588],[139.77287438,35.70377073],[139.77287438,35.70373978],[139.77287438,35.70370883],[139.77278479,35.70312075],[139.77287438,35.70312075],[139.77291021,35.70310527],[139.77330439,35.70307432],[139.77332231,35.70307432],[139.77337606,35.70305885],[139.77366273,35.70304337],[139.77360898,35.70293504],[139.77353731,35.70273386],[139.77317897,35.70188269],[139.77326855,35.70185174],[139.77355523,35.70174341],[139.77375232,35.70166603],[139.774254,35.70148033],[139.77448692,35.70140295],[139.77457651,35.701372],[139.77459443,35.70135652],[139.77466609,35.70132557],[139.77471985,35.70131009],[139.77500652,35.70121724],[139.77509611,35.70117081],[139.77536486,35.70107796],[139.77545445,35.70104701],[139.7756157,35.7009851],[139.77563362,35.7009851],[139.77575904,35.70093868],[139.77583071,35.70090772],[139.77615322,35.7007994],[139.77627864,35.70075297],[139.77663698,35.70061369],[139.77688782,35.70059821],[139.77694158,35.70059821],[139.7784287,35.70047441],[139.77871538,35.70045893],[139.7790558,35.70042798],[139.77910955,35.70042798],[139.77914539,35.70042798],[139.780095,35.7003506],[139.78018458,35.7003506],[139.78039959,35.70033512],[139.78038167,35.7002887],[139.78036376,35.70019584],[139.78034584,35.70005656],[139.78032792,35.69999466],[139.780095,35.6987566],[139.780095,35.6986947],[139.77996958,35.69807567],[139.78007708,35.69807567],[139.7802025,35.6980602],[139.78031,35.69804472],[139.78070418,35.69801377],[139.78118795,35.69798282],[139.78125961,35.69796734],[139.78170754,35.69793639],[139.78174338,35.69793639],[139.78177921,35.69792092],[139.78226298,35.69788996],[139.78231673,35.69788996],[139.78235256,35.69787449],[139.78265715,35.69785901],[139.78265715,35.69776616],[139.78265715,35.69771973],[139.78263924,35.6975495],[139.78262132,35.69736379],[139.7826034,35.69728641],[139.78256757,35.696915],[139.78256757,35.69686857],[139.78256757,35.69677571],[139.78256757,35.69676024],[139.78254965,35.69669834],[139.78254965,35.69657453]]]]}},{"type":"Feature","properties":{"OBJECTID":2,"N03_001":"東京都","N03_002":null,"N03_003":null,"N03_004":"中央区","N03_007":"13102","Shape_Leng":0.170038062034129,"Shape_Area":0.001017779002559,"id":"gci:13102A1968"},"geometry":{"type":"MultiPolygon","coordinates":[[[[139.78891025,35.69470197],[139.78873107,35.69403652],[139.78864149,35.69338654],[139.78873107,35.692458],[139.78891025,35.69166874],[139.78891025,35.69165326],[139.78916109,35.69103423],[139.78937609,35.69064734],[139.78964485,35.69018307],[139.79039737,35.68928548],[139.79166949,35.68795457],[139.79195617,35.68766053],[139.7920995,35.68747482],[139.79236826,35.68710341],[139.79265494,35.6864689],[139.79274452,35.68600463],[139.79274452,35.68515347],[139.79263702,35.68437968],[139.79238618,35.68348209],[139.79229659,35.68332734],[139.79211742,35.6830333],[139.79186658,35.68256903],[139.79179491,35.68249165],[139.79166949,35.68235237],[139.79166949,35.68233689],[139.79113198,35.68171787],[139.79077363,35.68123812],[139.78982402,35.68004649],[139.78923276,35.67935008],[139.78908942,35.67916438],[139.788964,35.67896319],[139.78869524,35.6785144],[139.78785313,35.6769823],[139.78758438,35.6762859],[139.78756646,35.67625495],[139.78753062,35.67616209],[139.78727978,35.67509427],[139.78726187,35.67500141],[139.78717228,35.67450619],[139.78711853,35.67390264],[139.78715436,35.67292767],[139.78717228,35.67227769],[139.7872977,35.67147296],[139.78754854,35.67062179],[139.78779938,35.66990991],[139.78794272,35.66969325],[139.78858774,35.66786712],[139.78874899,35.66740285],[139.7888565,35.6669231],[139.78891025,35.66666002],[139.78894608,35.66653621],[139.7890715,35.66563862],[139.78912525,35.66467913],[139.78916109,35.66362678],[139.78908942,35.66224944],[139.78912525,35.66101139],[139.78912525,35.6607483],[139.78923276,35.65915431],[139.78928651,35.65884479],[139.78935818,35.65833409],[139.78937609,35.65822576],[139.78941193,35.65793173],[139.78950151,35.65698771],[139.7895911,35.65626035],[139.78951943,35.65626035],[139.78853399,35.65618297],[139.78831898,35.65604369],[139.78805022,35.65585798],[139.78776355,35.6556568],[139.78631226,35.65466635],[139.78607933,35.6545116],[139.78579266,35.65432589],[139.78543432,35.65407828],[139.78518347,35.65390805],[139.78480721,35.65366043],[139.78444887,35.65341282],[139.78444887,35.6534283],[139.78428762,35.65331997],[139.78419803,35.65325807],[139.7838576,35.65302593],[139.7837501,35.65294855],[139.78366052,35.65288665],[139.78349926,35.65277832],[139.78333801,35.65266999],[139.78296175,35.6524069],[139.78240631,35.65205096],[139.78185088,35.65166407],[139.78151045,35.65144741],[139.78140295,35.65137003],[139.78115211,35.6511998],[139.78086544,35.65101409],[139.78081168,35.65096766],[139.78075793,35.65093671],[139.78070418,35.65090576],[139.78066835,35.65087481],[139.78059668,35.65082838],[139.78018458,35.65054982],[139.77973665,35.65058077],[139.77973665,35.6505653],[139.77950373,35.65058077],[139.77864371,35.64999269],[139.77636823,35.6484606],[139.77500652,35.64753206],[139.77278479,35.64604639],[139.77274896,35.64604639],[139.77194268,35.64683565],[139.77188893,35.64688208],[139.77104683,35.64771777],[139.77099307,35.64777967],[139.77031222,35.6484606],[139.77013305,35.64863083],[139.77000763,35.64853798],[139.76997179,35.64856893],[139.77009722,35.64866179],[139.76948803,35.64926534],[139.76981054,35.649482],[139.76990013,35.64940462],[139.77040181,35.64976056],[139.77033014,35.64983794],[139.77058098,35.64999269],[139.77271312,35.65144741],[139.77276687,35.65147836],[139.77240853,35.65181883],[139.7723727,35.65186525],[139.77212186,35.65211286],[139.77176351,35.65245333],[139.77163809,35.65259261],[139.76835925,35.65037959],[139.76764256,35.65107599],[139.76730214,35.65106052],[139.76724838,35.65166407],[139.76723047,35.65186525],[139.76721255,35.65198906],[139.76721255,35.65209739],[139.76719463,35.65222119],[139.76717672,35.652345],[139.7671588,35.65256166],[139.7671588,35.65268547],[139.76708713,35.65339735],[139.76740964,35.65341282],[139.76723047,35.655208],[139.76809049,35.6557806],[139.76964929,35.65426399],[139.77065265,35.65494492],[139.76930886,35.65627583],[139.76921927,35.65621392],[139.76878926,35.65663177],[139.76809049,35.65729722],[139.76721255,35.65811743],[139.76706921,35.65802458],[139.76667504,35.65773054],[139.76667504,35.65771507],[139.76567167,35.65698771],[139.76563584,35.65701866],[139.7647579,35.65638416],[139.76457873,35.6561675],[139.76404121,35.65646153],[139.76348578,35.65675557],[139.76316327,35.656802],[139.76271534,35.65706509],[139.76047569,35.65833409],[139.75999193,35.65859718],[139.75974109,35.65870551],[139.75952608,35.65879836],[139.75947233,35.65882932],[139.75934691,35.65887574],[139.75923941,35.65892217],[139.75900649,35.65899955],[139.75871981,35.65932454],[139.75859439,35.65946382],[139.75834355,35.65975786],[139.75832563,35.65975786],[139.75812854,35.65998999],[139.75832563,35.66098044],[139.75834355,35.66099591],[139.75843314,35.66152209],[139.75846897,35.66164589],[139.75845105,35.66269824],[139.7583973,35.66323989],[139.75836147,35.66375059],[139.75834355,35.66382796],[139.75834355,35.66388987],[139.75832563,35.66392082],[139.75832563,35.66402915],[139.75830772,35.6640601],[139.75803896,35.66542196],[139.7578777,35.66666002],[139.7578777,35.66670644],[139.7578777,35.66684572],[139.7578777,35.66766594],[139.75807479,35.66867186],[139.75794937,35.66870281],[139.75791354,35.66871828],[139.75696393,35.66901232],[139.75692809,35.6690278],[139.75687434,35.66904327],[139.7566235,35.66910518],[139.75565597,35.66944564],[139.75549472,35.66950754],[139.75431219,35.66990991],[139.75445552,35.66994086],[139.75612182,35.67040513],[139.75622932,35.67043609],[139.75644433,35.67049799],[139.75701768,35.67065274],[139.75753728,35.6708075],[139.75807479,35.67094678],[139.75832563,35.67102416],[139.75834355,35.67102416],[139.7585048,35.67107059],[139.75882731,35.67116344],[139.75913191,35.67124082],[139.75920357,35.67127177],[139.75952608,35.67134915],[139.75963359,35.6713801],[139.75979484,35.67142653],[139.76024277,35.67155034],[139.76042194,35.67161224],[139.76054736,35.67164319],[139.76076237,35.67170509],[139.76086987,35.67173604],[139.76160448,35.67193723],[139.76171198,35.67196818],[139.76199865,35.67204556],[139.76212407,35.67207651],[139.76262575,35.67221579],[139.76336036,35.67241697],[139.76368287,35.67250983],[139.76427413,35.67305148],[139.7643458,35.6730979],[139.7652775,35.67393359],[139.76534916,35.67398002],[139.76540292,35.67404192],[139.76626294,35.67480023],[139.76629877,35.67484666],[139.76631669,35.67484666],[139.76647795,35.67500141],[139.76667504,35.67515617],[139.76667504,35.67517165],[139.76676462,35.67524903],[139.76683629,35.6753264],[139.7670513,35.67551211],[139.7672663,35.67569782],[139.76732005,35.67574425],[139.76760673,35.67599186],[139.76764256,35.67602281],[139.76792924,35.67627042],[139.76792924,35.6762859],[139.76796507,35.67631685],[139.76801882,35.67636328],[139.7683055,35.67662636],[139.76844884,35.67675017],[139.76857426,35.6768585],[139.76873551,35.67699778],[139.76886093,35.67710611],[139.76889676,35.67713706],[139.7689326,35.67718349],[139.76896843,35.67721444],[139.76923719,35.67744657],[139.76934469,35.67753943],[139.76968512,35.67783347],[139.76993596,35.67808108],[139.76997179,35.67811203],[139.77025847,35.67835964],[139.7702943,35.67839059],[139.77033014,35.67840607],[139.77033014,35.67843702],[139.77043764,35.67910247],[139.77043764,35.67916438],[139.77045556,35.6792108],[139.77050931,35.67956674],[139.77056306,35.67998459],[139.7705989,35.68015482],[139.77061681,35.68024767],[139.77061681,35.68030958],[139.77067056,35.68060362],[139.77067056,35.68065004],[139.77068848,35.68069647],[139.77074223,35.68102146],[139.77074223,35.68105241],[139.77074223,35.68109884],[139.77076015,35.68120717],[139.77077807,35.68148573],[139.77077807,35.68156311],[139.77077807,35.68164049],[139.7708139,35.68227499],[139.7708139,35.68233689],[139.7708139,35.68238332],[139.77083182,35.68272379],[139.77084974,35.68332734],[139.77086765,35.68363685],[139.77086765,35.68386899],[139.77090349,35.68441064],[139.77090349,35.68450349],[139.77063473,35.68489038],[139.77043764,35.68540108],[139.77015097,35.68612844],[139.7696672,35.6869177],[139.76916552,35.68756768],[139.76884301,35.68792362],[139.76812633,35.6886355],[139.77043764,35.68930096],[139.77102891,35.68947119],[139.77108266,35.68948666],[139.77187102,35.68973427],[139.77233686,35.68987356],[139.77246228,35.68991998],[139.77260562,35.68996641],[139.7738419,35.69038425],[139.77389566,35.69039973],[139.77452276,35.69061639],[139.77489902,35.69075567],[139.77495277,35.69077115],[139.77500652,35.69078662],[139.77511402,35.69083305],[139.77523944,35.69087948],[139.7752932,35.69089495],[139.77600988,35.69117351],[139.77608155,35.69118899],[139.77656531,35.69135922],[139.77661907,35.69139017],[139.77667282,35.69140565],[139.77742534,35.69166874],[139.77751492,35.69169969],[139.77762243,35.69174611],[139.77771201,35.69176159],[139.77864371,35.69219491],[139.77873329,35.69225681],[139.77880496,35.69231872],[139.77979041,35.69301512],[139.77982624,35.69304607],[139.77996958,35.69313893],[139.77998749,35.6931544],[139.78022042,35.69296869],[139.78023834,35.69298417],[139.78029209,35.6930306],[139.78032792,35.69304607],[139.78100877,35.6935413],[139.78109836,35.6936032],[139.78120586,35.69368058],[139.7812417,35.69371153],[139.78203005,35.6942996],[139.78206589,35.69433056],[139.78210172,35.69434603],[139.78254965,35.69470197],[139.78258548,35.69471745],[139.78251382,35.69477935],[139.78217339,35.69507339],[139.78211964,35.69511982],[139.7819763,35.69524362],[139.78199422,35.69539838],[139.78201214,35.69566146],[139.78201214,35.69570789],[139.78204797,35.69609478],[139.78206589,35.69614121],[139.78206589,35.69618764],[139.78206589,35.69626502],[139.78253173,35.69621859],[139.78253173,35.69637335],[139.78253173,35.69638882],[139.78253173,35.69641977],[139.78254965,35.69657453],[139.78333801,35.6964662],[139.78340967,35.69645073],[139.78459221,35.69606383],[139.78547015,35.69578527],[139.78548807,35.69578527],[139.78590016,35.69564599],[139.78738729,35.69518172],[139.78891025,35.69470197]]]]}},{"type":"Feature","properties":{"N03_001":"東京都","N03_002":null,"N03_003":null,"N03_004":"港区","N03_007":"13103","id":"gci:13103A1968"},"geometry":{"type":"MultiPolygon","coordinates":[[[[139.77129767,35.6284041],[139.77127975,35.6284041],[139.77126183,35.6284041],[139.77124391,35.6284041],[139.771226,35.6284041],[139.77120808,35.62838863],[139.77119016,35.62837315],[139.77117225,35.62837315],[139.77115433,35.62838863],[139.77113641,35.6284041],[139.77113641,35.62841958],[139.77113641,35.62843505],[139.77113641,35.62845053],[139.77115433,35.62846601],[139.77117225,35.62846601],[139.77117225,35.62848148],[139.77119016,35.62848148],[139.77120808,35.62848148],[139.77124391,35.62848148],[139.77126183,35.62846601],[139.77127975,35.62846601],[139.77129767,35.62845053],[139.77129767,35.62843505],[139.77129767,35.62841958],[139.77129767,35.6284041]]],[[[139.76689004,35.62773865],[139.76717672,35.62756842],[139.76760673,35.62733628],[139.76755298,35.62727438],[139.76712296,35.62750651],[139.76701546,35.62756842],[139.76690796,35.62747556],[139.76667504,35.62759937],[139.76667504,35.62758389],[139.76667504,35.62756842],[139.76662128,35.62750651],[139.7666392,35.62750651],[139.76651378,35.62733628],[139.76649586,35.62730533],[139.76646003,35.62728985],[139.76640628,35.6272589],[139.76637044,35.6272589],[139.76633461,35.62724343],[139.76629877,35.62722795],[139.76624502,35.62722795],[139.76620919,35.62722795],[139.76615544,35.62724343],[139.7661196,35.6272589],[139.76608377,35.62727438],[139.76604793,35.62730533],[139.76603002,35.62733628],[139.7660121,35.62736723],[139.76599418,35.62741366],[139.76597627,35.62742913],[139.76597627,35.62747556],[139.76599418,35.62750651],[139.76599418,35.62753746],[139.7660121,35.62758389],[139.76604793,35.62761484],[139.76610169,35.6277077],[139.76613752,35.62769222],[139.76667504,35.62837315],[139.76667504,35.62838863],[139.76732005,35.62922431],[139.7676784,35.62967311],[139.7676784,35.62968859],[139.76769631,35.62970406],[139.76771423,35.62971954],[139.76773215,35.62971954],[139.76775007,35.62971954],[139.7677859,35.62971954],[139.76780382,35.62971954],[139.76782173,35.62970406],[139.7678934,35.62968859],[139.76792924,35.62967311],[139.76796507,35.62965763],[139.76800091,35.62962668],[139.76803674,35.62961121],[139.76809049,35.62958026],[139.76812633,35.62956478],[139.76814424,35.6295493],[139.76816216,35.62953383],[139.76816216,35.62951835],[139.76818008,35.62950288],[139.76818008,35.6294874],[139.76818008,35.62947193],[139.76816216,35.62945645],[139.76816216,35.62944097],[139.76816216,35.6294255],[139.76816216,35.62941002],[139.76816216,35.62937907],[139.76814424,35.62934812],[139.76814424,35.62933264],[139.76814424,35.62931717],[139.76814424,35.62930169],[139.76812633,35.62927074],[139.76810841,35.62925527],[139.76807257,35.62923979],[139.76805466,35.62923979],[139.76801882,35.62922431],[139.76800091,35.62922431],[139.76798299,35.62922431],[139.76796507,35.62920884],[139.76794715,35.62920884],[139.76792924,35.62919336],[139.76791132,35.62919336],[139.76771423,35.62893028],[139.76730214,35.62838863],[139.76685421,35.6278315],[139.76685421,35.62781603],[139.76685421,35.62780055],[139.76685421,35.62778508],[139.76685421,35.6277696],[139.76685421,35.62775412],[139.76687212,35.62773865],[139.76689004,35.62773865]]],[[[139.77022264,35.63199446],[139.77045556,35.63168495],[139.77043764,35.63166947],[139.77036597,35.6317778],[139.77022264,35.63173138],[139.77016888,35.6317159],[139.77011513,35.63170043],[139.77006138,35.63166947],[139.77000763,35.631654],[139.76995388,35.63162305],[139.76990013,35.6315921],[139.76986429,35.63156114],[139.76982846,35.63153019],[139.76979262,35.63149924],[139.76975679,35.63146829],[139.76973887,35.63142186],[139.76972095,35.63139091],[139.76972095,35.63135996],[139.76972095,35.63132901],[139.76972095,35.63129806],[139.76970304,35.63126711],[139.76968512,35.63125163],[139.7696672,35.63123615],[139.76959553,35.6312052],[139.76957762,35.63117425],[139.76954178,35.63115878],[139.76952387,35.63112782],[139.76950595,35.63109687],[139.76950595,35.6310814],[139.76948803,35.63106592],[139.76947011,35.63105045],[139.7694522,35.63105045],[139.76941636,35.63103497],[139.76939845,35.6310195],[139.76938053,35.63100402],[139.76936261,35.63095759],[139.76934469,35.63092664],[139.76934469,35.63089569],[139.76934469,35.63086474],[139.76932678,35.63083379],[139.76929094,35.63080284],[139.76927303,35.63078736],[139.76925511,35.63077188],[139.76921927,35.63075641],[139.76920136,35.63074093],[139.76918344,35.63072546],[139.76916552,35.63070998],[139.76859217,35.6299981],[139.76857426,35.62998262],[139.76855634,35.62996715],[139.76853842,35.62995167],[139.7685205,35.62995167],[139.76850259,35.6299362],[139.76848467,35.6299362],[139.76844884,35.6299362],[139.76843092,35.6299362],[139.76839508,35.62995167],[139.76837717,35.62995167],[139.76810841,35.63009095],[139.76809049,35.63010643],[139.76809049,35.6301219],[139.76807257,35.63015286],[139.76807257,35.63016833],[139.76809049,35.63018381],[139.76810841,35.63021476],[139.76871759,35.6310195],[139.7696672,35.63224207],[139.76970304,35.6322885],[139.76973887,35.6323504],[139.76975679,35.63236588],[139.76977471,35.63239683],[139.76979262,35.63241231],[139.76981054,35.63241231],[139.76984637,35.63242778],[139.76988221,35.63244326],[139.76990013,35.63244326],[139.76993596,35.63245873],[139.76995388,35.63245873],[139.76998971,35.63245873],[139.77000763,35.63245873],[139.77004346,35.63244326],[139.77006138,35.63242778],[139.7700793,35.63241231],[139.77009722,35.63241231],[139.77011513,35.63239683],[139.77015097,35.63238136],[139.77016888,35.63236588],[139.77020472,35.63233493],[139.77022264,35.63231945],[139.77024055,35.6322885],[139.77024055,35.63225755],[139.77025847,35.6322266],[139.77025847,35.63219565],[139.77025847,35.63214922],[139.77024055,35.63211827],[139.77022264,35.63199446]]],[[[139.75941858,35.62800173],[139.75834355,35.62795531],[139.75832563,35.62795531],[139.7576627,35.62793983],[139.75742977,35.62792436],[139.75744769,35.62772317],[139.75748353,35.62602085],[139.75751936,35.62499945],[139.75753728,35.6243959],[139.75753728,35.62430304],[139.75755519,35.62408638],[139.75615765,35.62405543],[139.75569181,35.62403996],[139.75465261,35.62402448],[139.75443761,35.62402448],[139.75361342,35.62405543],[139.75352383,35.62405543],[139.75350591,35.62405543],[139.75357758,35.62499945],[139.75361342,35.62544825],[139.75352383,35.62544825],[139.75354175,35.62564943],[139.75361342,35.62564943],[139.75363133,35.62598989],[139.75355966,35.62598989],[139.75355966,35.62609822],[139.75364925,35.62609822],[139.75379259,35.62823387],[139.75382842,35.62857434],[139.75384634,35.62880647],[139.75379259,35.62880647],[139.75379259,35.62893028],[139.75381051,35.62902313],[139.75386426,35.62902313],[139.75388217,35.62919336],[139.75388217,35.62934812],[139.75390009,35.62937907],[139.75390009,35.62951835],[139.75391801,35.62970406],[139.75398968,35.63067903],[139.75400759,35.63092664],[139.75407926,35.63105045],[139.75407926,35.63106592],[139.75415093,35.63125163],[139.75418677,35.63132901],[139.75420468,35.63135996],[139.7542226,35.63140639],[139.75461678,35.6322266],[139.7546347,35.63230398],[139.75470636,35.63230398],[139.75470636,35.6323504],[139.75465261,35.6323504],[139.75472428,35.63245873],[139.75511846,35.63334085],[139.7552618,35.63360394],[139.75567389,35.63361941],[139.75567389,35.63371227],[139.75617557,35.63372774],[139.75617557,35.63371227],[139.7564085,35.63371227],[139.75653392,35.63371227],[139.75658767,35.63371227],[139.75658767,35.63365036],[139.75660558,35.63361941],[139.75685642,35.63361941],[139.75701768,35.63361941],[139.75701768,35.63365036],[139.75692809,35.63365036],[139.75692809,35.63372774],[139.75723269,35.63372774],[139.75723269,35.63368131],[139.75716102,35.63368131],[139.75716102,35.63361941],[139.7572506,35.63361941],[139.75726852,35.63361941],[139.75753728,35.63361941],[139.75755519,35.63361941],[139.75769853,35.63361941],[139.75771645,35.63361941],[139.75784187,35.63361941],[139.75784187,35.63366584],[139.75794937,35.63366584],[139.75794937,35.63369679],[139.75789562,35.63369679],[139.75789562,35.63372774],[139.7578777,35.63372774],[139.7578777,35.63378964],[139.75800312,35.63380512],[139.75800312,35.63369679],[139.75803896,35.63369679],[139.75803896,35.63361941],[139.75832563,35.63361941],[139.75834355,35.63361941],[139.75916774,35.63363489],[139.75918566,35.63361941],[139.75920357,35.63358846],[139.75920357,35.63334085],[139.75941858,35.62800173]]],[[[139.75852272,35.63380512],[139.75852272,35.63372774],[139.7583973,35.63372774],[139.75841522,35.63380512],[139.75852272,35.63380512]]],[[[139.76667504,35.63298491],[139.7665317,35.63292301],[139.76556417,35.63320157],[139.76554625,35.63321704],[139.76554625,35.63323252],[139.76552834,35.63326347],[139.76552834,35.6333099],[139.76552834,35.63334085],[139.76554625,35.6333718],[139.76558209,35.63349561],[139.7656,35.63354203],[139.76561792,35.63358846],[139.76563584,35.63361941],[139.76565376,35.63366584],[139.76568959,35.63369679],[139.76570751,35.63374322],[139.76574334,35.63378964],[139.76576126,35.63383607],[139.76577918,35.6338825],[139.76579709,35.63392893],[139.76581501,35.63397535],[139.76581501,35.63403726],[139.76581501,35.63408368],[139.76583293,35.63411463],[139.76585085,35.63414559],[139.76586876,35.63417654],[139.7659046,35.63420749],[139.76594043,35.63423844],[139.76595835,35.63426939],[139.76597627,35.63428487],[139.76597627,35.63430034],[139.76597627,35.63433129],[139.76599418,35.63433129],[139.76603002,35.63436224],[139.76604793,35.63437772],[139.76608377,35.6343932],[139.76613752,35.63440867],[139.76617335,35.63440867],[139.76620919,35.63442415],[139.76626294,35.63440867],[139.76629877,35.63440867],[139.76635253,35.6343932],[139.76640628,35.63437772],[139.76646003,35.63434677],[139.76649586,35.63434677],[139.76654961,35.63433129],[139.76662128,35.63431582],[139.76667504,35.63430034],[139.76676462,35.63426939],[139.76683629,35.63425391],[139.76689004,35.63423844],[139.76694379,35.63422296],[139.76701546,35.63422296],[139.76708713,35.63420749],[139.76714088,35.63420749],[139.76719463,35.63420749],[139.7672663,35.63420749],[139.76732005,35.63419201],[139.76735589,35.63419201],[139.76746339,35.63414559],[139.76749923,35.63413011],[139.76753506,35.63411463],[139.76757089,35.63409916],[139.76758881,35.63408368],[139.76760673,35.63406821],[139.76762465,35.63405273],[139.76762465,35.63403726],[139.76762465,35.63402178],[139.76762465,35.6340063],[139.76760673,35.63399083],[139.76758881,35.63397535],[139.76758881,35.63395988],[139.76757089,35.6339444],[139.76755298,35.63391345],[139.76755298,35.6338825],[139.76753506,35.63380512],[139.76753506,35.63377417],[139.76753506,35.63372774],[139.76751714,35.63371227],[139.76749923,35.63368131],[139.76748131,35.63366584],[139.76746339,35.63365036],[139.76739172,35.63360394],[139.76728422,35.63334085],[139.76723047,35.63320157],[139.7670513,35.63312419],[139.76667504,35.63298491]]],[[[139.78237048,35.62950288],[139.78213756,35.62937907],[139.78194047,35.62927074],[139.78176129,35.62917789],[139.78161796,35.62910051],[139.78031,35.62841958],[139.77875121,35.62759937],[139.7779091,35.62716605],[139.777282,35.62681011],[139.77678032,35.62653154],[139.77647573,35.62636131],[139.77572321,35.62592799],[139.77500652,35.62551015],[139.77412858,35.62499945],[139.77411066,35.62498397],[139.77377024,35.62478279],[139.77346564,35.62458161],[139.77294605,35.62425662],[139.77167393,35.62335903],[139.77142309,35.62318879],[139.77135142,35.62314237],[139.77104683,35.62354474],[139.77000763,35.62489112],[139.76991804,35.62499945],[139.76979262,35.62516968],[139.76902218,35.62608275],[139.76886093,35.62626846],[139.76873551,35.62643869],[139.76880718,35.62648512],[139.7688251,35.62648512],[139.76887885,35.62651607],[139.76889676,35.62651607],[139.76898635,35.62657797],[139.76898635,35.6266244],[139.76896843,35.62665535],[139.76896843,35.62667083],[139.76896843,35.6266863],[139.76898635,35.62671725],[139.76898635,35.62673273],[139.76902218,35.6267482],[139.7690401,35.6267482],[139.76905802,35.62676368],[139.76907594,35.6267482],[139.76909385,35.6267482],[139.76911177,35.6267482],[139.76912969,35.62676368],[139.76916552,35.62677916],[139.76925511,35.62682558],[139.76929094,35.62684106],[139.76932678,35.62687201],[139.76936261,35.62691844],[139.76941636,35.62694939],[139.7694522,35.62698034],[139.76950595,35.62699581],[139.76957762,35.62702677],[139.76963137,35.62704224],[139.7696672,35.62704224],[139.76968512,35.62704224],[139.76970304,35.62704224],[139.76972095,35.62705772],[139.76979262,35.62708867],[139.76986429,35.6271351],[139.76991804,35.62716605],[139.76998971,35.62722795],[139.77009722,35.62728985],[139.77016888,35.62733628],[139.77020472,35.62735176],[139.77024055,35.62736723],[139.77034806,35.62739818],[139.77049139,35.62746009],[139.77056306,35.62749104],[139.77061681,35.62752199],[139.77067056,35.62755294],[139.77088557,35.62775412],[139.77102891,35.62786245],[139.77113641,35.62797078],[139.77119016,35.62801721],[139.77120808,35.62804816],[139.77124391,35.62809459],[139.77124391,35.62812554],[139.77126183,35.62818744],[139.77127975,35.62821839],[139.77127975,35.62826482],[139.77127975,35.62829577],[139.77129767,35.62831125],[139.77129767,35.62832672],[139.7713335,35.62832672],[139.77136933,35.62832672],[139.77140517,35.62832672],[139.77145892,35.62831125],[139.77158434,35.62829577],[139.77187102,35.62826482],[139.77192477,35.62826482],[139.7719606,35.62826482],[139.77201435,35.62826482],[139.77205019,35.6282803],[139.77212186,35.62831125],[139.77219352,35.62835768],[139.77233686,35.62845053],[139.77242645,35.62849696],[139.77274896,35.62866719],[139.77276687,35.62866719],[139.77278479,35.62868267],[139.77278479,35.62869814],[139.77280271,35.62872909],[139.77280271,35.62874457],[139.77282063,35.62874457],[139.77260562,35.62902313],[139.77255187,35.62899218],[139.77249812,35.62905408],[139.77256979,35.62910051],[139.77287438,35.62872909],[139.77312522,35.62888385],[139.77357315,35.62911598],[139.7736269,35.62914694],[139.77398524,35.62934812],[139.77402108,35.62934812],[139.77398524,35.62982787],[139.77394941,35.62982787],[139.77389566,35.62990525],[139.77391357,35.62992072],[139.77389566,35.6299362],[139.77389566,35.62995167],[139.77389566,35.62996715],[139.77391357,35.62996715],[139.77394941,35.62996715],[139.77396732,35.62996715],[139.77398524,35.62996715],[139.77400316,35.62995167],[139.77402108,35.6299362],[139.77403899,35.62992072],[139.77403899,35.62990525],[139.77403899,35.62988977],[139.77405691,35.62987429],[139.77405691,35.62984334],[139.77405691,35.62979692],[139.77405691,35.62976596],[139.77405691,35.62975049],[139.77407483,35.62975049],[139.77412858,35.62976596],[139.77416441,35.62976596],[139.77420025,35.62976596],[139.774254,35.62978144],[139.77430775,35.62981239],[139.7743615,35.62984334],[139.77441525,35.62987429],[139.77448692,35.62992072],[139.77455859,35.62996715],[139.77461234,35.63001358],[139.77468401,35.63006],[139.77475568,35.63010643],[139.77482735,35.63015286],[139.77489902,35.63019928],[139.77497069,35.63024571],[139.77500652,35.63027666],[139.77504235,35.63030761],[139.77520361,35.63041594],[139.77527528,35.63044689],[139.77532903,35.63049332],[139.7754007,35.63053975],[139.7755082,35.63060165],[139.77556195,35.6306326],[139.77574112,35.63070998],[139.77584863,35.63077188],[139.7759203,35.63080284],[139.77599197,35.63084926],[139.77606363,35.63089569],[139.77611739,35.63094212],[139.77618905,35.63098854],[139.77624281,35.6310195],[139.77631447,35.63105045],[139.77636823,35.6310814],[139.77643989,35.63111235],[139.77651156,35.6311433],[139.77656531,35.63115878],[139.7766549,35.63117425],[139.77672657,35.63117425],[139.77678032,35.6312052],[139.77685199,35.63122068],[139.77688782,35.63125163],[139.77694158,35.63128258],[139.77699533,35.63131353],[139.77704908,35.63132901],[139.77710283,35.63135996],[139.77713866,35.63139091],[139.7771745,35.63142186],[139.77719242,35.63145281],[139.77721033,35.63149924],[139.77722825,35.63154567],[139.77724617,35.63162305],[139.77724617,35.63168495],[139.77724617,35.63174685],[139.77724617,35.63182423],[139.77722825,35.63188613],[139.77721033,35.63196351],[139.7771745,35.63204089],[139.77715658,35.63211827],[139.77713866,35.63218017],[139.77710283,35.63227303],[139.777067,35.6323504],[139.77701324,35.63242778],[139.77697741,35.63248969],[139.77692366,35.63258254],[139.77688782,35.63264444],[139.77679824,35.6327992],[139.77674449,35.63289205],[139.77667282,35.63296943],[139.77661907,35.63306229],[139.77656531,35.63315514],[139.77649365,35.63321704],[139.77643989,35.6333099],[139.77642198,35.63334085],[139.77638614,35.63338728],[139.77633239,35.63348013],[139.77626072,35.63355751],[139.77620697,35.63361941],[139.77615322,35.63368131],[139.77609947,35.63374322],[139.77604572,35.6338206],[139.77595613,35.63389797],[139.77590238,35.63395988],[139.77584863,35.63402178],[139.77574112,35.63416106],[139.77568737,35.63422296],[139.77563362,35.63426939],[139.77556195,35.63433129],[139.77549028,35.63440867],[139.77543653,35.6344551],[139.77534695,35.634517],[139.77527528,35.63456343],[139.77522153,35.63460986],[139.77514986,35.63464081],[139.77507819,35.63468723],[139.77500652,35.63471819],[139.77493485,35.63474914],[139.77486318,35.63479556],[139.7747736,35.63482652],[139.77470193,35.63479556],[139.77441525,35.63462533],[139.7738419,35.63430034],[139.7732148,35.6339444],[139.77296396,35.63334085],[139.77265937,35.63256706],[139.77084974,35.63307776],[139.77088557,35.63312419],[139.77086765,35.63318609],[139.77086765,35.63323252],[139.77086765,35.63327895],[139.77086765,35.63332537],[139.77086765,35.63334085],[139.77086765,35.6333718],[139.77088557,35.6334337],[139.77090349,35.63348013],[139.77093932,35.63355751],[139.77097516,35.63360394],[139.77101099,35.63368131],[139.77102891,35.63372774],[139.77104683,35.63377417],[139.77108266,35.6338206],[139.77115433,35.63392893],[139.77119016,35.63395988],[139.77124391,35.63403726],[139.77136933,35.63433129],[139.77149475,35.63437772],[139.77151267,35.63437772],[139.77131558,35.63473366],[139.7713335,35.63473366],[139.7713335,35.63471819],[139.77136933,35.63470271],[139.77145892,35.63453248],[139.77154851,35.6343932],[139.77156642,35.63440867],[139.77169184,35.6344551],[139.77244436,35.63426939],[139.77253395,35.63450153],[139.77301771,35.6343932],[139.77307147,35.6343932],[139.77312522,35.63440867],[139.7738419,35.63479556],[139.77409274,35.63493485],[139.77500652,35.63543007],[139.77522153,35.63555387],[139.7752932,35.63558482],[139.77577696,35.63583244],[139.77583071,35.63587886],[139.7759203,35.63590981],[139.77620697,35.63608005],[139.77624281,35.63609552],[139.77629656,35.63612647],[139.77652948,35.63625028],[139.7765474,35.63625028],[139.77663698,35.63614195],[139.77658323,35.636111],[139.77661907,35.63608005],[139.7766549,35.63609552],[139.7767624,35.63595624],[139.77688782,35.63603362],[139.77686991,35.6360491],[139.77692366,35.63606457],[139.77694158,35.63606457],[139.77701324,35.63609552],[139.77753284,35.63544554],[139.77794494,35.63493485],[139.77866162,35.63405273],[139.77919914,35.63340275],[139.77925289,35.63334085],[139.78005916,35.6323504],[139.78054293,35.63174685],[139.78077585,35.63146829],[139.78097294,35.63122068],[139.78160004,35.63043142],[139.78165379,35.63038499],[139.78176129,35.63026119],[139.78179713,35.63021476],[139.78177921,35.63021476],[139.78183296,35.63015286],[139.78213756,35.62978144],[139.78220922,35.62968859],[139.78229881,35.62961121],[139.78237048,35.62950288]]],[[[139.75621141,35.63688478],[139.75619349,35.63688478],[139.75619349,35.63690026],[139.75617557,35.63690026],[139.75617557,35.63691573],[139.75619349,35.63693121],[139.75622932,35.63691573],[139.75622932,35.63690026],[139.75621141,35.63688478]]],[[[139.73150362,35.68150121],[139.73159321,35.68136192],[139.73161113,35.68133097],[139.73171863,35.68126907],[139.7317903,35.68122264],[139.73180822,35.68119169],[139.73198739,35.68106789],[139.73234573,35.68082028],[139.73247115,35.6807429],[139.73263241,35.68061909],[139.73281158,35.68047981],[139.732937,35.68020125],[139.73295492,35.68013934],[139.73300867,35.67990721],[139.73309825,35.67970603],[139.73318784,35.67952032],[139.73331326,35.67933461],[139.73333118,35.67931913],[139.73340285,35.67922628],[139.73358202,35.67905605],[139.73383286,35.67887034],[139.73401203,35.67880844],[139.73417328,35.67877748],[139.73442412,35.67874653],[139.73472872,35.67873106],[139.73503331,35.67871558],[139.7353379,35.67871558],[139.73589333,35.67876201],[139.7364846,35.67882391],[139.73677127,35.67887034],[139.73684294,35.67874653],[139.73686086,35.67870011],[139.73691461,35.67859178],[139.7370042,35.67845249],[139.73702211,35.67839059],[139.73712962,35.67820488],[139.73718337,35.67811203],[139.73718337,35.67809655],[139.7372192,35.67801917],[139.73741629,35.67729182],[139.73752379,35.67687397],[139.73786422,35.67639423],[139.73811506,35.67606924],[139.73822256,35.67594543],[139.73831215,35.67575972],[139.73845549,35.67545021],[139.73847341,35.67541926],[139.73850924,35.67534188],[139.73859883,35.67515617],[139.73865258,35.67500141],[139.73870633,35.67487761],[139.73874216,35.67466095],[139.73876008,35.67459905],[139.73890342,35.67433596],[139.73897509,35.6741812],[139.73906467,35.67402645],[139.73906467,35.67401097],[139.73927968,35.67387169],[139.73936926,35.67380979],[139.73945885,35.67374788],[139.73990678,35.67345385],[139.74001428,35.67339194],[139.74019345,35.67328361],[139.74091014,35.67285029],[139.7412864,35.67261816],[139.7413939,35.67255626],[139.74148349,35.67250983],[139.74160891,35.67243245],[139.74166266,35.6724015],[139.74171641,35.67237055],[139.74228976,35.67199913],[139.74257644,35.67181342],[139.74293478,35.67159676],[139.7431677,35.67145748],[139.74320354,35.67142653],[139.74336479,35.67136463],[139.74345438,35.6713182],[139.74363355,35.6712563],[139.74365147,35.6712563],[139.74413523,35.67117892],[139.74499526,35.67103964],[139.74512068,35.67102416],[139.74521026,35.67100869],[139.74529985,35.67099321],[139.7453536,35.67066822],[139.74537152,35.67066822],[139.7459807,35.67055989],[139.74612404,35.67052894],[139.74623154,35.67051346],[139.74664364,35.67046704],[139.74676906,35.67051346],[139.74696615,35.67049799],[139.74698406,35.67026585],[139.74698406,35.67006467],[139.74721699,35.66990991],[139.74748574,35.6696623],[139.747647,35.66961587],[139.74766491,35.66961587],[139.74780825,35.66961587],[139.74814868,35.66987896],[139.7481666,35.66990991],[139.74884745,35.67048251],[139.74886537,35.67049799],[139.74893703,35.67055989],[139.74911621,35.67071465],[139.74918787,35.67077655],[139.74924163,35.67079203],[139.74951038,35.67083845],[139.74995831,35.67083845],[139.74999415,35.67082298],[139.75001206,35.67082298],[139.75006582,35.6708075],[139.75114085,35.67055989],[139.75183962,35.67043609],[139.75200087,35.67040513],[139.75214421,35.67038966],[139.75286089,35.67026585],[139.75431219,35.66990991],[139.75549472,35.66950754],[139.75565597,35.66944564],[139.7566235,35.66910518],[139.75687434,35.66904327],[139.75692809,35.6690278],[139.75696393,35.66901232],[139.75791354,35.66871828],[139.75794937,35.66870281],[139.75807479,35.66867186],[139.7578777,35.66766594],[139.7578777,35.66684572],[139.7578777,35.66670644],[139.7578777,35.66666002],[139.75803896,35.66542196],[139.75830772,35.6640601],[139.75832563,35.66402915],[139.75832563,35.66392082],[139.75834355,35.66388987],[139.75834355,35.66382796],[139.75836147,35.66375059],[139.7583973,35.66323989],[139.75845105,35.66269824],[139.75846897,35.66164589],[139.75843314,35.66152209],[139.75834355,35.66099591],[139.75832563,35.66098044],[139.75812854,35.65998999],[139.75832563,35.65975786],[139.75834355,35.65975786],[139.75859439,35.65946382],[139.75871981,35.65932454],[139.75900649,35.65899955],[139.75923941,35.65892217],[139.75934691,35.65887574],[139.75947233,35.65882932],[139.75952608,35.65879836],[139.75974109,35.65870551],[139.75999193,35.65859718],[139.76047569,35.65833409],[139.76271534,35.65706509],[139.76316327,35.656802],[139.76348578,35.65675557],[139.76404121,35.65646153],[139.76457873,35.6561675],[139.7643458,35.65590441],[139.76436372,35.65588893],[139.76436372,35.65587346],[139.76436372,35.65585798],[139.7643458,35.65582703],[139.76454289,35.6557187],[139.76250033,35.65188073],[139.76180156,35.65212834],[139.76176573,35.65222119],[139.76162239,35.65226762],[139.76162239,35.65225215],[139.76144322,35.65232952],[139.76133572,35.65236048],[139.76117446,35.65214382],[139.76099529,35.65186525],[139.76095946,35.65178788],[139.76094154,35.65174145],[139.76094154,35.65172597],[139.76092362,35.65167955],[139.76092362,35.65166407],[139.76085195,35.65149384],[139.76083404,35.65143193],[139.76067278,35.65095219],[139.76081612,35.65092124],[139.76078029,35.65082838],[139.76076237,35.65076648],[139.76076237,35.650751],[139.76070862,35.65059625],[139.76065487,35.65044149],[139.76061903,35.65036411],[139.76054736,35.65014745],[139.76049361,35.64999269],[139.76045778,35.64989984],[139.76042194,35.64980699],[139.76035027,35.64959033],[139.76026069,35.64932724],[139.76011735,35.6489094],[139.7600636,35.64873916],[139.75999193,35.64856893],[139.75988443,35.64825942],[139.75979484,35.64798085],[139.75970525,35.64770229],[139.75963359,35.64745468],[139.75956192,35.64717612],[139.75949025,35.64692851],[139.7594365,35.6466809],[139.75940066,35.64644876],[139.75934691,35.6461702],[139.75931108,35.64601544],[139.75920357,35.64573688],[139.75907815,35.64541189],[139.75907815,35.64500952],[139.75907815,35.64497857],[139.75936483,35.64497857],[139.76035027,35.64497857],[139.76038611,35.64166677],[139.76042194,35.63758119],[139.76042194,35.63727168],[139.76042194,35.63677645],[139.7596515,35.63677645],[139.7589169,35.63595624],[139.75886315,35.63592529],[139.7588094,35.63587886],[139.75875564,35.63584791],[139.75870189,35.63581696],[139.75863022,35.63580148],[139.75855856,35.63577053],[139.75846897,35.63575506],[139.75843314,35.63575506],[139.75834355,35.63575506],[139.75834355,35.63580148],[139.75834355,35.63581696],[139.75841522,35.63581696],[139.75841522,35.63580148],[139.75848689,35.63581696],[139.75854064,35.63581696],[139.75863022,35.63584791],[139.75868398,35.63586339],[139.75873773,35.63589434],[139.7588094,35.63594077],[139.75886315,35.63598719],[139.75959775,35.6368074],[139.7589169,35.63720977],[139.7589169,35.63722525],[139.75886315,35.6372562],[139.75884523,35.63724072],[139.75879148,35.63728715],[139.75834355,35.63673003],[139.75832563,35.63673003],[139.75805688,35.63637408],[139.75802104,35.63640504],[139.75832563,35.63679193],[139.75834355,35.63679193],[139.75875564,35.63730263],[139.75834355,35.63751929],[139.75832563,35.63753476],[139.75830772,35.63755024],[139.7582898,35.63755024],[139.75794937,35.63773595],[139.75782395,35.63779785],[139.7577702,35.6378288],[139.75768061,35.63787523],[139.75682059,35.63835497],[139.75674892,35.63838592],[139.756731,35.63835497],[139.75624724,35.63693121],[139.75617557,35.63693121],[139.75660558,35.63813831],[139.75665934,35.63829307],[139.75665934,35.63830855],[139.75667725,35.63837045],[139.75669517,35.63841688],[139.75622932,35.63866449],[139.75553055,35.63905138],[139.75479595,35.63888115],[139.75477803,35.63883472],[139.7548497,35.63881924],[139.75449136,35.63813831],[139.75420468,35.63756571],[139.75415093,35.63758119],[139.7541151,35.63753476],[139.75413301,35.63751929],[139.75413301,35.63750381],[139.75413301,35.63748833],[139.75390009,35.63702406],[139.75388217,35.63700859],[139.75386426,35.63700859],[139.75384634,35.63700859],[139.75375675,35.63683836],[139.75384634,35.6368074],[139.75386426,35.63683836],[139.75416885,35.63673003],[139.75415093,35.63669907],[139.75418677,35.6366836],[139.75420468,35.63673003],[139.75450927,35.6366217],[139.75449136,35.63657527],[139.75452719,35.63655979],[139.75452719,35.63659074],[139.75454511,35.63659074],[139.75456303,35.63659074],[139.75461678,35.63652884],[139.75461678,35.63651337],[139.75459886,35.63651337],[139.75450927,35.63649789],[139.75450927,35.63651337],[139.75449136,35.63651337],[139.75450927,35.63654432],[139.75447344,35.63655979],[139.75445552,35.63651337],[139.75415093,35.6366217],[139.75416885,35.63665265],[139.75413301,35.63666812],[139.7541151,35.63663717],[139.75381051,35.63673003],[139.75382842,35.63676098],[139.75373884,35.63679193],[139.75304007,35.63541459],[139.75300423,35.63529079],[139.75286089,35.63493485],[139.75262797,35.63442415],[139.75259214,35.63397535],[139.75266381,35.63397535],[139.75266381,35.63392893],[139.75259214,35.63392893],[139.75253839,35.63334085],[139.75250255,35.6327992],[139.75252047,35.6327992],[139.75252047,35.63276825],[139.75248463,35.63276825],[139.75241297,35.63194804],[139.75237713,35.63194804],[139.75239505,35.63193256],[139.75241297,35.63193256],[139.75243088,35.63191709],[139.75243088,35.63190161],[139.75237713,35.63140639],[139.75235921,35.63140639],[139.75235921,35.63139091],[139.75232338,35.63117425],[139.75232338,35.63111235],[139.75237713,35.63111235],[139.75232338,35.6305088],[139.75232338,35.63036952],[139.75232338,35.63033856],[139.75230546,35.63024571],[139.75228755,35.62996715],[139.75218004,35.62876004],[139.75212629,35.62809459],[139.75198295,35.62634584],[139.75198295,35.62631488],[139.75196504,35.62631488],[139.75194712,35.62629941],[139.7519292,35.62631488],[139.7519292,35.62609822],[139.75162461,35.62595894],[139.75160669,35.62622203],[139.75089001,35.62619108],[139.75090792,35.62595894],[139.75094376,35.62597442],[139.75094376,35.62592799],[139.75092584,35.62592799],[139.75092584,35.62577324],[139.75106918,35.62574228],[139.75106918,35.62575776],[139.75121251,35.62581966],[139.75121251,35.62580419],[139.75135585,35.62588156],[139.75137377,35.62585061],[139.75071083,35.6255411],[139.75062125,35.62549467],[139.75028082,35.62533992],[139.7502629,35.62499945],[139.75024499,35.62482922],[139.75001206,35.62473636],[139.74999415,35.62472089],[139.74988664,35.62468994],[139.74927746,35.6244578],[139.74915204,35.62441137],[139.74748574,35.62359116],[139.74676906,35.62323522],[139.7463928,35.62315784],[139.74637488,35.62314237],[139.74621362,35.62311142],[139.74601653,35.62311142],[139.74574778,35.62312689],[139.74521026,35.62323522],[139.74504901,35.62326617],[139.74474442,35.62329712],[139.74454733,35.62335903],[139.74443982,35.62338998],[139.74436815,35.62345188],[139.74429649,35.62360664],[139.74424273,35.62368402],[139.74411731,35.62386972],[139.74383064,35.62431852],[139.74350813,35.62484469],[139.74345438,35.62493755],[139.74341854,35.62499945],[139.74332896,35.62513873],[139.74318562,35.62512326],[139.74289895,35.62507683],[139.74277353,35.62506135],[139.74257644,35.62504588],[139.74230768,35.62499945],[139.74166266,35.6249066],[139.74108931,35.62481374],[139.73997845,35.62464351],[139.73924384,35.62450423],[139.73910051,35.6245197],[139.73883175,35.62453518],[139.73856299,35.62455066],[139.73840174,35.62455066],[139.73797172,35.62455066],[139.73779255,35.62453518],[139.73759546,35.62442685],[139.73775672,35.62413281],[139.73729087,35.62377687],[139.73750588,35.62345188],[139.73666377,35.62308046],[139.73589333,35.62315784],[139.7358575,35.62315784],[139.73539165,35.62320427],[139.7349258,35.6243959],[139.7348183,35.62455066],[139.73476455,35.62461256],[139.73469288,35.62468994],[139.73454954,35.62499945],[139.73433454,35.62538634],[139.73411953,35.62578871],[139.73395828,35.6261137],[139.73379702,35.62609822],[139.7334566,35.6260518],[139.73338493,35.62603632],[139.73333118,35.62603632],[139.73286533,35.62597442],[139.73266824,35.62598989],[139.73234573,35.62598989],[139.73209489,35.62602085],[139.73184405,35.62609822],[139.73180822,35.62609822],[139.73155738,35.62620655],[139.7313782,35.62623751],[139.73132445,35.62626846],[139.73123487,35.62633036],[139.73118112,35.62640774],[139.7311632,35.62643869],[139.73114528,35.62648512],[139.73114528,35.62659345],[139.73114528,35.6266863],[139.73128862,35.62694939],[139.73132445,35.62705772],[139.73132445,35.62707319],[139.73134237,35.627197],[139.73130654,35.62761484],[139.73139612,35.62803269],[139.73146779,35.62832672],[139.73152154,35.62871362],[139.73101986,35.62880647],[139.73098403,35.62922431],[139.73094819,35.63001358],[139.73094819,35.63009095],[139.73093028,35.63013738],[139.73093028,35.63027666],[139.73085861,35.63041594],[139.73071527,35.63060165],[139.7306436,35.63069451],[139.73042859,35.63089569],[139.73035693,35.63095759],[139.72999858,35.63122068],[139.72987316,35.63129806],[139.72962232,35.63146829],[139.72955065,35.63140639],[139.7294969,35.63135996],[139.7293894,35.63126711],[139.72931773,35.63118973],[139.72913856,35.63135996],[139.7288698,35.63162305],[139.72883397,35.631654],[139.72874438,35.63182423],[139.72870855,35.63207184],[139.72869063,35.63207184],[139.72874438,35.63219565],[139.72881605,35.63250516],[139.7288698,35.63264444],[139.72842187,35.6327992],[139.72831437,35.63284563],[139.72792019,35.63213374],[139.72784852,35.63200994],[139.72779477,35.63194804],[139.7277231,35.63190161],[139.72766935,35.63190161],[139.72763352,35.63188613],[139.72752601,35.63191709],[139.72749018,35.63193256],[139.727096,35.63205637],[139.72707808,35.63205637],[139.72697058,35.63210279],[139.72691683,35.63211827],[139.72671974,35.63221112],[139.72673766,35.63236588],[139.72679141,35.63261349],[139.72632556,35.6328611],[139.72641515,35.63317062],[139.7264689,35.63334085],[139.72661224,35.63368131],[139.72680933,35.63416106],[139.72684516,35.63426939],[139.72675557,35.63434677],[139.72655849,35.63453248],[139.72600305,35.6350277],[139.72562679,35.63515151],[139.72550137,35.63519793],[139.72499969,35.63530626],[139.72464135,35.63536816],[139.72419342,35.63543007],[139.72415758,35.63544554],[139.72338715,35.63558482],[139.72245545,35.63586339],[139.72220461,35.63597172],[139.72218669,35.63590981],[139.72216878,35.63587886],[139.72209711,35.63569315],[139.72206127,35.63558482],[139.72202544,35.63546102],[139.72202544,35.63538364],[139.72168501,35.63536816],[139.72163126,35.63536816],[139.72157751,35.63536816],[139.72145209,35.63536816],[139.72139834,35.63521341],[139.72134459,35.63513603],[139.72130875,35.63507413],[139.72127292,35.6350277],[139.72120125,35.63498127],[139.72104,35.6349658],[139.72086082,35.63495032],[139.72078916,35.63495032],[139.7207354,35.6349658],[139.72066374,35.6349658],[139.72066374,35.63495032],[139.72057415,35.63493485],[139.72048456,35.63488842],[139.72019789,35.63473366],[139.71996497,35.6345789],[139.71983955,35.63460986],[139.71962454,35.63465628],[139.71957079,35.63465628],[139.71910494,35.63474914],[139.71865701,35.63515151],[139.71817325,35.6350896],[139.71783282,35.63504318],[139.71774324,35.63525983],[139.71767157,35.63544554],[139.71765365,35.63580148],[139.71790449,35.63587886],[139.71783282,35.6360491],[139.71801199,35.63625028],[139.71808366,35.63632766],[139.71813741,35.63638956],[139.71820908,35.63646694],[139.71754615,35.6372562],[139.71754615,35.63736453],[139.71752823,35.63744191],[139.71743864,35.63758119],[139.71733114,35.6378288],[139.71725947,35.63792165],[139.71720572,35.63795261],[139.71693696,35.63809189],[139.71668612,35.63826212],[139.71668612,35.63854068],[139.71668612,35.63898948],[139.71668612,35.6390359],[139.71668612,35.63906686],[139.71668612,35.63908233],[139.71675779,35.63963946],[139.71677571,35.63965493],[139.71679363,35.63979421],[139.71684738,35.63990254],[139.71690113,35.63994897],[139.71700863,35.6399954],[139.71716989,35.6400573],[139.7171878,35.64007278],[139.71742073,35.64010373],[139.71756406,35.64016563],[139.71767157,35.64021206],[139.71776115,35.64028944],[139.71785074,35.64041324],[139.71794032,35.64052157],[139.71804783,35.64066085],[139.71815533,35.64075371],[139.71826283,35.64081561],[139.71862118,35.64095489],[139.7189616,35.64109417],[139.71917661,35.64117155],[139.71921244,35.64118703],[139.71940953,35.64131083],[139.71964246,35.64140369],[139.71966037,35.64140369],[139.71973204,35.64143464],[139.71967829,35.64148106],[139.71953495,35.64158939],[139.71942745,35.64166677],[139.71919453,35.64185248],[139.71944537,35.64200724],[139.71953495,35.64208462],[139.71955287,35.64211557],[139.71957079,35.64211557],[139.71969621,35.64225485],[139.71994705,35.64261079],[139.72001872,35.64270364],[139.72005455,35.64273459],[139.72017997,35.64290483],[139.7205204,35.64338457],[139.72060998,35.6434929],[139.72064582,35.64355481],[139.72095041,35.64395717],[139.72130875,35.64440597],[139.72143417,35.64440597],[139.72145209,35.64440597],[139.72190002,35.64440597],[139.72191794,35.64440597],[139.72222253,35.64440597],[139.72224045,35.64440597],[139.72231212,35.64440597],[139.72236587,35.64440597],[139.7224017,35.64439049],[139.72249129,35.64439049],[139.72263462,35.64459168],[139.72268838,35.64468453],[139.72276004,35.64477739],[139.72286755,35.64494762],[139.72284963,35.64499405],[139.7228138,35.64517975],[139.72279588,35.64531904],[139.72276004,35.64548927],[139.72293922,35.64570593],[139.72311839,35.64601544],[139.72331548,35.64634043],[139.72345881,35.64654162],[139.72349465,35.64658804],[139.72356632,35.64669637],[139.72336923,35.64682018],[139.72319006,35.64695946],[139.72297505,35.64711422],[139.72301088,35.64719159],[139.72301088,35.64720707],[139.72304672,35.64726897],[139.72308255,35.64734635],[139.72311839,35.64742373],[139.72311839,35.64743921],[139.72324381,35.64770229],[139.72326173,35.64773324],[139.72327964,35.64779515],[139.72311839,35.64822847],[139.7230288,35.64847608],[139.72295713,35.64877012],[139.72277796,35.64943557],[139.72270629,35.64968318],[139.72265254,35.64991532],[139.72263462,35.64996174],[139.72263462,35.64999269],[139.72258087,35.65028673],[139.72254504,35.65045697],[139.72254504,35.65051887],[139.72252712,35.65067363],[139.7225092,35.65079743],[139.7225092,35.65084386],[139.72249129,35.65104504],[139.72241962,35.65220572],[139.7224017,35.65232952],[139.72218669,35.652345],[139.72216878,35.652345],[139.72200752,35.65236048],[139.72195377,35.65236048],[139.7218821,35.65239143],[139.72181043,35.65248428],[139.72173877,35.65265451],[139.7216671,35.65304141],[139.72155959,35.65361401],[139.72155959,35.65373781],[139.72157751,35.65383067],[139.72163126,35.65398542],[139.72206127,35.65486754],[139.72252712,35.65551752],[139.72261671,35.6556568],[139.72270629,35.65581156],[139.72272421,35.65587346],[139.72276004,35.65593536],[139.72279588,35.65607464],[139.72265254,35.65596631],[139.72259879,35.65591989],[139.72252712,35.65585798],[139.72238378,35.65576513],[139.72227628,35.65570323],[139.72216878,35.65562585],[139.72209711,35.65561037],[139.72204336,35.6555949],[139.72197169,35.65561037],[139.72172085,35.65568775],[139.72154168,35.65574965],[139.72016205,35.6562294],[139.71847784,35.65683295],[139.71819117,35.65692581],[139.71804783,35.65698771],[139.71785074,35.65655439],[139.71751031,35.65667819],[139.71672196,35.65689485],[139.71666821,35.65689485],[139.71648903,35.65691033],[139.71630986,35.65692581],[139.71625611,35.65694128],[139.71618444,35.65694128],[139.71577235,35.65698771],[139.71521691,35.65709604],[139.71516316,35.65711151],[139.71498399,35.65714246],[139.71475107,35.65721984],[139.71458981,35.65728175],[139.71446439,35.65734365],[139.71428522,35.65751388],[139.7139448,35.6578234],[139.71369395,35.6580091],[139.71367604,35.65802458],[139.71319227,35.65828767],[139.71310269,35.65833409],[139.71297727,35.658396],[139.71286977,35.65844242],[139.71303102,35.65862813],[139.71328186,35.65890669],[139.71337145,35.65901502],[139.71344311,35.65910788],[139.71376562,35.65968048],[139.71378354,35.65975786],[139.71326394,35.6600519],[139.71286977,35.66028403],[139.71283393,35.66031498],[139.7127981,35.66034593],[139.71240392,35.66059354],[139.71236808,35.66060902],[139.71231433,35.66063997],[139.712171,35.66073283],[139.71200974,35.66087211],[139.71183057,35.66102686],[139.7116514,35.661259],[139.71154389,35.66136733],[139.71107805,35.6618935],[139.71054053,35.66252801],[139.71027177,35.662853],[139.71023594,35.66289942],[139.71003885,35.66306966],[139.71002093,35.66308513],[139.70994927,35.66314703],[139.70932216,35.6635494],[139.70856964,35.6640601],[139.70860548,35.66415295],[139.7086234,35.66419938],[139.70864131,35.66423033],[139.70871298,35.66438509],[139.70928633,35.66501959],[139.70932216,35.66503507],[139.70934008,35.66506602],[139.70953717,35.66528268],[139.70957301,35.66531363],[139.70959092,35.66532911],[139.70989551,35.6656541],[139.71016427,35.66596361],[139.71025386,35.66601004],[139.71025386,35.66602551],[139.71043303,35.66608742],[139.71055845,35.66611837],[139.7106122,35.66613384],[139.71070179,35.66616479],[139.7107197,35.66616479],[139.71084512,35.6662267],[139.71095263,35.6662886],[139.71100638,35.66636598],[139.7110243,35.66636598],[139.71127514,35.66666002],[139.71138264,35.66678382],[139.71150806,35.66681477],[139.71156181,35.6668612],[139.71179473,35.66712429],[139.71267268,35.66809926],[139.71288768,35.66834687],[139.71347895,35.66898137],[139.71381938,35.66935279],[139.71439272,35.66918255],[139.71453606,35.66936826],[139.71466148,35.6695385],[139.71471523,35.66958492],[139.71460773,35.66970873],[139.71430314,35.66990991],[139.71419564,35.66997181],[139.71417772,35.66998729],[139.71408813,35.67004919],[139.71372979,35.67031228],[139.71383729,35.67051346],[139.71401646,35.6708694],[139.71423147,35.67113249],[139.71423147,35.67142653],[139.71430314,35.67155034],[139.71451814,35.67184437],[139.71451814,35.6718908],[139.71453606,35.67192175],[139.71460773,35.67207651],[139.71433897,35.67220031],[139.71450023,35.6724634],[139.71455398,35.67255626],[139.71466148,35.67261816],[139.71493024,35.67298957],[139.71546776,35.67280387],[139.71570068,35.67271101],[139.71607694,35.67254078],[139.71613069,35.67250983],[139.71620236,35.67247888],[139.71654279,35.67237055],[139.7165607,35.67237055],[139.71666821,35.67241697],[139.71681154,35.67247888],[139.71700863,35.67257173],[139.71693696,35.67269554],[139.71690113,35.67277291],[139.71684738,35.67286577],[139.71681154,35.67292767],[139.71666821,35.67320623],[139.71666821,35.67322171],[139.71661445,35.67331456],[139.7165607,35.67343837],[139.71666821,35.67345385],[139.71666821,35.67346932],[139.71725947,35.67362408],[139.71813741,35.67393359],[139.71872868,35.6741812],[139.71928411,35.67441334],[139.7194812,35.67449072],[139.71960662,35.67470738],[139.71973204,35.67495499],[139.71974996,35.67497046],[139.71976788,35.67500141],[139.71994705,35.6753264],[139.71991121,35.67546569],[139.7198933,35.67551211],[139.71978579,35.67575972],[139.71980371,35.67582163],[139.71973204,35.6762859],[139.71962454,35.67665731],[139.71985746,35.67671922],[139.71955287,35.67740015],[139.71967829,35.67744657],[139.71983955,35.67750848],[139.71992913,35.6775549],[139.71976788,35.67787989],[139.7195887,35.67831321],[139.7194812,35.67840607],[139.71960662,35.67848345],[139.71974996,35.67840607],[139.71985746,35.67840607],[139.71987538,35.6785144],[139.7198933,35.67860725],[139.71992913,35.67868463],[139.72007247,35.67877748],[139.72014414,35.67880844],[139.72046665,35.67900962],[139.72064582,35.67911795],[139.72116542,35.67931913],[139.72121917,35.67924175],[139.72155959,35.67885486],[139.72215086,35.67902509],[139.72258087,35.67905605],[139.72267046,35.67856082],[139.72272421,35.67825131],[139.72327964,35.67856082],[139.72322589,35.67876201],[139.72320797,35.67880844],[139.72317214,35.67902509],[139.72317214,35.67905605],[139.72320797,35.67910247],[139.72367382,35.679087],[139.72385299,35.679087],[139.72405008,35.67911795],[139.72412175,35.67913342],[139.72421134,35.67916438],[139.72465926,35.67931913],[139.7246951,35.67931913],[139.72492802,35.67935008],[139.72499969,35.67930366],[139.72514303,35.67924175],[139.72539387,35.67910247],[139.72553721,35.67910247],[139.7257343,35.67913342],[139.72603889,35.67910247],[139.72621806,35.67904057],[139.72675557,35.67928818],[139.72680933,35.67942746],[139.72689891,35.6796596],[139.7269885,35.67981436],[139.72714975,35.68012387],[139.72722142,35.68024767],[139.7275081,35.6808048],[139.72757976,35.68105241],[139.72765143,35.68151668],[139.72770518,35.68164049],[139.72777685,35.68179524],[139.7278306,35.68187262],[139.72833229,35.68264641],[139.72845771,35.68280116],[139.72845771,35.68281664],[139.72852937,35.68283212],[139.72912064,35.68281664],[139.72956857,35.68281664],[139.72972982,35.6825226],[139.72976566,35.68249165],[139.72983733,35.68229047],[139.729909,35.68219761],[139.73021359,35.68173334],[139.73051818,35.6813155],[139.7305361,35.68126907],[139.73071527,35.68102146],[139.73091236,35.68114526],[139.73094819,35.68116074],[139.73098403,35.68119169],[139.73107361,35.68123812],[139.73150362,35.68150121]]]]}},{"type":"Feature","properties":{"OBJECTID":12,"N03_001":"東京都","N03_002":null,"N03_003":null,"N03_004":"新宿区","N03_007":"13104","Shape_Leng":0.286218582720501,"Shape_Area":0.001814853938678,"id":"gci:13104A1968"},"geometry":{"type":"MultiPolygon","coordinates":[[[[139.7458732,35.70290409],[139.74564027,35.70274933],[139.74556861,35.70270291],[139.74538943,35.70259458],[139.74526401,35.7025172],[139.74512068,35.70245529],[139.74510276,35.70243982],[139.74499526,35.70237792],[139.74497734,35.70237792],[139.74479817,35.70226959],[139.74474442,35.70225411],[139.74469066,35.70223863],[139.74458316,35.70231601],[139.74447566,35.70230054],[139.74445774,35.70230054],[139.7443144,35.70216126],[139.74429649,35.70216126],[139.74413523,35.70202197],[139.74402773,35.70192912],[139.74392023,35.70183627],[139.74384856,35.70177436],[139.7436873,35.70163508],[139.74372314,35.70160413],[139.74411731,35.70127914],[139.74374105,35.70084582],[139.74361563,35.70069107],[139.7434723,35.70052083],[139.74320354,35.70021132],[139.74304228,35.70001013],[139.74302437,35.69999466],[139.74293478,35.69988633],[139.74282728,35.69979348],[139.74270186,35.69968515],[139.74205684,35.69892684],[139.74166266,35.69846257],[139.74160891,35.69838519],[139.74144766,35.698184],[139.74144766,35.69816853],[139.73997845,35.69629597],[139.73935135,35.6953829],[139.73933343,35.69536743],[139.73908259,35.69499601],[139.73886758,35.6946865],[139.73822256,35.69395914],[139.73782839,35.69352582],[139.73779255,35.69344844],[139.73757755,35.69323178],[139.7370042,35.69273656],[139.73673544,35.69250442],[139.73628751,35.69219491],[139.73616209,35.69211753],[139.73614417,35.69211753],[139.7360725,35.69208658],[139.73583958,35.69196277],[139.73571416,35.69190087],[139.73531998,35.69169969],[139.73526623,35.69166874],[139.73496164,35.69151398],[139.73437037,35.69120447],[139.73406578,35.69101876],[139.73399411,35.69097233],[139.73333118,35.69052353],[139.73311617,35.69036878],[139.73281158,35.69016759],[139.73254282,35.69001284],[139.7325249,35.69001284],[139.73229198,35.68988903],[139.73207697,35.68979618],[139.73166488,35.68962594],[139.73157529,35.68957952],[139.7313782,35.68939381],[139.73123487,35.68922358],[139.73118112,35.6891462],[139.73109153,35.68897597],[139.73103778,35.68875931],[139.73101986,35.6886355],[139.73094819,35.68848074],[139.73084069,35.68829504],[139.73078694,35.68810933],[139.73076902,35.68787719],[139.73066152,35.68753673],[139.73037484,35.68696413],[139.73028526,35.68671651],[139.73026734,35.68662366],[139.73026734,35.68649985],[139.73026734,35.68645343],[139.73024942,35.68631415],[139.73019567,35.68606654],[139.73015984,35.68592725],[139.73008817,35.68578797],[139.73005233,35.68571059],[139.72999858,35.68554036],[139.7300165,35.6853856],[139.73005233,35.68523085],[139.73007025,35.68512252],[139.730124,35.68493681],[139.730124,35.68490586],[139.73017775,35.68470467],[139.73019567,35.68465825],[139.73026734,35.68451897],[139.73032109,35.68425588],[139.73041068,35.68382256],[139.73048235,35.683544],[139.73057193,35.68335829],[139.73057193,35.68332734],[139.73060777,35.68324996],[139.7307511,35.68287854],[139.73100194,35.68236784],[139.73101986,35.68232142],[139.73119903,35.68198095],[139.73150362,35.68150121],[139.73107361,35.68123812],[139.73098403,35.68119169],[139.73094819,35.68116074],[139.73091236,35.68114526],[139.73071527,35.68102146],[139.7305361,35.68126907],[139.73051818,35.6813155],[139.73021359,35.68173334],[139.729909,35.68219761],[139.72983733,35.68229047],[139.72976566,35.68249165],[139.72972982,35.6825226],[139.72956857,35.68281664],[139.72912064,35.68281664],[139.72852937,35.68283212],[139.72845771,35.68281664],[139.72845771,35.68280116],[139.72833229,35.68264641],[139.7278306,35.68187262],[139.72777685,35.68179524],[139.72770518,35.68164049],[139.72765143,35.68151668],[139.72757976,35.68105241],[139.7275081,35.6808048],[139.72722142,35.68024767],[139.72714975,35.68012387],[139.7269885,35.67981436],[139.72689891,35.6796596],[139.72680933,35.67942746],[139.72675557,35.67928818],[139.72621806,35.67904057],[139.72603889,35.67910247],[139.7257343,35.67913342],[139.72553721,35.67910247],[139.72539387,35.67910247],[139.72514303,35.67924175],[139.72499969,35.67930366],[139.72492802,35.67935008],[139.7246951,35.67931913],[139.72465926,35.67931913],[139.72421134,35.67916438],[139.72412175,35.67913342],[139.72405008,35.67911795],[139.72385299,35.679087],[139.72367382,35.679087],[139.72320797,35.67910247],[139.72317214,35.67905605],[139.72317214,35.67902509],[139.72320797,35.67880844],[139.72322589,35.67876201],[139.72327964,35.67856082],[139.72272421,35.67825131],[139.72267046,35.67856082],[139.72258087,35.67905605],[139.72215086,35.67902509],[139.72155959,35.67885486],[139.72121917,35.67924175],[139.72116542,35.67931913],[139.72064582,35.67911795],[139.72046665,35.67900962],[139.72014414,35.67880844],[139.72007247,35.67877748],[139.71992913,35.67868463],[139.7198933,35.67860725],[139.71987538,35.6785144],[139.71985746,35.67840607],[139.71974996,35.67840607],[139.71960662,35.67848345],[139.7194812,35.67840607],[139.7195887,35.67831321],[139.71976788,35.67787989],[139.71992913,35.6775549],[139.71983955,35.67750848],[139.71967829,35.67744657],[139.71955287,35.67740015],[139.71985746,35.67671922],[139.71962454,35.67665731],[139.71973204,35.6762859],[139.71980371,35.67582163],[139.71978579,35.67575972],[139.7198933,35.67551211],[139.71991121,35.67546569],[139.71994705,35.6753264],[139.71976788,35.67500141],[139.71974996,35.67497046],[139.71973204,35.67495499],[139.71960662,35.67470738],[139.7194812,35.67449072],[139.71928411,35.67441334],[139.71872868,35.6741812],[139.71813741,35.67393359],[139.71725947,35.67362408],[139.71666821,35.67346932],[139.71666821,35.67345385],[139.7165607,35.67343837],[139.71614861,35.67404192],[139.71600527,35.67401097],[139.71546776,35.67388716],[139.71509149,35.67464547],[139.71489441,35.67500141],[139.71485857,35.67507879],[139.71471523,35.67503237],[139.71466148,35.67500141],[139.71387313,35.67470738],[139.71369395,35.67461452],[139.71308477,35.67459905],[139.71288768,35.67461452],[139.71292352,35.67500141],[139.71292352,35.67524903],[139.71294143,35.67565139],[139.71295935,35.67610019],[139.71295935,35.67622399],[139.71292352,35.67656446],[139.7129056,35.67690492],[139.7129056,35.67704421],[139.7129056,35.67729182],[139.71349687,35.67835964],[139.71362229,35.6785763],[139.71396271,35.67917985],[139.71421355,35.67961317],[139.71430314,35.67976793],[139.71441064,35.67995364],[139.71448231,35.68009292],[139.71455398,35.6802322],[139.7146794,35.68046433],[139.71471523,35.68055719],[139.71473315,35.68058814],[139.71476899,35.68077385],[139.7147869,35.6808667],[139.71451814,35.68105241],[139.71444648,35.68111431],[139.71417772,35.68133097],[139.71408813,35.68139288],[139.71392688,35.68151668],[139.71356853,35.68176429],[139.71349687,35.68184167],[139.71321019,35.68210476],[139.71286977,35.68233689],[139.71263684,35.68247617],[139.71229642,35.68270831],[139.71184849,35.68304878],[139.71156181,35.68328091],[139.71145431,35.68332734],[139.71140056,35.68337376],[139.71116763,35.68337376],[139.71097054,35.68337376],[139.71077346,35.68337376],[139.71057637,35.68338924],[139.71055845,35.68340472],[139.71048678,35.68343567],[139.7103972,35.68346662],[139.71028969,35.68351305],[139.71016427,35.68363685],[139.7099851,35.68374518],[139.70982385,35.68383804],[139.70964467,35.68389994],[139.7094655,35.68397732],[139.70928633,35.6841166],[139.70921466,35.68413207],[139.70899966,35.68420945],[139.70865923,35.68422493],[139.70833672,35.6841785],[139.7083188,35.6841785],[139.70805005,35.6842404],[139.70770962,35.68436421],[139.70740503,35.68445706],[139.70733336,35.68461182],[139.70731544,35.68496776],[139.70729752,35.68537013],[139.70727961,35.68572607],[139.70724377,35.68581892],[139.70722586,35.68586535],[139.70720794,35.68592725],[139.70720794,35.68598916],[139.70711835,35.68614391],[139.70688543,35.6863451],[139.70670626,35.68654628],[139.70649125,35.68674747],[139.70618666,35.68702603],[139.70609707,35.68721174],[139.70609707,35.6875522],[139.70593582,35.68784624],[139.70584623,35.68797005],[139.70577456,35.68804742],[139.70559539,35.68809385],[139.70548789,35.6881248],[139.7047712,35.68809385],[139.70471745,35.68807838],[139.70462787,35.6880629],[139.70460995,35.6880629],[139.70452036,35.68804742],[139.70444869,35.68803195],[139.70405452,35.68797005],[139.7040366,35.68797005],[139.70292573,35.68779981],[139.70271073,35.68776886],[139.70256739,35.688001],[139.70245989,35.688001],[139.70235238,35.68798552],[139.70222696,35.68831051],[139.70219113,35.68844979],[139.70220905,35.68851169],[139.7022628,35.68855812],[139.70210154,35.68917715],[139.70149236,35.68906882],[139.70142069,35.68905334],[139.70127735,35.68902239],[139.70091901,35.68894501],[139.70082942,35.68892954],[139.70065025,35.68888311],[139.70036358,35.68882121],[139.70020232,35.68879026],[139.70016649,35.6886355],[139.70000523,35.6885736],[139.69998732,35.6885736],[139.69987981,35.68854265],[139.69959314,35.68843432],[139.69921688,35.68831051],[139.69919896,35.68831051],[139.69914521,35.68827956],[139.69903771,35.68824861],[139.69891229,35.68820218],[139.69814185,35.68790814],[139.69807018,35.68787719],[139.69688765,35.68741292],[139.69667264,35.68733554],[139.69661889,35.68732007],[139.69647555,35.68727364],[139.69597387,35.68707246],[139.69581262,35.68701055],[139.69545427,35.6868558],[139.69522135,35.68674747],[139.69502426,35.68665461],[139.69491676,35.68657723],[139.69446883,35.68628319],[139.69382381,35.6858344],[139.69346547,35.68558679],[139.69305337,35.68530823],[139.69283837,35.68515347],[139.69260544,35.68496776],[139.69244419,35.68484396],[139.69210376,35.68461182],[139.69203209,35.68454992],[139.69187084,35.68442611],[139.69167375,35.68428683],[139.69138707,35.68408565],[139.69133332,35.6840547],[139.69127957,35.68402374],[139.69124374,35.68400827],[139.69102873,35.68388446],[139.69088539,35.68380708],[139.69070622,35.68369875],[139.6904733,35.68355947],[139.69041955,35.68352852],[139.69031204,35.68345114],[139.69025829,35.68342019],[139.69015079,35.68332734],[139.68909368,35.68256903],[139.68889659,35.6823988],[139.68886075,35.68238332],[139.688807,35.68233689],[139.68864575,35.68221309],[139.68860991,35.68219761],[139.68852033,35.68212023],[139.68839491,35.68202738],[139.68834116,35.68198095],[139.68819782,35.68190357],[139.68767822,35.68159406],[139.68762447,35.68162501],[139.68758863,35.68167144],[139.68757072,35.68168691],[139.68737363,35.6818262],[139.68723029,35.68195],[139.68719446,35.68198095],[139.68701528,35.68218214],[139.68663902,35.68261546],[139.68601192,35.68332734],[139.68594025,35.68340472],[139.68565358,35.68379161],[139.68563566,35.68386899],[139.68561775,35.68393089],[139.68543857,35.68454992],[139.68542066,35.68458087],[139.68524148,35.6852618],[139.68522357,35.6853237],[139.68518773,35.68547846],[139.68493689,35.68574155],[139.68499064,35.68588083],[139.68500856,35.68588083],[139.6851519,35.68594273],[139.6852594,35.68598916],[139.68556399,35.68609749],[139.68559983,35.68611296],[139.68563566,35.68612844],[139.68579692,35.68619034],[139.68590442,35.68642248],[139.68590442,35.68645343],[139.68592234,35.6864689],[139.68592234,35.68648438],[139.68592234,35.68654628],[139.68594025,35.68674747],[139.68594025,35.68676294],[139.68594025,35.68682484],[139.68592234,35.68710341],[139.68592234,35.68721174],[139.68613734,35.68728912],[139.68611943,35.68735102],[139.68597609,35.68789267],[139.68586859,35.68787719],[139.68581483,35.68786172],[139.68418437,35.6875522],[139.68395145,35.68769148],[139.68384394,35.68775339],[139.68380811,35.68776886],[139.68368269,35.688001],[139.68364686,35.68803195],[139.68361102,35.68809385],[139.68334226,35.68841884],[139.68334226,35.68843432],[139.68334226,35.68844979],[139.68321684,35.68871288],[139.68325268,35.68900692],[139.68328851,35.68909977],[139.68332435,35.68928548],[139.68334226,35.68930096],[139.68334226,35.68931643],[139.68334226,35.68934738],[139.68336018,35.68937833],[139.68368269,35.6897188],[139.68375436,35.6898426],[139.68379019,35.68990451],[139.68387978,35.69002831],[139.68405895,35.69038425],[139.68429187,35.69038425],[139.68441729,35.69036878],[139.68448896,35.69049258],[139.68448896,35.69052353],[139.6847398,35.69101876],[139.68481147,35.69123542],[139.68481147,35.69142113],[139.6845248,35.69154493],[139.68448896,35.69156041],[139.68445313,35.69157588],[139.68423812,35.69166874],[139.68420229,35.69168421],[139.68445313,35.69202468],[139.68398728,35.69199373],[139.68398728,35.69205563],[139.6840052,35.69210206],[139.6840052,35.69211753],[139.6840052,35.69221039],[139.68398728,35.69234967],[139.68391561,35.69244252],[139.6838977,35.692458],[139.68387978,35.69247347],[139.68380811,35.69255085],[139.68373644,35.69261275],[139.68402312,35.69276751],[139.68445313,35.69306155],[139.68459647,35.69318535],[139.68481147,35.69337106],[139.68506231,35.69363415],[139.68516982,35.69375795],[139.68542066,35.69399009],[139.68561775,35.69420675],[139.68568941,35.69434603],[139.68581483,35.69457817],[139.68624485,35.69546028],[139.68645985,35.6959555],[139.68654944,35.69614121],[139.68665694,35.69635787],[139.68665694,35.69637335],[139.68706904,35.69717808],[139.68719446,35.69734832],[139.68728404,35.69750307],[139.68746321,35.69770426],[139.68796489,35.69826138],[139.68819782,35.69864827],[139.6882874,35.69881851],[139.68837699,35.69906612],[139.68839491,35.6992054],[139.68841282,35.6993292],[139.68841282,35.69957682],[139.68841282,35.6997161],[139.68839491,35.69991728],[139.68837699,35.69999466],[139.68826949,35.70030417],[139.68789323,35.70096963],[139.68764239,35.701372],[139.68753488,35.70160413],[139.6874453,35.70178984],[139.68742738,35.70191364],[139.68739155,35.70222316],[139.68742738,35.70259458],[139.68746321,35.70316718],[139.68749905,35.70400286],[139.68757072,35.70437428],[139.68758863,35.70449809],[139.68762447,35.70462189],[139.68774989,35.70503973],[139.68792906,35.7053802],[139.68792906,35.70551948],[139.68792906,35.70556591],[139.68796489,35.70568971],[139.68809031,35.70613851],[139.68816198,35.70641707],[139.68821574,35.70657183],[139.68825157,35.70661826],[139.68830532,35.70677301],[139.68837699,35.70691229],[139.68846658,35.70708253],[139.688592,35.70723728],[139.68868158,35.70733014],[139.68877117,35.70740752],[139.68887867,35.70750037],[139.68898617,35.7075468],[139.68911159,35.70762418],[139.69011496,35.7081194],[139.69041955,35.70825868],[139.69052705,35.70833606],[139.69054497,35.70835153],[139.69077789,35.70847534],[139.69115415,35.70867652],[139.69147666,35.70890866],[139.69167375,35.70904794],[139.69203209,35.7093265],[139.69212168,35.70935745],[139.69242627,35.70943483],[139.69307129,35.70963602],[139.69321463,35.70971339],[139.69330421,35.70979077],[139.69346547,35.70993005],[139.69375214,35.71019314],[139.69398506,35.71042528],[139.69414632,35.71065741],[139.69430757,35.7109205],[139.69432549,35.7110443],[139.69430757,35.7110443],[139.69423591,35.7110443],[139.69421799,35.7110443],[139.69403882,35.71105978],[139.69273086,35.71116811],[139.69264128,35.7109205],[139.69262336,35.7108586],[139.69248002,35.7109205],[139.691835,35.71119906],[139.69178125,35.71121454],[139.69167375,35.71126096],[139.69153041,35.71132287],[139.69147666,35.71115263],[139.69145874,35.71107526],[139.69145874,35.71105978],[139.69142291,35.71096693],[139.69133332,35.71068836],[139.69129749,35.71053361],[139.6911004,35.71051813],[139.69104665,35.71051813],[139.69063455,35.71067289],[139.69015079,35.71079669],[139.69011496,35.71081217],[139.69004329,35.71082764],[139.6900612,35.71116811],[139.6900612,35.71126096],[139.6900612,35.71127644],[139.69007912,35.71147762],[139.68981036,35.71147762],[139.68977453,35.71147762],[139.68973869,35.71147762],[139.68896826,35.7114312],[139.68860991,35.71138477],[139.68857408,35.71138477],[139.68798281,35.71130739],[139.68785739,35.71129191],[139.68751697,35.71121454],[139.68746321,35.71119906],[139.68705112,35.71110621],[139.6868182,35.71105978],[139.68678236,35.7110443],[139.68610151,35.71088955],[139.68608359,35.71087407],[139.68604776,35.71087407],[139.68559983,35.71076574],[139.68542066,35.71071931],[139.68533107,35.71070384],[139.68488314,35.71058003],[139.6847398,35.71054908],[139.68457855,35.71050265],[139.68448896,35.71048718],[139.68416645,35.71042528],[139.6841127,35.7104098],[139.68405895,35.71039432],[139.68334226,35.71025504],[139.68307351,35.71019314],[139.68278683,35.71011576],[139.68267933,35.71022409],[139.68264349,35.71023957],[139.68262558,35.71025504],[139.68257183,35.71031695],[139.6821239,35.71067289],[139.68198056,35.71075027],[139.68194472,35.71076574],[139.68190889,35.71078122],[139.6817118,35.71087407],[139.68147888,35.71096693],[139.68144304,35.71096693],[139.68133554,35.71099788],[139.68121012,35.71101335],[139.68092345,35.71107526],[139.68083386,35.71109073],[139.68078011,35.71110621],[139.68069052,35.71112168],[139.68063677,35.71113716],[139.68051135,35.71115263],[139.68049343,35.71116811],[139.68038593,35.71121454],[139.6803501,35.71126096],[139.68043968,35.71132287],[139.68076219,35.71147762],[139.68121012,35.71175619],[139.68126387,35.71181809],[139.68162222,35.71222046],[139.68180139,35.71266925],[139.68183722,35.71305614],[139.68183722,35.7130871],[139.68183722,35.71311805],[139.68185514,35.713149],[139.68164013,35.71324185],[139.68117429,35.71328828],[139.68117429,35.71358232],[139.6814968,35.71362874],[139.68146096,35.71389183],[139.68146096,35.71395373],[139.68144304,35.71401564],[139.68129971,35.71401564],[139.68099511,35.71401564],[139.68085178,35.71403111],[139.68070844,35.71406206],[139.68070844,35.71409302],[139.68070844,35.71443348],[139.68070844,35.71449538],[139.68029634,35.71449538],[139.679938,35.7142323],[139.67992008,35.71421682],[139.67988425,35.71418587],[139.67959758,35.71434063],[139.6794184,35.71451086],[139.67927507,35.71469657],[139.67923923,35.71478942],[139.67916756,35.7149287],[139.67913173,35.71503703],[139.67911381,35.71511441],[139.67909589,35.71523822],[139.67914965,35.71540845],[139.6792034,35.71557868],[139.67929298,35.71570249],[139.67936465,35.71568701],[139.6794184,35.71568701],[139.67943632,35.71567154],[139.67954382,35.71565606],[139.67959758,35.71598105],[139.67959758,35.71599653],[139.67959758,35.71602748],[139.67961549,35.71605843],[139.67968716,35.71636794],[139.67954382,35.71666198],[139.67947215,35.71683221],[139.67923923,35.71720363],[139.67913173,35.7176679],[139.67909589,35.71827145],[139.67898839,35.71827145],[139.67846879,35.71825598],[139.67839712,35.71825598],[139.67828962,35.7182405],[139.67814628,35.71841073],[139.6780567,35.71848811],[139.67757293,35.71895238],[139.67721459,35.71929285],[139.6770175,35.71943213],[139.67678458,35.71954046],[139.67640832,35.71966426],[139.67637248,35.71958689],[139.67635457,35.71954046],[139.67635457,35.71950951],[139.6762829,35.71933928],[139.67574538,35.71947856],[139.67570955,35.71971069],[139.67544079,35.71981902],[139.67544079,35.71955594],[139.67542287,35.71947856],[139.67542287,35.71924642],[139.67527954,35.71918452],[139.6752437,35.71915357],[139.67522578,35.71915357],[139.67501078,35.71907619],[139.67499286,35.71907619],[139.6735774,35.71862739],[139.67352365,35.71865834],[139.67348782,35.71876667],[139.6734699,35.71885953],[139.67343407,35.71895238],[139.67372074,35.71927737],[139.67361324,35.71940118],[139.67348782,35.71955594],[139.67350574,35.71957141],[139.67352365,35.71963331],[139.67368491,35.72026782],[139.67434784,35.72019044],[139.67434784,35.72020591],[139.67436576,35.72026782],[139.67436576,35.72032972],[139.67445535,35.72071661],[139.67458077,35.72124279],[139.67458077,35.72125826],[139.67459868,35.72135112],[139.6746166,35.72145945],[139.6746166,35.72147492],[139.67463452,35.72150587],[139.67499286,35.72147492],[139.67501078,35.72147492],[139.67556621,35.72144397],[139.67569163,35.72150587],[139.67572747,35.72172253],[139.6757633,35.72195467],[139.67570955,35.72235704],[139.67554829,35.72291416],[139.67533329,35.72336296],[139.67526162,35.72353319],[139.67518995,35.72370342],[139.67522578,35.72404389],[139.67535121,35.72453911],[139.67536912,35.72475577],[139.67536912,35.72487957],[139.67538704,35.72500338],[139.67540496,35.72503433],[139.67545871,35.72515814],[139.67547663,35.72520456],[139.67551246,35.72528194],[139.67554829,35.72539027],[139.67556621,35.7254367],[139.67560205,35.72552955],[139.67561996,35.72562241],[139.67569163,35.72583907],[139.67579913,35.7260712],[139.67590664,35.72627239],[139.67592455,35.72630334],[139.67599622,35.72645809],[139.67619331,35.72672118],[139.67637248,35.72704617],[139.67642624,35.72716998],[139.67644415,35.7272164],[139.67647999,35.72727831],[139.67656957,35.72744854],[139.67683833,35.72822232],[139.67685625,35.7282997],[139.67687416,35.72834613],[139.67689208,35.72839256],[139.67691,35.72845446],[139.67694583,35.72876397],[139.67696375,35.72885683],[139.67696375,35.72901158],[139.67698167,35.72910444],[139.67698167,35.72919729],[139.67699958,35.72927467],[139.67699958,35.72936752],[139.6770175,35.72952228],[139.67734001,35.72936752],[139.67746543,35.72930562],[139.6775371,35.72927467],[139.6779492,35.72904253],[139.67803878,35.72899611],[139.67807462,35.72896516],[139.67809253,35.72894968],[139.67812837,35.72894968],[139.67818212,35.72890325],[139.67837921,35.72879492],[139.67880922,35.72856279],[139.67889881,35.72851636],[139.67907798,35.72842351],[139.68006342,35.72785091],[139.68011717,35.72781996],[139.68017092,35.727789],[139.68018884,35.72777353],[139.68063677,35.72746401],[139.68069052,35.72743306],[139.68072636,35.72741759],[139.68079803,35.72735568],[139.68122804,35.72710807],[139.68133554,35.72704617],[139.68135346,35.72704617],[139.68146096,35.72684499],[139.68147888,35.72679856],[139.68151471,35.72675213],[139.68158638,35.72659738],[139.68176555,35.72614858],[139.68178347,35.72608668],[139.6818193,35.7260093],[139.68208806,35.72526647],[139.68217765,35.72500338],[139.68219557,35.72495695],[139.68224932,35.72474029],[139.68226723,35.72470934],[139.68228515,35.72460101],[139.68230307,35.72457006],[139.68246432,35.72418317],[139.68246432,35.72416769],[139.68253599,35.72412126],[139.68255391,35.72410579],[139.68269725,35.72370342],[139.68271516,35.72364152],[139.68328851,35.72367247],[139.68330643,35.72367247],[139.68334226,35.72367247],[139.68352144,35.72368795],[139.6838977,35.72374985],[139.68414854,35.72379627],[139.68416645,35.72365699],[139.68416645,35.72362604],[139.68418437,35.72348676],[139.68432771,35.72300701],[139.68432771,35.72292964],[139.68432771,35.72280583],[139.68434563,35.72272845],[139.68439938,35.72252727],[139.68441729,35.72251179],[139.68508023,35.72262012],[139.68513398,35.7226356],[139.68518773,35.7226356],[139.68545649,35.72268203],[139.68574317,35.7226975],[139.685779,35.7226975],[139.68583275,35.7226975],[139.68662111,35.72272845],[139.68665694,35.72272845],[139.68667486,35.72272845],[139.68687195,35.7226975],[139.68705112,35.72268203],[139.68719446,35.72266655],[139.68769614,35.72262012],[139.68803656,35.72260465],[139.68843074,35.72260465],[139.68848449,35.72260465],[139.68896826,35.72260465],[139.68902201,35.72260465],[139.68939827,35.72260465],[139.69025829,35.72252727],[139.69077789,35.72249632],[139.69106457,35.72246537],[139.69140499,35.72244989],[139.69165583,35.72241894],[139.69167375,35.72241894],[139.69226502,35.72237251],[139.69282045,35.72232608],[139.69393131,35.7221868],[139.69421799,35.72209395],[139.69450466,35.72198562],[139.69493467,35.72183086],[139.69509593,35.72181539],[139.69559761,35.72175348],[139.69565136,35.72175348],[139.69572303,35.72173801],[139.69575886,35.72189276],[139.69577678,35.72197014],[139.69581262,35.72207847],[139.69713849,35.72204752],[139.69731766,35.722063],[139.69735349,35.72207847],[139.697676,35.72209395],[139.69812393,35.7221868],[139.69839269,35.72229513],[139.69842852,35.72231061],[139.69848228,35.72232608],[139.6986077,35.72238799],[139.6988227,35.72240346],[139.69896604,35.72243441],[139.69912729,35.72255822],[139.69937813,35.72282131],[139.6994498,35.72291416],[139.69950355,35.72299154],[139.69952147,35.72300701],[139.69961106,35.72317725],[139.69961106,35.72319272],[139.69964689,35.72325463],[139.69979023,35.72348676],[139.69980815,35.72351771],[139.69980815,35.72354866],[139.70000523,35.72353319],[139.7000769,35.72353319],[139.700489,35.72351771],[139.70081151,35.72350224],[139.70084734,35.72350224],[139.70090109,35.72350224],[139.70102651,35.72350224],[139.70129527,35.72348676],[139.70134902,35.72348676],[139.70168945,35.72347129],[139.70176112,35.72347129],[139.70188654,35.72347129],[139.70199404,35.72345581],[139.70210154,35.72345581],[139.70265698,35.72337843],[139.70281823,35.72336296],[139.70287198,35.72334748],[139.70344533,35.7232701],[139.70373201,35.7232082],[139.70435911,35.72306892],[139.70459203,35.72300701],[139.70453828,35.72289868],[139.70450245,35.72283678],[139.70443078,35.72271298],[139.70437703,35.72262012],[139.70432327,35.72251179],[139.70417994,35.72226418],[139.70416202,35.72221775],[139.70426952,35.72217133],[139.70432327,35.72214038],[139.70437703,35.72210942],[139.70446661,35.72207847],[139.70478912,35.72187729],[139.70495037,35.72176896],[139.70500413,35.72173801],[139.70502204,35.72170706],[139.70536247,35.72147492],[139.70507579,35.72088684],[139.70505788,35.72085589],[139.70503996,35.72082494],[139.70503996,35.72079399],[139.70520122,35.72060828],[139.70516538,35.72059281],[139.70498621,35.72049995],[139.70486079,35.72043805],[139.70489662,35.72028329],[139.70491454,35.72020591],[139.70496829,35.71998925],[139.70498621,35.71991188],[139.70500413,35.71975712],[139.70509371,35.71961784],[139.70514746,35.71949403],[139.70520122,35.71940118],[139.7053983,35.71904524],[139.70593582,35.71885953],[139.70593582,35.71884405],[139.70588207,35.71862739],[139.7058104,35.71834883],[139.7058104,35.71831788],[139.70573873,35.71799289],[139.70572081,35.71793099],[139.70566706,35.71759052],[139.70561331,35.71738934],[139.70561331,35.71731196],[139.70559539,35.7171572],[139.70557748,35.71712625],[139.70543414,35.71666198],[139.7053983,35.71656913],[139.70538039,35.71649175],[139.70525497,35.71630604],[139.70491454,35.71610486],[139.70482495,35.71604295],[139.70480704,35.71602748],[139.7045562,35.71587272],[139.7046637,35.7153775],[139.7046637,35.71534655],[139.70471745,35.71506798],[139.70478912,35.71474299],[139.70480704,35.71474299],[139.70482495,35.71466562],[139.70484287,35.71460371],[139.70484287,35.71455729],[139.70493246,35.71454181],[139.70527288,35.71446443],[139.70530872,35.71444896],[139.70538039,35.71443348],[139.70548789,35.71413944],[139.70536247,35.71370612],[139.70588207,35.71344304],[139.70600749,35.71344304],[139.70604332,35.71342756],[139.70607916,35.71342756],[139.70627625,35.71342756],[139.70638375,35.71348946],[139.70649125,35.71355137],[139.70702877,35.71364422],[139.70719002,35.71375255],[139.70722586,35.71376803],[139.70727961,35.71379898],[139.70735128,35.71386088],[139.70753045,35.71382993],[139.70774545,35.71381445],[139.70806796,35.71382993],[139.70833672,35.71381445],[139.70867715,35.71381445],[139.7087309,35.71376803],[139.70876673,35.7137216],[139.70876673,35.71370612],[139.70878465,35.71370612],[139.70912508,35.71358232],[139.70914299,35.71358232],[139.70960884,35.71358232],[139.71002093,35.71355137],[139.71023594,35.71350494],[139.71032553,35.71347399],[139.71041511,35.71345851],[139.71054053,35.71353589],[139.71057637,35.71362874],[139.71059428,35.7136597],[139.71073762,35.71389183],[139.71091679,35.71413944],[139.71095263,35.71424777],[139.7110243,35.71446443],[139.71107805,35.71465014],[139.71129305,35.71477395],[139.71159765,35.7148049],[139.71161556,35.7148049],[139.7116514,35.71482037],[139.71192015,35.71478942],[139.71211724,35.71475847],[139.71231433,35.71461919],[139.7129056,35.71420135],[139.71328186,35.71393826],[139.71331769,35.71389183],[139.71355062,35.71369065],[139.7136402,35.71358232],[139.71376562,35.71348946],[139.71390896,35.71339661],[139.7142673,35.71324185],[139.71428522,35.71324185],[139.71441064,35.71317995],[139.71448231,35.71319543],[139.71462565,35.71322638],[139.71484065,35.71328828],[139.71507358,35.71339661],[139.71534233,35.71352041],[139.71546776,35.71358232],[139.71553942,35.71361327],[139.71570068,35.71373707],[139.71587985,35.71381445],[139.7159336,35.71379898],[139.71600527,35.71379898],[139.71611277,35.71373707],[139.71613069,35.7137216],[139.71623819,35.71362874],[139.7163457,35.71352041],[139.71666821,35.71319543],[139.71679363,35.71307162],[139.71682946,35.71304067],[139.71688321,35.71297877],[139.71713405,35.71293234],[139.71727739,35.71291686],[139.71745656,35.71288591],[139.71761782,35.71282401],[139.71792241,35.7127002],[139.71865701,35.71254545],[139.71871076,35.71256092],[139.71876451,35.71256092],[139.71912286,35.71246807],[139.71923036,35.71256092],[139.71924828,35.7125764],[139.71939162,35.7127002],[139.7195887,35.71277758],[139.71966037,35.71276211],[139.71974996,35.71276211],[139.7198933,35.71276211],[139.72001872,35.71271568],[139.72005455,35.71259187],[139.7201083,35.71246807],[139.72012622,35.71242164],[139.72016205,35.71229784],[139.72034123,35.71232879],[139.72039498,35.71240616],[139.72043081,35.71245259],[139.72043081,35.71248354],[139.72048456,35.71256092],[139.72055623,35.7126383],[139.7206279,35.71265378],[139.72071749,35.71262282],[139.72080707,35.71252997],[139.72082499,35.71251449],[139.72086082,35.71248354],[139.72091458,35.71243712],[139.72109375,35.71245259],[139.72168501,35.71254545],[139.72200752,35.71252997],[139.72209711,35.71249902],[139.72224045,35.71243712],[139.72234795,35.71239069],[139.7224017,35.71234426],[139.7225092,35.71226688],[139.72247337,35.71222046],[139.72243754,35.71218951],[139.72227628,35.71198832],[139.72216878,35.71186452],[139.72209711,35.71164786],[139.72209711,35.71157048],[139.72211503,35.711555],[139.7222942,35.71136929],[139.7225092,35.71124549],[139.72293922,35.71107526],[139.72297505,35.71105978],[139.72297505,35.7110443],[139.72301088,35.7110443],[139.72315422,35.71101335],[139.72320797,35.7109205],[139.72322589,35.71078122],[139.72322589,35.71065741],[139.72326173,35.7104098],[139.72351257,35.71030147],[139.724068,35.71019314],[139.72413967,35.71017767],[139.72430092,35.71014671],[139.72499969,35.70993005],[139.72499969,35.70991458],[139.72501761,35.70991458],[139.72519678,35.7097753],[139.7252147,35.70975982],[139.72526845,35.70972887],[139.72535803,35.70952769],[139.72541179,35.70941936],[139.72566263,35.70931103],[139.72591347,35.70923365],[139.72598514,35.7092027],[139.72621806,35.70934198],[139.72634348,35.70941936],[139.72641515,35.70945031],[139.72645098,35.70948126],[139.72663015,35.70958959],[139.72670182,35.70962054],[139.72702433,35.70975982],[139.72729309,35.70988363],[139.72741851,35.70994553],[139.72800978,35.7098991],[139.72804561,35.70980625],[139.72809936,35.70966697],[139.7281352,35.70957411],[139.72817103,35.70949673],[139.72822478,35.70946578],[139.72840395,35.7093884],[139.72843979,35.70937293],[139.72849354,35.70934198],[139.72858313,35.70931103],[139.72904897,35.70934198],[139.72908481,35.70934198],[139.72912064,35.70934198],[139.72971191,35.7093884],[139.72980149,35.70940388],[139.73005233,35.70941936],[139.7311632,35.70941936],[139.73144987,35.70935745],[139.73157529,35.7093265],[139.73173655,35.70929555],[139.73184405,35.7092646],[139.73180822,35.70914079],[139.73177238,35.70895509],[139.73177238,35.70890866],[139.73164696,35.70835153],[139.73166488,35.70833606],[139.73166488,35.70830511],[139.73166488,35.70827415],[139.7316828,35.70822773],[139.73223823,35.70763965],[139.7324174,35.70742299],[139.73245323,35.70739204],[139.7325249,35.70739204],[139.73259657,35.70739204],[139.73265032,35.70737656],[139.73288325,35.70737656],[139.73320576,35.70770155],[139.73333118,35.70770155],[139.73404786,35.70771703],[139.73410161,35.70793369],[139.73413745,35.70801107],[139.73420912,35.70821225],[139.73467496,35.70816582],[139.73474663,35.70816582],[139.73478247,35.70816582],[139.73490789,35.7081813],[139.73528415,35.70821225],[139.73539165,35.70822773],[139.73540957,35.70822773],[139.73542749,35.70833606],[139.73546332,35.70852177],[139.73548124,35.70861462],[139.73558874,35.70876938],[139.73564249,35.70886223],[139.73576791,35.70904794],[139.73580375,35.70910984],[139.7358575,35.70918722],[139.73610834,35.70914079],[139.73644876,35.70907889],[139.73696836,35.70900151],[139.73852716,35.7087539],[139.73872425,35.70872295],[139.73974552,35.70858367],[139.74015762,35.70852177],[139.74146557,35.70833606],[139.74148349,35.70833606],[139.74166266,35.70830511],[139.74280936,35.70813487],[139.7430602,35.7080575],[139.7431677,35.70798012],[139.74325729,35.70791821],[139.74329312,35.70787179],[139.74336479,35.70777893],[139.74338271,35.70777893],[139.74340063,35.70774798],[139.74352605,35.70743847],[139.74424273,35.70510164],[139.74452941,35.70431238],[139.744619,35.70408024],[139.74485192,35.70361597],[139.74499526,35.70347669],[139.74504901,35.70343026],[139.74506692,35.70341479],[139.74522818,35.70329098],[139.74549694,35.70319813],[139.74551485,35.70319813],[139.74571194,35.7030898],[139.74574778,35.70307432],[139.74576569,35.70304337],[139.74583736,35.70296599],[139.7458732,35.70290409]]]]}},{"type":"Feature","properties":{"OBJECTID":13,"N03_001":"東京都","N03_002":null,"N03_003":null,"N03_004":"文京区","N03_007":"13105","Shape_Leng":0.202423841425197,"Shape_Area":0.001124167969829,"id":"gci:13105A1968"},"geometry":{"type":"MultiPolygon","coordinates":[[[[139.75275339,35.73506258],[139.75341633,35.73513996],[139.753488,35.73513996],[139.75354175,35.73513996],[139.75363133,35.73515543],[139.75381051,35.73507806],[139.7543301,35.73470664],[139.75434802,35.73469116],[139.75447344,35.73459831],[139.75493929,35.73436617],[139.75497512,35.7343507],[139.75592473,35.73387095],[139.75596057,35.73385548],[139.75605015,35.73380905],[139.75606807,35.73379357],[139.75639058,35.73363882],[139.75694601,35.7333293],[139.7578777,35.7328186],[139.75832563,35.73274123],[139.75834355,35.73274123],[139.7583973,35.73272575],[139.75845105,35.73272575],[139.75855856,35.73271027],[139.75868398,35.73260194],[139.75871981,35.73257099],[139.75877356,35.73254004],[139.75909607,35.73227695],[139.75993818,35.73158055],[139.76008152,35.73165793],[139.76009943,35.73168888],[139.76013527,35.73170435],[139.76094154,35.73219958],[139.76101321,35.73215315],[139.76103113,35.7321222],[139.76106696,35.73210672],[139.76138947,35.73185911],[139.7614253,35.73184364],[139.76146114,35.73181268],[139.76185532,35.73150317],[139.76223158,35.73145674],[139.76250033,35.73111628],[139.76253617,35.73108533],[139.76278701,35.73074486],[139.76293035,35.73054368],[139.76301993,35.73041987],[139.7630916,35.73032702],[139.76314535,35.73023416],[139.76330661,35.7300175],[139.76332452,35.72998655],[139.76337828,35.72992465],[139.76377245,35.72936752],[139.76387996,35.72921277],[139.76402329,35.72899611],[139.76405913,35.72891873],[139.76422038,35.72868659],[139.76436372,35.72846993],[139.76436372,35.72845446],[139.76443539,35.72808304],[139.76445331,35.72802114],[139.76457873,35.72775805],[139.76459664,35.7277271],[139.76461456,35.72768067],[139.76465039,35.72758782],[139.7647579,35.72758782],[139.76481165,35.72758782],[139.76488332,35.72757234],[139.7649729,35.72757234],[139.76491915,35.7272164],[139.76466831,35.72645809],[139.76466831,35.72642714],[139.76452497,35.72602477],[139.76445331,35.72579264],[139.76445331,35.72576169],[139.76443539,35.72574621],[139.76429205,35.72523551],[139.76432789,35.72500338],[139.76436372,35.72464744],[139.7643458,35.72457006],[139.76432789,35.72453911],[139.76432789,35.72452363],[139.76416663,35.72405936],[139.7636112,35.72272845],[139.76357536,35.7226356],[139.76343203,35.72227966],[139.76325286,35.72187729],[139.76352161,35.72166063],[139.7636112,35.72158325],[139.76420247,35.72108803],[139.76445331,35.72088684],[139.76448914,35.72085589],[139.76522374,35.72025234],[139.76536708,35.72011306],[139.76540292,35.72008211],[139.76543875,35.72003568],[139.76637044,35.71906071],[139.7665317,35.71889048],[139.76656753,35.71885953],[139.76660337,35.7188131],[139.76667504,35.7187512],[139.76714088,35.7182405],[139.7672663,35.71807027],[139.76730214,35.71802384],[139.76732005,35.71799289],[139.7673738,35.71791551],[139.76753506,35.7176679],[139.76755298,35.71763695],[139.76757089,35.717606],[139.76776798,35.71728101],[139.7677859,35.71725006],[139.76780382,35.71720363],[139.76783965,35.7171572],[139.76794715,35.71698697],[139.76796507,35.71695602],[139.76798299,35.71692507],[139.76814424,35.71666198],[139.76868176,35.71581082],[139.76853842,35.71579534],[139.76850259,35.71579534],[139.76783965,35.71571796],[139.76780382,35.71571796],[139.7677859,35.71571796],[139.76758881,35.71596557],[139.76740964,35.71618223],[139.76706921,35.71666198],[139.76697963,35.71678579],[139.76692588,35.71686316],[139.76687212,35.71694054],[139.76672879,35.71687864],[139.76669295,35.71686316],[139.76667504,35.71686316],[139.76667504,35.71684769],[139.7666392,35.71684769],[139.76642419,35.71677031],[139.76619127,35.71666198],[139.76599418,35.71660008],[139.76597627,35.71661555],[139.76592251,35.71666198],[139.76502666,35.717606],[139.76490124,35.71752862],[139.76450706,35.71728101],[139.76450706,35.71718815],[139.76452497,35.71712625],[139.76472206,35.71694054],[139.76479373,35.71692507],[139.76511624,35.71686316],[139.76531333,35.71666198],[139.7654925,35.71649175],[139.76565376,35.71604295],[139.7660121,35.71542393],[139.76604793,35.71514536],[139.76603002,35.71497513],[139.76597627,35.71460371],[139.76597627,35.71454181],[139.76561792,35.71406206],[139.76568959,35.71358232],[139.76603002,35.71347399],[139.76610169,35.71345851],[139.76667504,35.71328828],[139.76681837,35.71325733],[139.76723047,35.71313352],[139.7673738,35.71307162],[139.76762465,35.71296329],[139.76764256,35.71288591],[139.76764256,35.71282401],[139.76766048,35.71260735],[139.76764256,35.71136929],[139.76735589,35.71133834],[139.76694379,35.71129191],[139.76690796,35.71129191],[139.76685421,35.71119906],[139.76740964,35.71113716],[139.76746339,35.71110621],[139.76753506,35.71107526],[139.76764256,35.71102883],[139.76764256,35.71101335],[139.76800091,35.71099788],[139.76805466,35.7109824],[139.76812633,35.7109824],[139.76818008,35.7109824],[139.76819799,35.71078122],[139.76823383,35.71045623],[139.76809049,35.71045623],[139.76801882,35.71045623],[139.76762465,35.71045623],[139.76669295,35.7104717],[139.76667504,35.7104717],[139.76667504,35.71039432],[139.76665712,35.71031695],[139.76665712,35.70982172],[139.7666392,35.70915627],[139.76662128,35.70876938],[139.76662128,35.70870747],[139.76667504,35.70870747],[139.76687212,35.70870747],[139.7673738,35.70870747],[139.76776798,35.70878485],[139.76823383,35.7088158],[139.76868176,35.70884676],[139.76911177,35.70867652],[139.76921927,35.70867652],[139.76970304,35.70864557],[139.76975679,35.70866105],[139.76988221,35.708692],[139.77000763,35.70872295],[139.77063473,35.70886223],[139.77068848,35.70886223],[139.77074223,35.70887771],[139.77124391,35.70898604],[139.77129767,35.70833606],[139.77129767,35.70828963],[139.77140517,35.70830511],[139.77145892,35.70830511],[139.77197852,35.70833606],[139.77199644,35.70833606],[139.77221144,35.70835153],[139.77221144,35.70833606],[139.77228311,35.70815035],[139.77233686,35.70802654],[139.77240853,35.70784084],[139.7723727,35.70722181],[139.77226519,35.70723728],[139.77213977,35.70723728],[139.77163809,35.70728371],[139.77158434,35.70729919],[139.77154851,35.70729919],[139.77083182,35.70736109],[139.77074223,35.70737656],[139.77016888,35.70742299],[139.77016888,35.70739204],[139.77016888,35.70733014],[139.77016888,35.70726823],[139.77015097,35.70655635],[139.77015097,35.70649445],[139.77015097,35.70647897],[139.77015097,35.7058909],[139.77015097,35.70585995],[139.77015097,35.70581352],[139.77013305,35.70534925],[139.77013305,35.70525639],[139.77013305,35.70522544],[139.77013305,35.70519449],[139.77011513,35.70468379],[139.77009722,35.70459094],[139.77009722,35.70451356],[139.77009722,35.70418857],[139.76998971,35.70377073],[139.76998971,35.7037243],[139.76997179,35.70367787],[139.76990013,35.70336836],[139.76968512,35.70338384],[139.76957762,35.70338384],[139.76932678,35.70339931],[139.76912969,35.70341479],[139.76909385,35.70341479],[139.76905802,35.70341479],[139.76878926,35.70343026],[139.76875343,35.70343026],[139.76848467,35.70344574],[139.76844884,35.70344574],[139.76837717,35.70344574],[139.76821591,35.70346121],[139.76805466,35.70346121],[139.76807257,35.70333741],[139.76807257,35.70329098],[139.76807257,35.7030898],[139.76809049,35.70295052],[139.76809049,35.70274933],[139.76787549,35.70273386],[139.76783965,35.70259458],[139.76676462,35.702641],[139.76667504,35.70240887],[139.76667504,35.70239339],[139.76656753,35.70216126],[139.76654961,35.70211483],[139.76640628,35.70178984],[139.76667504,35.70160413],[139.76683629,35.7014958],[139.7671588,35.70117081],[139.76719463,35.70110891],[139.76730214,35.70101605],[139.76744547,35.70117081],[139.76787549,35.70096963],[139.76769631,35.70073749],[139.7677859,35.70067559],[139.76850259,35.70013394],[139.76843092,35.69999466],[139.76839508,35.69991728],[139.76834133,35.69980895],[139.76828758,35.69970062],[139.76755298,35.69999466],[139.76748131,35.70002561],[139.76733797,35.70005656],[139.76732005,35.70007204],[139.76728422,35.70007204],[139.76710505,35.70011846],[139.76685421,35.69999466],[139.76667504,35.69991728],[139.76654961,35.69987085],[139.76642419,35.69980895],[139.76638836,35.69979348],[139.76622711,35.69973157],[139.76603002,35.69963872],[139.76563584,35.69973157],[139.76459664,35.69999466],[139.76456081,35.70001013],[139.7636112,35.7002887],[139.76344994,35.70031965],[139.76291243,35.70062916],[139.76224949,35.70126367],[139.76181948,35.70146485],[139.76129988,35.70158866],[139.76065487,35.70163508],[139.75848689,35.70166603],[139.75834355,35.70166603],[139.75832563,35.70166603],[139.75762686,35.70169699],[139.75719685,35.70171246],[139.7558889,35.7020065],[139.75560222,35.70205293],[139.75533346,35.70211483],[139.7541151,35.70236244],[139.75282506,35.70250172],[139.75081834,35.70265648],[139.75053166,35.70271838],[139.75031666,35.70278028],[139.75001206,35.70290409],[139.74999415,35.70291957],[139.74972539,35.70302789],[139.74906245,35.70312075],[139.74802326,35.7031517],[139.74676906,35.70312075],[139.7467153,35.70316718],[139.74646446,35.70312075],[139.74601653,35.70301242],[139.74599862,35.70299694],[139.7459807,35.70299694],[139.7458732,35.70290409],[139.74583736,35.70296599],[139.74576569,35.70304337],[139.74574778,35.70307432],[139.74571194,35.7030898],[139.74551485,35.70319813],[139.74549694,35.70319813],[139.74522818,35.70329098],[139.74506692,35.70341479],[139.74504901,35.70343026],[139.74499526,35.70347669],[139.74485192,35.70361597],[139.744619,35.70408024],[139.74452941,35.70431238],[139.74424273,35.70510164],[139.74352605,35.70743847],[139.74340063,35.70774798],[139.74338271,35.70777893],[139.74336479,35.70777893],[139.74329312,35.70787179],[139.74325729,35.70791821],[139.7431677,35.70798012],[139.7430602,35.7080575],[139.74280936,35.70813487],[139.74166266,35.70830511],[139.74148349,35.70833606],[139.74146557,35.70833606],[139.74015762,35.70852177],[139.73974552,35.70858367],[139.73872425,35.70872295],[139.73852716,35.7087539],[139.73696836,35.70900151],[139.73644876,35.70907889],[139.73610834,35.70914079],[139.7358575,35.70918722],[139.73580375,35.70910984],[139.73576791,35.70904794],[139.73564249,35.70886223],[139.73558874,35.70876938],[139.73548124,35.70861462],[139.73546332,35.70852177],[139.73542749,35.70833606],[139.73540957,35.70822773],[139.73539165,35.70822773],[139.73528415,35.70821225],[139.73490789,35.7081813],[139.73478247,35.70816582],[139.73474663,35.70816582],[139.73467496,35.70816582],[139.73420912,35.70821225],[139.73413745,35.70801107],[139.73410161,35.70793369],[139.73404786,35.70771703],[139.73333118,35.70770155],[139.73320576,35.70770155],[139.73288325,35.70737656],[139.73265032,35.70737656],[139.73259657,35.70739204],[139.7325249,35.70739204],[139.73245323,35.70739204],[139.7324174,35.70742299],[139.73223823,35.70763965],[139.7316828,35.70822773],[139.73166488,35.70827415],[139.73166488,35.70830511],[139.73166488,35.70833606],[139.73164696,35.70835153],[139.73177238,35.70890866],[139.73177238,35.70895509],[139.73180822,35.70914079],[139.73184405,35.7092646],[139.73173655,35.70929555],[139.73157529,35.7093265],[139.73144987,35.70935745],[139.7311632,35.70941936],[139.73005233,35.70941936],[139.72980149,35.70940388],[139.72971191,35.7093884],[139.72912064,35.70934198],[139.72908481,35.70934198],[139.72904897,35.70934198],[139.72858313,35.70931103],[139.72849354,35.70934198],[139.72843979,35.70937293],[139.72840395,35.7093884],[139.72822478,35.70946578],[139.72817103,35.70949673],[139.7281352,35.70957411],[139.72809936,35.70966697],[139.72804561,35.70980625],[139.72800978,35.7098991],[139.72741851,35.70994553],[139.72729309,35.70988363],[139.72702433,35.70975982],[139.72670182,35.70962054],[139.72663015,35.70958959],[139.72645098,35.70948126],[139.72641515,35.70945031],[139.72634348,35.70941936],[139.72621806,35.70934198],[139.72598514,35.7092027],[139.72591347,35.70923365],[139.72566263,35.70931103],[139.72541179,35.70941936],[139.72535803,35.70952769],[139.72526845,35.70972887],[139.7252147,35.70975982],[139.72519678,35.7097753],[139.72501761,35.70991458],[139.72499969,35.70991458],[139.72499969,35.70993005],[139.72430092,35.71014671],[139.72413967,35.71017767],[139.724068,35.71019314],[139.72351257,35.71030147],[139.72326173,35.7104098],[139.72322589,35.71065741],[139.72322589,35.71078122],[139.72320797,35.7109205],[139.72315422,35.71101335],[139.72301088,35.7110443],[139.72297505,35.7110443],[139.72297505,35.71105978],[139.72293922,35.71107526],[139.7225092,35.71124549],[139.7222942,35.71136929],[139.72211503,35.711555],[139.72209711,35.71157048],[139.72209711,35.71164786],[139.72216878,35.71186452],[139.72227628,35.71198832],[139.72243754,35.71218951],[139.72247337,35.71222046],[139.7225092,35.71226688],[139.72254504,35.71231331],[139.72265254,35.71243712],[139.72261671,35.71249902],[139.72238378,35.71265378],[139.72175668,35.71299424],[139.72152376,35.71311805],[139.72130875,35.71322638],[139.72077124,35.71356684],[139.72039498,35.7137216],[139.72035914,35.71373707],[139.72032331,35.71376803],[139.71980371,35.71398469],[139.71942745,35.71407754],[139.71939162,35.71409302],[139.71935578,35.71410849],[139.71919453,35.71413944],[139.71847784,35.7142942],[139.71806575,35.71434063],[139.71788657,35.71440253],[139.71785074,35.714418],[139.71779699,35.71443348],[139.71761782,35.71449538],[139.71747448,35.71461919],[139.71747448,35.71478942],[139.71758198,35.71523822],[139.71779699,35.7158882],[139.7178149,35.71605843],[139.71783282,35.71647627],[139.71790449,35.71655365],[139.71801199,35.71666198],[139.71806575,35.71672388],[139.71813741,35.71680126],[139.71815533,35.71681674],[139.71819117,35.71686316],[139.71815533,35.7170334],[139.71810158,35.71723458],[139.71802991,35.71738934],[139.71831659,35.71776075],[139.71890785,35.71751314],[139.71899744,35.71745124],[139.71901536,35.71749767],[139.71912286,35.71771433],[139.71931995,35.71800837],[139.7193737,35.71810122],[139.71939162,35.71813217],[139.71942745,35.71819407],[139.71946328,35.71825598],[139.7194812,35.71828693],[139.71953495,35.71837978],[139.71962454,35.71839526],[139.71976788,35.71839526],[139.72032331,35.71841073],[139.72084291,35.71851906],[139.72089666,35.71853454],[139.72095041,35.71853454],[139.72127292,35.71855002],[139.72170293,35.7188131],[139.72179252,35.71890596],[139.72186419,35.71896786],[139.72197169,35.71889048],[139.72200752,35.718875],[139.72202544,35.71884405],[139.72220461,35.71873572],[139.72224045,35.71873572],[139.72227628,35.7187512],[139.72233003,35.7187512],[139.72245545,35.71878215],[139.72261671,35.718875],[139.72272421,35.71896786],[139.72279588,35.71916904],[139.72283171,35.71924642],[139.72293922,35.71937023],[139.72308255,35.71949403],[139.72320797,35.71958689],[139.7235484,35.71971069],[139.72410383,35.71988092],[139.72444426,35.71994283],[139.72460551,35.71998925],[139.72473093,35.72000473],[139.72465926,35.72012854],[139.72435467,35.72054638],[139.72419342,35.72084042],[139.72388883,35.72142849],[139.72387091,35.72150587],[139.72388883,35.72159873],[139.72390674,35.72172253],[139.72405008,35.72195467],[139.72363799,35.72229513],[139.72345881,35.72240346],[139.72340506,35.72252727],[139.72338715,35.72268203],[139.72338715,35.7226975],[139.72336923,35.72289868],[139.72335131,35.72302249],[139.72333339,35.72303797],[139.72333339,35.72309987],[139.72329756,35.72323915],[139.72327964,35.72331653],[139.72319006,35.72368795],[139.72317214,35.72395103],[139.72313631,35.7242915],[139.72311839,35.7244153],[139.7230288,35.72466291],[139.72284963,35.72497243],[139.72283171,35.72500338],[139.72283171,35.72501885],[139.7228138,35.72503433],[139.72274213,35.72514266],[139.72290338,35.72520456],[139.72356632,35.72534384],[139.72394258,35.72542122],[139.72399633,35.7254367],[139.72401425,35.7254367],[139.72437259,35.72551408],[139.72430092,35.72582359],[139.72499969,35.72597835],[139.72516095,35.72602477],[139.72534012,35.7261331],[139.72526845,35.72631881],[139.72503553,35.72630334],[139.72499969,35.72634976],[139.72498177,35.72639619],[139.72492802,35.72645809],[139.72491011,35.72648905],[139.72482052,35.7266438],[139.72499969,35.72665928],[139.72512511,35.72665928],[139.72516095,35.72665928],[139.72525053,35.72667475],[139.72550137,35.7266438],[139.72562679,35.72669023],[139.72566263,35.72670571],[139.72571638,35.72672118],[139.7258418,35.72678308],[139.72611056,35.72665928],[139.72620014,35.7265819],[139.72648682,35.72704617],[139.72664807,35.72699974],[139.72675557,35.72695332],[139.727096,35.72684499],[139.72759768,35.72655095],[139.72765143,35.72653547],[139.72766935,35.72652],[139.72768727,35.72650452],[139.72793811,35.72638072],[139.72869063,35.72596287],[139.72915648,35.72571526],[139.72917439,35.72573074],[139.72937148,35.7259474],[139.7293894,35.72596287],[139.72951482,35.72602477],[139.72962232,35.7260712],[139.72972982,35.7261331],[139.72983733,35.72624143],[139.72987316,35.72628786],[139.73015984,35.72599382],[139.73039276,35.72571526],[139.73044651,35.72565336],[139.73057193,35.72546765],[139.73058985,35.72540575],[139.73060777,35.72540575],[139.73062568,35.72532837],[139.7306436,35.72523551],[139.73073319,35.72500338],[139.73076902,35.7248641],[139.73089444,35.7248641],[139.73100194,35.7248022],[139.73112736,35.72453911],[139.73112736,35.72449268],[139.73114528,35.72436888],[139.73139612,35.72424507],[139.73170071,35.72424507],[139.73196947,35.72410579],[139.73218448,35.72418317],[139.73222031,35.72418317],[139.73223823,35.72419864],[139.7324174,35.72424507],[139.7324174,35.7243534],[139.7324174,35.72438435],[139.73239948,35.72467839],[139.7325249,35.72466291],[139.73265032,35.72470934],[139.73291908,35.7248022],[139.7328295,35.7249879],[139.73286533,35.72500338],[139.73288325,35.72501885],[139.73291908,35.72500338],[139.73302658,35.724926],[139.733152,35.72500338],[139.73316992,35.72501885],[139.73320576,35.72503433],[139.73333118,35.72511171],[139.73333118,35.72512718],[139.73358202,35.72528194],[139.73361785,35.72531289],[139.73381494,35.7254367],[139.73397619,35.7254986],[139.73401203,35.72551408],[139.73404786,35.72552955],[139.73415537,35.72557598],[139.73435246,35.72518909],[139.73437037,35.72517361],[139.73438829,35.72515814],[139.73449579,35.72506528],[139.73476455,35.72517361],[139.73480038,35.72518909],[139.73483622,35.72520456],[139.73503331,35.72526647],[139.73514081,35.72531289],[139.7352304,35.72534384],[139.73530207,35.72534384],[139.73531998,35.72532837],[139.73540957,35.72523551],[139.73564249,35.72525099],[139.73574999,35.72525099],[139.73578583,35.72525099],[139.73601875,35.72529742],[139.73603667,35.72529742],[139.73557082,35.72604025],[139.73555291,35.72605573],[139.73553499,35.72608668],[139.73548124,35.72617953],[139.73562457,35.72622596],[139.73566041,35.72624143],[139.73582166,35.72628786],[139.7360725,35.72641167],[139.73612626,35.72644262],[139.73632334,35.72653547],[139.73698628,35.72676761],[139.7372192,35.72684499],[139.73727295,35.72686046],[139.73739837,35.72689141],[139.73727295,35.72710807],[139.73680711,35.72712355],[139.73678919,35.72726283],[139.73725504,35.72737116],[139.73716545,35.72749497],[139.73714753,35.72752592],[139.73704003,35.72768067],[139.73693253,35.72783543],[139.73689669,35.72791281],[139.73691461,35.72814494],[139.73686086,35.72839256],[139.73643085,35.72885683],[139.735965,35.72935205],[139.73614417,35.72950681],[139.73618001,35.72952228],[139.73652043,35.72981632],[139.73680711,35.7300175],[139.73682503,35.73004845],[139.73686086,35.73006393],[139.73689669,35.73007941],[139.73729087,35.73038892],[139.73732671,35.7304044],[139.73734462,35.73041987],[139.73781047,35.73079129],[139.73782839,35.73082224],[139.73786422,35.73083772],[139.73806131,35.73099247],[139.73831215,35.73119366],[139.73833007,35.73120913],[139.73834798,35.73122461],[139.73881383,35.73156507],[139.73886758,35.73162698],[139.73908259,35.73184364],[139.73933343,35.73168888],[139.73935135,35.7316734],[139.7395126,35.73156507],[139.73983511,35.73128651],[139.74010387,35.73105438],[139.7401397,35.73102342],[139.74017554,35.73099247],[139.74053388,35.73066748],[139.7405518,35.73065201],[139.74062347,35.7305901],[139.74085639,35.73035797],[139.74098181,35.73043535],[139.74099973,35.7304663],[139.74105348,35.73049725],[139.74112515,35.7305282],[139.74144766,35.73071391],[139.74148349,35.73072939],[139.74157308,35.73082224],[139.74159099,35.73082224],[139.74166266,35.73089962],[139.741806,35.73102342],[139.74166266,35.7311627],[139.74159099,35.73124008],[139.74157308,35.73127103],[139.74153724,35.73130199],[139.74146557,35.73136389],[139.74153724,35.73142579],[139.74155516,35.73142579],[139.74166266,35.73151865],[139.74250477,35.73213767],[139.74257644,35.7321841],[139.74271978,35.73229243],[139.74341854,35.73283408],[139.74352605,35.73289598],[139.74322146,35.73311264],[139.74332896,35.73325192],[139.74318562,35.7333293],[139.74313187,35.73337573],[139.74291686,35.73349953],[139.74263019,35.73360786],[139.7425406,35.73368524],[139.74245102,35.73379357],[139.74255852,35.73391738],[139.74266602,35.73402571],[139.74282728,35.73421142],[139.74286311,35.73427332],[139.74302437,35.73444355],[139.74311395,35.73456736],[139.74320354,35.73461378],[139.74340063,35.73458283],[139.74365147,35.73453641],[139.74381272,35.73452093],[139.74399189,35.73467569],[139.7440994,35.73483044],[139.74424273,35.73512448],[139.74435024,35.73534114],[139.74443982,35.73552685],[139.74456524,35.73575899],[139.744619,35.73583636],[139.74470858,35.73583636],[139.74481608,35.73580541],[139.74495942,35.73585184],[139.74504901,35.73585184],[139.74513859,35.73580541],[139.74531777,35.73571256],[139.74549694,35.7356197],[139.74564027,35.7355578],[139.74601653,35.73537209],[139.74605237,35.73534114],[139.74662572,35.73506258],[139.74664364,35.73510901],[139.74667947,35.73515543],[139.74676906,35.73534114],[139.74689448,35.73517091],[139.74691239,35.73513996],[139.74694823,35.73509353],[139.74811284,35.73349953],[139.7482741,35.73351501],[139.7483816,35.73351501],[139.74854286,35.73353049],[139.74865036,35.73353049],[139.74881161,35.7333293],[139.74884745,35.73328287],[139.74888328,35.73325192],[139.74918787,35.73288051],[139.7494208,35.73301979],[139.74943871,35.73303526],[139.74992248,35.7333293],[139.74999415,35.73337573],[139.75001206,35.73337573],[139.75022707,35.73351501],[139.75024499,35.73353049],[139.75028082,35.73356144],[139.75031666,35.73357691],[139.7505675,35.73391738],[139.75019124,35.73410309],[139.75028082,35.73416499],[139.75031666,35.73419594],[139.75037041,35.73422689],[139.75065708,35.73444355],[139.75105126,35.73442808],[139.75155294,35.73462926],[139.75173211,35.73470664],[139.75241297,35.73493877],[139.75248463,35.73496973],[139.75275339,35.73506258]]]]}},{"type":"Feature","properties":{"OBJECTID":14,"N03_001":"東京都","N03_002":null,"N03_003":null,"N03_004":"台東区","N03_007":"13106","Shape_Leng":0.173043845789845,"Shape_Area":0.001006625089809,"id":"gci:13106A1968"},"geometry":{"type":"MultiPolygon","coordinates":[[[[139.76278701,35.73074486],[139.76284076,35.73080676],[139.76287659,35.73083772],[139.7629841,35.73096152],[139.76321702,35.73119366],[139.76323494,35.73117818],[139.76336036,35.73113175],[139.76386204,35.73093057],[139.76398746,35.73088414],[139.7642383,35.73063653],[139.76427413,35.73060558],[139.76445331,35.73043535],[139.76473998,35.73014131],[139.76477581,35.73007941],[139.76509832,35.72949133],[139.76513416,35.7294449],[139.76513416,35.72942943],[139.76525958,35.72919729],[139.76547458,35.72877945],[139.76552834,35.72870207],[139.76556417,35.72860922],[139.76585085,35.72814494],[139.76588668,35.72808304],[139.76597627,35.72795924],[139.7660121,35.72771163],[139.76603002,35.72768067],[139.76603002,35.72763425],[139.76604793,35.72752592],[139.76658545,35.72752592],[139.76658545,35.72743306],[139.76662128,35.72743306],[139.76667504,35.72743306],[139.76672879,35.72743306],[139.76723047,35.72738664],[139.76816216,35.72747949],[139.76823383,35.72758782],[139.76826966,35.72763425],[139.76828758,35.72764972],[139.76837717,35.727789],[139.76884301,35.72789733],[139.76929094,35.72800566],[139.76977471,35.72812947],[139.77015097,35.72797471],[139.77016888,35.72797471],[139.77045556,35.72786638],[139.77083182,35.7277271],[139.771441,35.72749497],[139.7720681,35.72724735],[139.77273104,35.72699974],[139.77337606,35.72675213],[139.7735194,35.72670571],[139.77355523,35.72669023],[139.77427192,35.72642714],[139.77434359,35.72641167],[139.77484527,35.72624143],[139.7748811,35.72622596],[139.77491693,35.72621048],[139.77500652,35.72617953],[139.77516778,35.72611763],[139.77552612,35.72582359],[139.77554404,35.72580812],[139.77557987,35.72577716],[139.77583071,35.72557598],[139.77636823,35.72518909],[139.77643989,35.72514266],[139.77649365,35.72509623],[139.7766549,35.72500338],[139.77674449,35.72494148],[139.77688782,35.72494148],[139.7771745,35.724926],[139.77740742,35.724926],[139.77751492,35.724926],[139.7778016,35.72487957],[139.77796285,35.7248641],[139.77817786,35.72483315],[139.77826745,35.72481767],[139.77876913,35.72474029],[139.7789483,35.72472482],[139.77912747,35.72469387],[139.77989791,35.72463196],[139.77995166,35.72463196],[139.77998749,35.72463196],[139.78016667,35.72461649],[139.78045334,35.72461649],[139.78113419,35.72461649],[139.78118795,35.72461649],[139.7814567,35.72461649],[139.7814567,35.72467839],[139.7814567,35.72470934],[139.7814567,35.72475577],[139.78147462,35.72500338],[139.78147462,35.72508076],[139.78170754,35.72529742],[139.78183296,35.72531289],[139.7818688,35.72532837],[139.78190463,35.72532837],[139.78222714,35.72540575],[139.78222714,35.72551408],[139.78222714,35.72559146],[139.78222714,35.7261331],[139.78229881,35.72625691],[139.78267507,35.72652],[139.78305133,35.72667475],[139.78310508,35.72669023],[139.78324842,35.72676761],[139.78333801,35.72684499],[139.78376802,35.72732473],[139.78382177,35.72737116],[139.7838576,35.72741759],[139.7842697,35.72771163],[139.78434137,35.72777353],[139.78439512,35.72780448],[139.78444887,35.72786638],[139.78469971,35.72783543],[139.78475346,35.72781996],[139.78480721,35.72781996],[139.78545223,35.72775805],[139.78548807,35.72774258],[139.7855239,35.72774258],[139.78598975,35.72769615],[139.78679602,35.72792829],[139.78683185,35.72792829],[139.78690352,35.72794376],[139.78776355,35.72797471],[139.7878173,35.72800566],[139.78787105,35.72802114],[139.78788897,35.72802114],[139.78853399,35.72825327],[139.78871316,35.7283616],[139.78874899,35.72837708],[139.78878483,35.72839256],[139.7888565,35.72842351],[139.78946568,35.7287485],[139.78953735,35.72884135],[139.78955526,35.7288723],[139.7895911,35.72890325],[139.78973444,35.72908896],[139.78987777,35.72929015],[139.78993153,35.72933657],[139.79009278,35.72955323],[139.79039737,35.72990917],[139.79046904,35.73000203],[139.79057654,35.73012583],[139.79061238,35.73018774],[139.79075572,35.73045082],[139.79089905,35.73068296],[139.79120364,35.73122461],[139.79131115,35.73119366],[139.7913649,35.73117818],[139.79140073,35.7311627],[139.79166949,35.7311008],[139.79200992,35.73100795],[139.79211742,35.730977],[139.79235034,35.73091509],[139.79220701,35.73055915],[139.7924041,35.73038892],[139.79242201,35.73035797],[139.79245785,35.73032702],[139.79269077,35.73012583],[139.79306703,35.73026511],[139.7931387,35.73026511],[139.79317453,35.73026511],[139.79424956,35.73023416],[139.79426748,35.73023416],[139.79433915,35.73023416],[139.79442874,35.73023416],[139.79446457,35.7298937],[139.79494833,35.72987822],[139.79496625,35.72981632],[139.79496625,35.72976989],[139.79496625,35.72973894],[139.79502,35.729383],[139.79502,35.72933657],[139.79502,35.72930562],[139.79507375,35.72896516],[139.79570086,35.72899611],[139.79579044,35.72901158],[139.79770758,35.72910444],[139.79776133,35.72910444],[139.79781508,35.72910444],[139.79786883,35.72910444],[139.7991947,35.72916634],[139.79933804,35.72916634],[139.80000098,35.72919729],[139.800861,35.72922824],[139.80089684,35.72922824],[139.80095059,35.72922824],[139.80143435,35.72925919],[139.80175686,35.72922824],[139.80181061,35.72922824],[139.80213312,35.72919729],[139.80270647,35.72911991],[139.8027423,35.72911991],[139.80279606,35.72910444],[139.80537613,35.72876397],[139.8054478,35.72876397],[139.80551947,35.7287485],[139.80650491,35.72860922],[139.80664825,35.72859374],[139.8068095,35.72856279],[139.80833246,35.72834613],[139.80885206,35.72826875],[139.80971208,35.72812947],[139.80971208,35.72794376],[139.80965833,35.72682951],[139.80953291,35.72562241],[139.80944333,35.72500338],[139.80933582,35.72433792],[139.80908498,35.72297606],[139.80856539,35.72085589],[139.80842205,35.72037615],[139.80833246,35.72019044],[139.80786662,35.71929285],[139.80731118,35.71836431],[139.80664825,35.71743577],[139.80585989,35.71666198],[139.80322607,35.71407754],[139.80141643,35.71231331],[139.80064599,35.71178714],[139.80000098,35.71115263],[139.79939179,35.71054908],[139.79749257,35.70833606],[139.79702673,35.70777893],[139.79516334,35.70466832],[139.79500209,35.70440523],[139.79484083,35.70414214],[139.79478708,35.70401834],[139.79410623,35.70270291],[139.79347913,35.70121724],[139.79331787,35.70096963],[139.79270869,35.69999466],[139.79254743,35.69976252],[139.79200992,35.69900421],[139.79166949,35.69861732],[139.79166949,35.69860185],[139.79129323,35.69816853],[139.78998528,35.69674476],[139.78994944,35.69671381],[139.78982402,35.69651263],[139.78980611,35.69648168],[139.78950151,35.69603288],[139.78916109,35.69530552],[139.78891025,35.69470197],[139.78738729,35.69518172],[139.78590016,35.69564599],[139.78548807,35.69578527],[139.78547015,35.69578527],[139.78459221,35.69606383],[139.78340967,35.69645073],[139.78333801,35.6964662],[139.78254965,35.69657453],[139.78254965,35.69669834],[139.78256757,35.69676024],[139.78256757,35.69677571],[139.78256757,35.69686857],[139.78256757,35.696915],[139.7826034,35.69728641],[139.78262132,35.69736379],[139.78263924,35.6975495],[139.78265715,35.69771973],[139.78265715,35.69776616],[139.78265715,35.69785901],[139.78235256,35.69787449],[139.78231673,35.69788996],[139.78226298,35.69788996],[139.78177921,35.69792092],[139.78174338,35.69793639],[139.78170754,35.69793639],[139.78125961,35.69796734],[139.78118795,35.69798282],[139.78070418,35.69801377],[139.78031,35.69804472],[139.7802025,35.6980602],[139.78007708,35.69807567],[139.77996958,35.69807567],[139.780095,35.6986947],[139.780095,35.6987566],[139.78032792,35.69999466],[139.78034584,35.70005656],[139.78036376,35.70019584],[139.78038167,35.7002887],[139.78039959,35.70033512],[139.78018458,35.7003506],[139.780095,35.7003506],[139.77914539,35.70042798],[139.77910955,35.70042798],[139.7790558,35.70042798],[139.77871538,35.70045893],[139.7784287,35.70047441],[139.77694158,35.70059821],[139.77688782,35.70059821],[139.77663698,35.70061369],[139.77627864,35.70075297],[139.77615322,35.7007994],[139.77583071,35.70090772],[139.77575904,35.70093868],[139.77563362,35.7009851],[139.7756157,35.7009851],[139.77545445,35.70104701],[139.77536486,35.70107796],[139.77509611,35.70117081],[139.77500652,35.70121724],[139.77471985,35.70131009],[139.77466609,35.70132557],[139.77459443,35.70135652],[139.77457651,35.701372],[139.77448692,35.70140295],[139.774254,35.70148033],[139.77375232,35.70166603],[139.77355523,35.70174341],[139.77326855,35.70185174],[139.77317897,35.70188269],[139.77353731,35.70273386],[139.77360898,35.70293504],[139.77366273,35.70304337],[139.77337606,35.70305885],[139.77332231,35.70307432],[139.77330439,35.70307432],[139.77291021,35.70310527],[139.77287438,35.70312075],[139.77278479,35.70312075],[139.77287438,35.70370883],[139.77287438,35.70373978],[139.77287438,35.70377073],[139.77294605,35.7043588],[139.77296396,35.70443618],[139.77301771,35.70496236],[139.77303563,35.70502426],[139.77303563,35.70507069],[139.77303563,35.70510164],[139.77289229,35.70510164],[139.77267729,35.70513259],[139.77264145,35.70513259],[139.77181726,35.70520997],[139.77138725,35.70524092],[139.77135142,35.70524092],[139.77129767,35.70525639],[139.77043764,35.7053183],[139.77036597,35.70533377],[139.77033014,35.70533377],[139.77020472,35.70534925],[139.77013305,35.70534925],[139.77015097,35.70581352],[139.77015097,35.70585995],[139.77015097,35.7058909],[139.77015097,35.70647897],[139.77015097,35.70649445],[139.77015097,35.70655635],[139.77016888,35.70726823],[139.77016888,35.70733014],[139.77016888,35.70739204],[139.77016888,35.70742299],[139.77074223,35.70737656],[139.77083182,35.70736109],[139.77154851,35.70729919],[139.77158434,35.70729919],[139.77163809,35.70728371],[139.77213977,35.70723728],[139.77226519,35.70723728],[139.7723727,35.70722181],[139.77240853,35.70784084],[139.77233686,35.70802654],[139.77228311,35.70815035],[139.77221144,35.70833606],[139.77221144,35.70835153],[139.77199644,35.70833606],[139.77197852,35.70833606],[139.77145892,35.70830511],[139.77140517,35.70830511],[139.77129767,35.70828963],[139.77129767,35.70833606],[139.77124391,35.70898604],[139.77074223,35.70887771],[139.77068848,35.70886223],[139.77063473,35.70886223],[139.77000763,35.70872295],[139.76988221,35.708692],[139.76975679,35.70866105],[139.76970304,35.70864557],[139.76921927,35.70867652],[139.76911177,35.70867652],[139.76868176,35.70884676],[139.76823383,35.7088158],[139.76776798,35.70878485],[139.7673738,35.70870747],[139.76687212,35.70870747],[139.76667504,35.70870747],[139.76662128,35.70870747],[139.76662128,35.70876938],[139.7666392,35.70915627],[139.76665712,35.70982172],[139.76665712,35.71031695],[139.76667504,35.71039432],[139.76667504,35.7104717],[139.76669295,35.7104717],[139.76762465,35.71045623],[139.76801882,35.71045623],[139.76809049,35.71045623],[139.76823383,35.71045623],[139.76819799,35.71078122],[139.76818008,35.7109824],[139.76812633,35.7109824],[139.76805466,35.7109824],[139.76800091,35.71099788],[139.76764256,35.71101335],[139.76764256,35.71102883],[139.76753506,35.71107526],[139.76746339,35.71110621],[139.76740964,35.71113716],[139.76685421,35.71119906],[139.76690796,35.71129191],[139.76694379,35.71129191],[139.76735589,35.71133834],[139.76764256,35.71136929],[139.76766048,35.71260735],[139.76764256,35.71282401],[139.76764256,35.71288591],[139.76762465,35.71296329],[139.7673738,35.71307162],[139.76723047,35.71313352],[139.76681837,35.71325733],[139.76667504,35.71328828],[139.76610169,35.71345851],[139.76603002,35.71347399],[139.76568959,35.71358232],[139.76561792,35.71406206],[139.76597627,35.71454181],[139.76597627,35.71460371],[139.76603002,35.71497513],[139.76604793,35.71514536],[139.7660121,35.71542393],[139.76565376,35.71604295],[139.7654925,35.71649175],[139.76531333,35.71666198],[139.76511624,35.71686316],[139.76479373,35.71692507],[139.76472206,35.71694054],[139.76452497,35.71712625],[139.76450706,35.71718815],[139.76450706,35.71728101],[139.76490124,35.71752862],[139.76502666,35.717606],[139.76592251,35.71666198],[139.76597627,35.71661555],[139.76599418,35.71660008],[139.76619127,35.71666198],[139.76642419,35.71677031],[139.7666392,35.71684769],[139.76667504,35.71684769],[139.76667504,35.71686316],[139.76669295,35.71686316],[139.76672879,35.71687864],[139.76687212,35.71694054],[139.76692588,35.71686316],[139.76697963,35.71678579],[139.76706921,35.71666198],[139.76740964,35.71618223],[139.76758881,35.71596557],[139.7677859,35.71571796],[139.76780382,35.71571796],[139.76783965,35.71571796],[139.76850259,35.71579534],[139.76853842,35.71579534],[139.76868176,35.71581082],[139.76814424,35.71666198],[139.76798299,35.71692507],[139.76796507,35.71695602],[139.76794715,35.71698697],[139.76783965,35.7171572],[139.76780382,35.71720363],[139.7677859,35.71725006],[139.76776798,35.71728101],[139.76757089,35.717606],[139.76755298,35.71763695],[139.76753506,35.7176679],[139.7673738,35.71791551],[139.76732005,35.71799289],[139.76730214,35.71802384],[139.7672663,35.71807027],[139.76714088,35.7182405],[139.76667504,35.7187512],[139.76660337,35.7188131],[139.76656753,35.71885953],[139.7665317,35.71889048],[139.76637044,35.71906071],[139.76543875,35.72003568],[139.76540292,35.72008211],[139.76536708,35.72011306],[139.76522374,35.72025234],[139.76448914,35.72085589],[139.76445331,35.72088684],[139.76420247,35.72108803],[139.7636112,35.72158325],[139.76352161,35.72166063],[139.76325286,35.72187729],[139.76343203,35.72227966],[139.76357536,35.7226356],[139.7636112,35.72272845],[139.76416663,35.72405936],[139.76432789,35.72452363],[139.76432789,35.72453911],[139.7643458,35.72457006],[139.76436372,35.72464744],[139.76432789,35.72500338],[139.76429205,35.72523551],[139.76443539,35.72574621],[139.76445331,35.72576169],[139.76445331,35.72579264],[139.76452497,35.72602477],[139.76466831,35.72642714],[139.76466831,35.72645809],[139.76491915,35.7272164],[139.7649729,35.72757234],[139.76488332,35.72757234],[139.76481165,35.72758782],[139.7647579,35.72758782],[139.76465039,35.72758782],[139.76461456,35.72768067],[139.76459664,35.7277271],[139.76457873,35.72775805],[139.76445331,35.72802114],[139.76443539,35.72808304],[139.76436372,35.72845446],[139.76436372,35.72846993],[139.76422038,35.72868659],[139.76405913,35.72891873],[139.76402329,35.72899611],[139.76387996,35.72921277],[139.76377245,35.72936752],[139.76337828,35.72992465],[139.76332452,35.72998655],[139.76330661,35.7300175],[139.76314535,35.73023416],[139.7630916,35.73032702],[139.76301993,35.73041987],[139.76293035,35.73054368],[139.76278701,35.73074486]]]]}},{"type":"Feature","properties":{"OBJECTID":15,"N03_001":"東京都","N03_002":null,"N03_003":null,"N03_004":"墨田区","N03_007":"13107","Shape_Leng":0.202044305686738,"Shape_Area":0.001371696407134,"id":"gci:13107A1968"},"geometry":{"type":"MultiPolygon","coordinates":[[[[139.80971208,35.72812947],[139.80981959,35.72893421],[139.81003459,35.72986275],[139.81033919,35.73072939],[139.81059003,35.73139484],[139.81093045,35.73216862],[139.8113963,35.73297336],[139.81168297,35.7333293],[139.81220257,35.73396381],[139.81367178,35.73563518],[139.81392262,35.73592922],[139.81413763,35.73620778],[139.81440638,35.73668753],[139.81458556,35.7372137],[139.81465722,35.73760059],[139.81465722,35.73786368],[139.81449597,35.7388077],[139.81524849,35.73959696],[139.815571,35.7400767],[139.81601893,35.74075763],[139.81657436,35.74146952],[139.81666395,35.74154689],[139.81678937,35.7416707],[139.81680728,35.7416707],[139.81725521,35.74208854],[139.81781065,35.74242901],[139.81811524,35.74261472],[139.81831233,35.7426921],[139.81841983,35.74273852],[139.82035489,35.74343493],[139.82053406,35.74314089],[139.82053406,35.74312542],[139.82107157,35.74219687],[139.82139408,35.7416707],[139.82271995,35.7395041],[139.82383082,35.73770892],[139.82467292,35.73665658],[139.82481626,35.73648634],[139.82499543,35.73628516],[139.82499543,35.73626968],[139.82503127,35.73623873],[139.82567629,35.73554233],[139.82648256,35.73469116],[139.82773676,35.7333293],[139.82841761,35.73260194],[139.82908055,35.73189006],[139.82961806,35.73133294],[139.8297614,35.73117818],[139.83114102,35.72986275],[139.83144562,35.72955323],[139.83250273,35.72848541],[139.83252065,35.72845446],[139.83291482,35.72806757],[139.83332692,35.72764972],[139.83334484,35.72763425],[139.83463487,35.72633429],[139.83603241,35.72500338],[139.83710744,35.72395103],[139.83968751,35.72156778],[139.83983085,35.72144397],[139.8416584,35.71975712],[139.84167632,35.71975712],[139.84216008,35.71930832],[139.84167632,35.71893691],[139.8416584,35.71893691],[139.8409238,35.71834883],[139.84024295,35.71782266],[139.84002794,35.71769885],[139.83981293,35.71755957],[139.8390425,35.71711078],[139.83859457,35.71743577],[139.83836164,35.71752862],[139.83793163,35.71768338],[139.83751954,35.71777623],[139.83676702,35.71796194],[139.83610408,35.71796194],[139.8354949,35.71786908],[139.83501113,35.7176679],[139.83477821,35.71755957],[139.83415111,35.7171572],[139.83375693,35.71677031],[139.83368526,35.71666198],[139.83334484,35.71616676],[139.83332692,35.71615128],[139.83316566,35.71576439],[139.83311191,35.71547035],[139.83316566,35.71509894],[139.83321942,35.71495965],[139.83332692,35.71465014],[139.83332692,35.71461919],[139.83334484,35.71460371],[139.83363151,35.71401564],[139.83416903,35.71344304],[139.83468862,35.71300972],[139.83517239,35.71266925],[139.83536948,35.71252997],[139.83596074,35.71220498],[139.83820039,35.71147762],[139.83880957,35.71119906],[139.83931125,35.71087407],[139.83954418,35.71058003],[139.83959793,35.7103479],[139.83958001,35.71003838],[139.83949043,35.70982172],[139.83923959,35.70948126],[139.83888124,35.70915627],[139.83785996,35.70849081],[139.83762704,35.70833606],[139.83742995,35.70819678],[139.83662368,35.70753132],[139.83597866,35.70698967],[139.83563823,35.70668016],[139.83490363,35.705829],[139.83454529,35.70528735],[139.83440195,35.70496236],[139.83438403,35.70473022],[139.83449153,35.7043588],[139.83479613,35.70367787],[139.83504697,35.70330646],[139.83540531,35.70301242],[139.83465279,35.70288861],[139.83373901,35.70288861],[139.83334484,35.70290409],[139.83332692,35.70290409],[139.83192938,35.70290409],[139.83183979,35.70291957],[139.83092602,35.70295052],[139.83067518,35.70301242],[139.82934931,35.70377073],[139.82886554,35.70403381],[139.82791593,35.70437428],[139.82682298,35.70477665],[139.82585546,35.70517902],[139.82524627,35.7054421],[139.82499543,35.70553496],[139.82377707,35.70603018],[139.82309621,35.70629327],[139.82200327,35.70671111],[139.82035489,35.70733014],[139.81868859,35.70801107],[139.81870651,35.70774798],[139.81874234,35.70683492],[139.81877817,35.70633969],[139.81890359,35.70463737],[139.81895735,35.70370883],[139.81908277,35.70191364],[139.81910068,35.70175889],[139.8191186,35.70141842],[139.8192261,35.69999466],[139.81927985,35.69937563],[139.81942319,35.6969769],[139.81945903,35.69648168],[139.81947694,35.69623407],[139.81962028,35.69405199],[139.81967403,35.69330916],[139.81969195,35.6930306],[139.81954861,35.6930306],[139.81951278,35.6930306],[139.81945903,35.69301512],[139.81666395,35.69286036],[139.81535599,35.69278299],[139.81533808,35.69278299],[139.81524849,35.69278299],[139.8151589,35.69276751],[139.81510515,35.69276751],[139.8133851,35.69267466],[139.8133851,35.69261275],[139.81340302,35.69256633],[139.81340302,35.6925199],[139.81343886,35.69211753],[139.81343886,35.69208658],[139.81343886,35.69199373],[139.81334927,35.69199373],[139.81324177,35.69197825],[139.81238174,35.6919473],[139.81231007,35.6919473],[139.81225632,35.6919473],[139.81146797,35.69191635],[139.81148588,35.69180802],[139.8115038,35.69166874],[139.81153964,35.69126637],[139.81155755,35.69118899],[139.81157547,35.69095685],[139.81166506,35.69030688],[139.81166506,35.69026045],[139.81166506,35.6902295],[139.81171881,35.68991998],[139.81171881,35.6898426],[139.81173672,35.6897188],[139.81175464,35.68957952],[139.81175464,35.68953309],[139.81184423,35.68886764],[139.81184423,35.68877478],[139.81186215,35.68865098],[139.81188006,35.68855812],[139.81179048,35.68855812],[139.81173672,35.68855812],[139.81170089,35.68854265],[139.81082295,35.68851169],[139.81073336,35.68851169],[139.81066169,35.68849622],[139.80994501,35.68846527],[139.80987334,35.68846527],[139.80964042,35.68844979],[139.80953291,35.68844979],[139.80937166,35.68844979],[139.80946124,35.68699508],[139.80929999,35.6869796],[139.8091029,35.6869796],[139.8089954,35.68696413],[139.80861914,35.68694865],[139.80856539,35.68694865],[139.80849372,35.68694865],[139.80833246,35.68693317],[139.8074366,35.68688675],[139.80738285,35.68688675],[139.80734702,35.68688675],[139.80666617,35.6868558],[139.8061824,35.68684032],[139.80605698,35.68682484],[139.8055553,35.68680937],[139.80499987,35.68677842],[139.80494612,35.68725816],[139.80494612,35.68732007],[139.80489236,35.68772243],[139.80489236,35.68775339],[139.80489236,35.68778434],[139.80483861,35.68831051],[139.80480278,35.68849622],[139.80474903,35.68849622],[139.80464152,35.68849622],[139.80413984,35.68846527],[139.80351274,35.68843432],[139.80331565,35.68843432],[139.80215104,35.68837241],[139.80207937,35.68837241],[139.80204353,35.68837241],[139.80080725,35.68831051],[139.80066391,35.68831051],[139.80048474,35.68829504],[139.8001264,35.68888311],[139.80000098,35.6890843],[139.80000098,35.68909977],[139.79983972,35.68936286],[139.79942763,35.68957952],[139.79935596,35.68961047],[139.79917679,35.6897188],[139.7985676,35.68942476],[139.79810176,35.68919263],[139.79795842,35.68913072],[139.79706256,35.6886974],[139.79702673,35.68868193],[139.79672213,35.68854265],[139.79638171,35.68974975],[139.79620254,35.68973427],[139.7961667,35.68973427],[139.79514542,35.68962594],[139.79512751,35.6897188],[139.79512751,35.68976523],[139.79512751,35.6897807],[139.79505584,35.69016759],[139.79500209,35.69016759],[139.79493042,35.69015212],[139.79489458,35.69015212],[139.79356871,35.69001284],[139.79355079,35.69007474],[139.79355079,35.69013664],[139.79351496,35.69055449],[139.79349704,35.69064734],[139.79347913,35.69074019],[139.79347913,35.69081757],[139.79344329,35.69081757],[139.79338954,35.69081757],[139.79333579,35.6908021],[139.79249368,35.69077115],[139.79247576,35.69070924],[139.79247576,35.69064734],[139.79242201,35.69039973],[139.791992,35.69016759],[139.79192033,35.69012117],[139.7918845,35.69010569],[139.79166949,35.68998189],[139.79161574,35.68995093],[139.79157991,35.68993546],[139.79123948,35.68974975],[139.79113198,35.68968785],[139.79039737,35.68928548],[139.78964485,35.69018307],[139.78937609,35.69064734],[139.78916109,35.69103423],[139.78891025,35.69165326],[139.78891025,35.69166874],[139.78873107,35.692458],[139.78864149,35.69338654],[139.78873107,35.69403652],[139.78891025,35.69470197],[139.78916109,35.69530552],[139.78950151,35.69603288],[139.78980611,35.69648168],[139.78982402,35.69651263],[139.78994944,35.69671381],[139.78998528,35.69674476],[139.79129323,35.69816853],[139.79166949,35.69860185],[139.79166949,35.69861732],[139.79200992,35.69900421],[139.79254743,35.69976252],[139.79270869,35.69999466],[139.79331787,35.70096963],[139.79347913,35.70121724],[139.79410623,35.70270291],[139.79478708,35.70401834],[139.79484083,35.70414214],[139.79500209,35.70440523],[139.79516334,35.70466832],[139.79702673,35.70777893],[139.79749257,35.70833606],[139.79939179,35.71054908],[139.80000098,35.71115263],[139.80064599,35.71178714],[139.80141643,35.71231331],[139.80322607,35.71407754],[139.80585989,35.71666198],[139.80664825,35.71743577],[139.80731118,35.71836431],[139.80786662,35.71929285],[139.80833246,35.72019044],[139.80842205,35.72037615],[139.80856539,35.72085589],[139.80908498,35.72297606],[139.80933582,35.72433792],[139.80944333,35.72500338],[139.80953291,35.72562241],[139.80965833,35.72682951],[139.80971208,35.72794376],[139.80971208,35.72812947]]]]}},{"type":"Feature","properties":{"N03_001":"東京都","N03_002":null,"N03_003":null,"N03_004":"江東区","N03_007":"13108","id":"gci:13108A1968"},"geometry":{"type":"MultiPolygon","coordinates":[[[[139.79448249,35.59217551],[139.79421373,35.59234574],[139.79342537,35.59281001],[139.79390914,35.59305762],[139.79457207,35.59341356],[139.79498417,35.5936457],[139.79541418,35.59387783],[139.79582628,35.59410997],[139.79584419,35.59410997],[139.79607712,35.59423377],[139.79634587,35.59438853],[139.79700881,35.59474447],[139.79745674,35.59500756],[139.79758216,35.59506946],[139.79851385,35.59556468],[139.79858552,35.59561111],[139.79860344,35.59562659],[139.79914095,35.59590515],[139.79948138,35.59609086],[139.80000098,35.59636942],[139.80147018,35.59717415],[139.80225854,35.597592],[139.8037815,35.59841221],[139.80442652,35.59763843],[139.80000098,35.59525517],[139.79994723,35.59522422],[139.79448249,35.59217551]]],[[[139.79041529,35.60642862],[139.79036154,35.60639767],[139.7903257,35.60644409],[139.79037945,35.60647505],[139.79041529,35.60642862]]],[[[139.81019585,35.59375403],[139.80996292,35.59404806],[139.80833246,35.59604443],[139.8074366,35.5971432],[139.80707826,35.597592],[139.80695284,35.59774675],[139.80637949,35.59844316],[139.80620032,35.59865982],[139.80559113,35.59940265],[139.80585989,35.59954194],[139.80668408,35.60000621],[139.80725743,35.60031572],[139.80833246,35.60088832],[139.80985542,35.60170853],[139.81091253,35.60229661],[139.81125296,35.60248232],[139.81171881,35.60272993],[139.81320593,35.60353466],[139.81512307,35.60458701],[139.81666395,35.6054227],[139.8192261,35.60680004],[139.82010404,35.60727978],[139.82017571,35.60732621],[139.82021155,35.60734168],[139.8201578,35.60740359],[139.8201578,35.60741906],[139.8201578,35.60743454],[139.82022946,35.60748097],[139.8202653,35.60749644],[139.82028322,35.60748097],[139.82033697,35.60741906],[139.82031905,35.60738811],[139.82094615,35.60644409],[139.82146575,35.60562388],[139.8195307,35.60457154],[139.82056989,35.60296206],[139.81666395,35.60085737],[139.81523057,35.60006811],[139.81530224,35.60000621],[139.81666395,35.59831936],[139.81700437,35.59788604],[139.81666395,35.59770033],[139.81186215,35.59510041],[139.80886998,35.59878363],[139.80833246,35.59848959],[139.80786662,35.59824198],[139.80833246,35.59768485],[139.81110962,35.59426472],[139.81019585,35.59375403]]],[[[139.81936944,35.60898211],[139.8192261,35.60893568],[139.8192261,35.60895116],[139.81919027,35.60893568],[139.81919027,35.60895116],[139.81917235,35.60898211],[139.81919027,35.60899758],[139.81933361,35.60905949],[139.82144783,35.60946185],[139.82225411,35.60961661],[139.82323955,35.60980232],[139.82400999,35.60995708],[139.82422499,35.60998803],[139.82422499,35.6100035],[139.82429666,35.6100035],[139.82429666,35.61003446],[139.82440417,35.61004993],[139.82440417,35.61006541],[139.82442208,35.61006541],[139.82444,35.60997255],[139.82431458,35.60995708],[139.8243325,35.6099416],[139.82402791,35.6098797],[139.82325747,35.60972494],[139.82228994,35.60953923],[139.82146575,35.60938448],[139.81936944,35.60898211]]],[[[139.81727313,35.60974042],[139.81748814,35.60963209],[139.81777481,35.60949281],[139.81883193,35.60895116],[139.81881401,35.60893568],[139.81893943,35.60887378],[139.81870651,35.60874997],[139.81867067,35.60871902],[139.81870651,35.60867259],[139.81809732,35.60833213],[139.81666395,35.60755834],[139.80838621,35.60305492],[139.80833246,35.60303944],[139.80749035,35.60257517],[139.80564489,35.60158473],[139.80535821,35.60142997],[139.80507154,35.60127521],[139.80453402,35.60098117],[139.80365608,35.60050143],[139.80331565,35.60031572],[139.80324399,35.60026929],[139.8027423,35.60000621],[139.80159561,35.5993717],[139.80150602,35.59934075],[139.80130893,35.59921695],[139.80000098,35.59852054],[139.79854969,35.59773128],[139.79851385,35.5977158],[139.79840635,35.5976539],[139.79743882,35.59712773],[139.79727757,35.59705035],[139.79704464,35.59691107],[139.79494833,35.59578134],[139.79442874,35.59550278],[139.79362246,35.59505398],[139.79279827,35.59460519],[139.79238618,35.59438853],[139.79215325,35.59424925],[139.79166949,35.59400164],[139.79159782,35.59395521],[139.79157991,35.59395521],[139.79150824,35.59387783],[139.79116781,35.59332071],[139.79075572,35.59263978],[139.7906303,35.59240764],[139.79043321,35.59248502],[139.79048696,35.59257787],[139.79061238,35.59253145],[139.79068405,35.59265525],[139.79086322,35.59294929],[139.79109614,35.59333618],[139.79145449,35.59390878],[139.79149032,35.59395521],[139.79114989,35.59438853],[139.79027195,35.59545635],[139.79141865,35.59700392],[139.79113198,35.59712773],[139.79149032,35.597592],[139.79166949,35.59783961],[139.79181283,35.59804079],[139.79249368,35.59895386],[139.79328204,35.60000621],[139.79412414,35.60113593],[139.79441082,35.60099665],[139.79446457,35.60110498],[139.79475125,35.60125974],[139.79471541,35.60129069],[139.79509167,35.60149187],[139.79510959,35.60146092],[139.79521709,35.60150735],[139.79498417,35.60178591],[139.79575461,35.60280731],[139.79579044,35.60285373],[139.7961667,35.60337991],[139.79618462,35.60339538],[139.79589794,35.60351919],[139.79854969,35.6070786],[139.79881844,35.60693932],[139.79894386,35.60687741],[139.79905137,35.60692384],[139.7990872,35.60695479],[139.79910512,35.60695479],[139.79910512,35.60693932],[139.7990872,35.60692384],[139.79906928,35.60692384],[139.7990872,35.60690837],[139.79940971,35.60709407],[139.79944554,35.60704765],[139.79948138,35.6070786],[139.7994993,35.60704765],[139.79978597,35.6072024],[139.79976805,35.60723335],[139.79980389,35.60724883],[139.79976805,35.60727978],[139.80000098,35.60740359],[139.80005473,35.60743454],[139.80003681,35.60746549],[139.80084308,35.60791429],[139.80163144,35.60833213],[139.80268855,35.60890473],[139.80353066,35.609369],[139.80421151,35.60972494],[139.80455194,35.60991065],[139.80510737,35.61022016],[139.80600323,35.61069991],[139.8068095,35.61114871],[139.80766953,35.6115975],[139.8077412,35.61164393],[139.80809954,35.61182964],[139.80833246,35.61195344],[139.80874456,35.61218558],[139.80883414,35.612232],[139.80987334,35.61278913],[139.80994501,35.61283556],[139.80996292,35.61283556],[139.81059003,35.6131915],[139.81062586,35.61317602],[139.81062586,35.61316055],[139.81078711,35.61308317],[139.8108767,35.61303674],[139.81107379,35.61292841],[139.81125296,35.61283556],[139.81170089,35.6126189],[139.81180839,35.61255699],[139.81231007,35.61230938],[139.81241758,35.61224748],[139.81345677,35.61170583],[139.81347469,35.61170583],[139.81358219,35.61164393],[139.81406596,35.61139632],[139.81419138,35.61133441],[139.81481848,35.61100942],[139.81510515,35.61085467],[139.81514099,35.61083919],[139.8151589,35.61082372],[139.81517682,35.61082372],[139.81614435,35.61034397],[139.81666395,35.61006541],[139.81727313,35.60974042]]],[[[139.77285646,35.61475454],[139.77280271,35.61472359],[139.77213977,35.6155438],[139.77217561,35.61557475],[139.77285646,35.61475454]]],[[[139.82200327,35.61921154],[139.81772106,35.61752469],[139.81768523,35.61758659],[139.82196743,35.61928892],[139.82200327,35.61921154]]],[[[139.79763591,35.61738541],[139.79736715,35.61709137],[139.79734924,35.6170759],[139.79733132,35.6170759],[139.7973134,35.6170759],[139.7972059,35.61712232],[139.7972059,35.6171378],[139.79711631,35.61715327],[139.79709839,35.61715327],[139.79700881,35.61718423],[139.79674005,35.61667353],[139.79614878,35.6154819],[139.79611295,35.6154819],[139.79580836,35.61559023],[139.79562919,35.61523429],[139.79516334,35.61436765],[139.79487667,35.61379505],[139.79484083,35.6137641],[139.79444665,35.61390338],[139.79441082,35.61390338],[139.79437498,35.61394981],[139.79319245,35.61540452],[139.79217117,35.61667353],[139.79166949,35.61727708],[139.789179,35.62034127],[139.78830106,35.62142457],[139.785936,35.62431852],[139.78539848,35.62499945],[139.78529098,35.62513873],[139.7855239,35.62526254],[139.785936,35.6254792],[139.78753062,35.62633036],[139.78751271,35.62634584],[139.7890715,35.62718152],[139.789179,35.62724343],[139.78987777,35.62763032],[139.79152615,35.62558753],[139.79166949,35.62543277],[139.79166949,35.62541729],[139.79200992,35.62499945],[139.79256535,35.624334],[139.79493042,35.62142457],[139.79548585,35.62072816],[139.79573669,35.62043412],[139.79571877,35.62040317],[139.79552168,35.62024841],[139.79571877,35.6200627],[139.79631004,35.61956748],[139.79666838,35.61924249],[139.79674005,35.61918059],[139.79675797,35.61916511],[139.79674005,35.61914964],[139.79654296,35.61899488],[139.79792258,35.61772587],[139.79792258,35.6177104],[139.79765383,35.61741636],[139.79763591,35.61738541]]],[[[139.82082073,35.62882195],[139.82087448,35.62845053],[139.82194951,35.62854338],[139.82196743,35.62852791],[139.81702229,35.62804816],[139.81666395,35.62801721],[139.81125296,35.62750651],[139.81109171,35.62749104],[139.80833246,35.62722795],[139.80802787,35.627197],[139.80725743,35.62711962],[139.80725743,35.6271351],[139.80727535,35.62715057],[139.80802787,35.62721247],[139.80833246,35.62724343],[139.81109171,35.62750651],[139.81094837,35.62852791],[139.81100212,35.62852791],[139.81100212,35.62849696],[139.81096629,35.62849696],[139.81110962,35.62750651],[139.81125296,35.62752199],[139.81666395,35.62804816],[139.81700437,35.62807911],[139.82085657,35.62845053],[139.82080281,35.628791],[139.82076698,35.628791],[139.82074906,35.62882195],[139.82082073,35.62882195]]],[[[139.82074906,35.62933264],[139.82074906,35.62930169],[139.82080281,35.62900765],[139.82073115,35.62900765],[139.82073115,35.62903861],[139.82076698,35.62903861],[139.82073115,35.62930169],[139.82069531,35.62930169],[139.82069531,35.62933264],[139.82074906,35.62933264]]],[[[139.77344773,35.62026389],[139.77359106,35.62031032],[139.77301771,35.62100672],[139.77230103,35.62187336],[139.77222936,35.62196621],[139.7720681,35.62219835],[139.77199644,35.6222912],[139.77135142,35.62314237],[139.77142309,35.62318879],[139.77167393,35.62335903],[139.77294605,35.62425662],[139.77346564,35.62458161],[139.77377024,35.62478279],[139.77411066,35.62498397],[139.77412858,35.62499945],[139.77500652,35.62551015],[139.77572321,35.62592799],[139.77647573,35.62636131],[139.77678032,35.62653154],[139.777282,35.62681011],[139.7779091,35.62716605],[139.77875121,35.62759937],[139.78031,35.62841958],[139.78161796,35.62910051],[139.78176129,35.62917789],[139.78194047,35.62927074],[139.78213756,35.62937907],[139.78237048,35.62950288],[139.78272882,35.62905408],[139.78276466,35.62902313],[139.78283633,35.6289148],[139.78292591,35.62880647],[139.78297966,35.62874457],[139.78332009,35.6283422],[139.78333801,35.62832672],[139.78333801,35.62831125],[139.78357093,35.62804816],[139.78387552,35.62766127],[139.78461013,35.62676368],[139.78486097,35.62645417],[139.78495055,35.62634584],[139.78466388,35.62586609],[139.78333801,35.62515421],[139.78306925,35.62499945],[139.78247798,35.62468994],[139.78244215,35.62467446],[139.78099086,35.6238852],[139.78299758,35.62142457],[139.78333801,35.62100672],[139.78333801,35.62099125],[139.785936,35.61778778],[139.78661685,35.61696757],[139.78686769,35.61667353],[139.7877098,35.61562118],[139.78840857,35.61477002],[139.789179,35.61381052],[139.78968069,35.6131915],[139.79054071,35.61213915],[139.79138282,35.61110228],[139.79166949,35.61076181],[139.79263702,35.60958566],[139.79206367,35.60884283],[139.79168741,35.60833213],[139.79166949,35.60830118],[139.79154407,35.60814642],[139.7913649,35.60789881],[139.7908453,35.6072024],[139.79057654,35.60706312],[139.79057654,35.60704765],[139.79059446,35.6070167],[139.7902182,35.60681551],[139.79020028,35.60684646],[139.79018237,35.60684646],[139.7901107,35.60680004],[139.79034362,35.60652147],[139.79030779,35.60649052],[139.79030779,35.60647505],[139.78960902,35.60551555],[139.789179,35.60495843],[139.78880274,35.60444773],[139.78858774,35.60415369],[139.78808606,35.60348824],[139.78767396,35.60293111],[139.78724395,35.60235851],[139.78731562,35.60231208],[139.78715436,35.60209542],[139.78715436,35.60207995],[139.78713645,35.60206447],[139.78711853,35.602049],[139.78706478,35.60203352],[139.78704686,35.60203352],[139.78702894,35.602049],[139.78701103,35.60206447],[139.78690352,35.60192519],[139.78672435,35.60184781],[139.78665268,35.60192519],[139.78650935,35.6021109],[139.78643768,35.60220375],[139.78575682,35.60303944],[139.78518347,35.60373585],[139.78512972,35.60379775],[139.7848968,35.60409179],[139.78471763,35.60430845],[139.78443095,35.60467987],[139.78432345,35.6047882],[139.78401886,35.60517509],[139.78394719,35.60526794],[139.78333801,35.6059953],[139.78333801,35.60601078],[139.78317675,35.60618101],[139.78276466,35.60670718],[139.78179713,35.60789881],[139.78174338,35.60796071],[139.78143879,35.60833213],[139.78133128,35.60845593],[139.78109836,35.6087345],[139.7809371,35.60895116],[139.78079377,35.60913687],[139.78063251,35.60933805],[139.78048918,35.60949281],[139.78034584,35.60966304],[139.78016667,35.60989517],[139.7796829,35.61049873],[139.77944998,35.61077729],[139.77925289,35.61100942],[139.7790558,35.61125704],[139.77815994,35.61235581],[139.77778368,35.61282008],[139.77742534,35.6132534],[139.77713866,35.61362482],[139.77746117,35.61379505],[139.77715658,35.61385695],[139.77703116,35.61377957],[139.77509611,35.61613188],[139.77500652,35.61608545],[139.77500652,35.61606998],[139.77393149,35.61549737],[139.77389566,35.6155438],[139.77500652,35.61614735],[139.77506027,35.61617831],[139.77500652,35.61624021],[139.77500652,35.61625568],[139.77464818,35.61667353],[139.77463026,35.61670448],[139.77455859,35.61667353],[139.77348356,35.61608545],[139.77344773,35.61613188],[139.77445109,35.61667353],[139.77459443,35.61675091],[139.7741465,35.61730803],[139.77368065,35.61786516],[139.77364482,35.61792706],[139.77339398,35.6182211],[139.77316105,35.61849966],[139.77298188,35.61840681],[139.77289229,35.61853061],[139.77418233,35.61922702],[139.774254,35.61927344],[139.77394941,35.61964486],[139.7738419,35.61978414],[139.77344773,35.62026389]]],[[[139.81374345,35.63001358],[139.81153964,35.62979692],[139.81153964,35.62981239],[139.81374345,35.63002905],[139.81374345,35.63001358]]],[[[139.81592934,35.63021476],[139.81395845,35.63002905],[139.81395845,35.63004453],[139.81592934,35.63024571],[139.81592934,35.63021476]]],[[[139.81666395,35.63029214],[139.81614435,35.63023023],[139.81614435,35.63026119],[139.81666395,35.63030761],[139.81813316,35.63044689],[139.81813316,35.63043142],[139.81666395,35.63029214]]],[[[139.81944111,35.63055522],[139.81834816,35.63044689],[139.81834816,35.63047785],[139.81944111,35.6305707],[139.81944111,35.63055522]]],[[[139.81057211,35.62971954],[139.81055419,35.62971954],[139.81039294,35.63074093],[139.81042877,35.63074093],[139.81057211,35.62971954]]],[[[139.81064378,35.63074093],[139.81093045,35.62872909],[139.81096629,35.62872909],[139.81096629,35.62871362],[139.81091253,35.62869814],[139.81062586,35.63075641],[139.81067961,35.63077188],[139.81067961,35.63074093],[139.81064378,35.63074093]]],[[[139.84011753,35.63115878],[139.84008169,35.63070998],[139.84004586,35.63040047],[139.84001002,35.63002905],[139.83999211,35.62975049],[139.83997419,35.62939455],[139.83993836,35.62903861],[139.83990252,35.62863624],[139.83986669,35.62824935],[139.83984877,35.62790888],[139.83981293,35.62761484],[139.8397771,35.62718152],[139.83974127,35.62679463],[139.83972335,35.62640774],[139.8396696,35.62595894],[139.83963376,35.62552562],[139.83959793,35.62512326],[139.83959793,35.62499945],[139.83956209,35.62475184],[139.83952626,35.62430304],[139.83949043,35.62390068],[139.83947251,35.62349831],[139.83943667,35.62309594],[139.83940084,35.62275547],[139.83936501,35.62235311],[139.83932917,35.62191979],[139.83931125,35.6215948],[139.83929334,35.62142457],[139.83888124,35.61667353],[139.83868415,35.61421289],[139.83859457,35.61416647],[139.83594283,35.61271175],[139.83553073,35.61249509],[139.83540531,35.61263437],[139.83544114,35.61266532],[139.83415111,35.61424384],[139.83334484,35.61524976],[139.83332692,35.61524976],[139.83271773,35.61600807],[139.83259231,35.61614735],[139.83248481,35.61622473],[139.83232356,35.61606998],[139.82813094,35.61198439],[139.82804135,35.61203082],[139.82811302,35.6121082],[139.82816677,35.61207725],[139.83239523,35.61620926],[139.83244898,35.61627116],[139.83212647,35.61667353],[139.83062143,35.61848418],[139.83293274,35.61973771],[139.83171437,35.62123886],[139.83010183,35.62037222],[139.82940306,35.61998533],[139.82741425,35.61979962],[139.82718133,35.62142457],[139.82671548,35.62464351],[139.82666173,35.62499945],[139.82585546,35.63069451],[139.82635714,35.63074093],[139.82899096,35.63100402],[139.8291343,35.6310195],[139.83010183,35.63111235],[139.83020933,35.63111235],[139.83332692,35.63142186],[139.83334484,35.63142186],[139.83373901,35.63146829],[139.83504697,35.6315921],[139.83529781,35.63160757],[139.8357099,35.63163852],[139.83592491,35.63166947],[139.836122,35.63168495],[139.83639075,35.6317159],[139.83665951,35.63173138],[139.83667743,35.63174685],[139.83701786,35.6317778],[139.83710744,35.63105045],[139.83787788,35.63111235],[139.83837956,35.63115878],[139.83839748,35.63115878],[139.83846915,35.63117425],[139.83848706,35.63106592],[139.83882749,35.63111235],[139.83880957,35.6312052],[139.83895291,35.63122068],[139.83897083,35.63122068],[139.83907833,35.63123615],[139.83922167,35.63125163],[139.83916792,35.63157662],[139.83916792,35.6315921],[139.83913208,35.63185518],[139.83911417,35.63197899],[139.83961585,35.63202542],[139.83992044,35.63204089],[139.83990252,35.63205637],[139.83992044,35.63211827],[139.84017128,35.63213374],[139.8401892,35.63213374],[139.84013544,35.63153019],[139.84011753,35.63115878]]],[[[139.81342094,35.63225755],[139.81125296,35.63204089],[139.81125296,35.63205637],[139.81342094,35.63225755]]],[[[139.81560683,35.63245873],[139.81363595,35.63227303],[139.81363595,35.6322885],[139.81560683,35.63247421],[139.81560683,35.63245873]]],[[[139.81666395,35.63255159],[139.81582184,35.63247421],[139.81582184,35.63248969],[139.81666395,35.63256706],[139.81781065,35.63269087],[139.81781065,35.63267539],[139.81702229,35.63259802],[139.81666395,35.63255159]]],[[[139.82021155,35.63290753],[139.81802565,35.63269087],[139.81800774,35.63270635],[139.82021155,35.63292301],[139.82021155,35.63290753]]],[[[139.81039294,35.63092664],[139.81037502,35.63091117],[139.81008835,35.63298491],[139.81010626,35.63298491],[139.81039294,35.63092664]]],[[[139.81032127,35.63296943],[139.81060794,35.63097307],[139.81064378,35.63097307],[139.81064378,35.63094212],[139.81059003,35.63094212],[139.81030335,35.63300038],[139.8103571,35.63300038],[139.8103571,35.63298491],[139.81032127,35.63296943]]],[[[139.81125296,35.63431582],[139.81089462,35.63426939],[139.81089462,35.63430034],[139.81125296,35.63433129],[139.81309843,35.63450153],[139.81309843,35.63448605],[139.81125296,35.63431582]]],[[[139.81528433,35.63468723],[139.81331344,35.63450153],[139.81331344,35.634517],[139.81528433,35.63471819],[139.81528433,35.63468723]]],[[[139.81666395,35.63482652],[139.81551725,35.63471819],[139.81551725,35.63473366],[139.81666395,35.63484199],[139.81748814,35.63491937],[139.81748814,35.63490389],[139.81666395,35.63482652]]],[[[139.82771884,35.63495032],[139.82770093,35.63495032],[139.82768301,35.6349658],[139.82843553,35.63504318],[139.82843553,35.6350277],[139.82771884,35.63495032]]],[[[139.82938514,35.63512055],[139.82865054,35.63504318],[139.82865054,35.63505865],[139.82938514,35.63513603],[139.82938514,35.63512055]]],[[[139.81795398,35.63495032],[139.81770314,35.63493485],[139.81770314,35.63495032],[139.8177569,35.63495032],[139.81988904,35.63515151],[139.81988904,35.63513603],[139.81795398,35.63495032]]],[[[139.81026752,35.63334085],[139.81028543,35.63320157],[139.81032127,35.63320157],[139.81033919,35.63318609],[139.81026752,35.63317062],[139.8102496,35.63334085],[139.81001668,35.63495032],[139.80998084,35.63521341],[139.80999876,35.63521341],[139.81003459,35.63495032],[139.81026752,35.63334085]]],[[[139.81007043,35.63315514],[139.81005251,35.63315514],[139.81003459,35.63334085],[139.80980167,35.63495032],[139.80976584,35.63522888],[139.80978375,35.63522888],[139.80981959,35.63495032],[139.81005251,35.63334085],[139.81007043,35.63315514]]],[[[139.83010183,35.63518246],[139.82967181,35.63513603],[139.82967181,35.63515151],[139.83010183,35.63519793],[139.83040642,35.63522888],[139.83040642,35.63521341],[139.83010183,35.63518246]]],[[[139.81003459,35.63522888],[139.80998084,35.63522888],[139.80998084,35.63524436],[139.81003459,35.63524436],[139.81003459,35.63522888]]],[[[139.83137395,35.63530626],[139.83062143,35.63522888],[139.83062143,35.63524436],[139.83137395,35.63532174],[139.83137395,35.63530626]]],[[[139.82639297,35.63495032],[139.82655423,35.63485747],[139.82741425,35.63493485],[139.82741425,35.63491937],[139.82653631,35.63484199],[139.82635714,35.63495032],[139.82624963,35.63572411],[139.82626755,35.63572411],[139.82630339,35.63546102],[139.82633922,35.63524436],[139.82637506,35.6349658],[139.82639297,35.63495032]]],[[[139.83250273,35.63541459],[139.8316427,35.63532174],[139.8316427,35.63535269],[139.83250273,35.63543007],[139.83264607,35.63555387],[139.83271773,35.63634313],[139.83273565,35.63634313],[139.83266398,35.6355384],[139.83250273,35.63541459]]],[[[139.81125296,35.63657527],[139.81059003,35.63651337],[139.81059003,35.63654432],[139.81125296,35.63660622],[139.81168297,35.63663717],[139.81168297,35.6366217],[139.81125296,35.63657527]]],[[[139.81277592,35.63673003],[139.81189798,35.63663717],[139.81189798,35.63665265],[139.81277592,35.6367455],[139.81277592,35.63673003]]],[[[139.81386887,35.63682288],[139.81299093,35.6367455],[139.81299093,35.63676098],[139.81386887,35.63685383],[139.81386887,35.63682288]]],[[[139.82623172,35.63594077],[139.8262138,35.63594077],[139.8261063,35.63671455],[139.82624963,35.63685383],[139.82716341,35.63694669],[139.82716341,35.63693121],[139.82624963,35.63683836],[139.82612421,35.63669907],[139.82623172,35.63594077]]],[[[139.81496182,35.63693121],[139.81410179,35.63685383],[139.81408387,35.63686931],[139.81496182,35.63694669],[139.81496182,35.63693121]]],[[[139.82814886,35.63702406],[139.82737842,35.63694669],[139.82737842,35.63696216],[139.82814886,35.63703954],[139.82814886,35.63702406]]],[[[139.81605476,35.63703954],[139.81519474,35.63696216],[139.81517682,35.63697764],[139.81605476,35.63705502],[139.81605476,35.63703954]]],[[[139.8291343,35.63711692],[139.82836386,35.63703954],[139.82836386,35.63705502],[139.8291343,35.63713239],[139.8291343,35.63711692]]],[[[139.80973,35.63558482],[139.80971208,35.63558482],[139.80947916,35.63714787],[139.80949708,35.63714787],[139.80973,35.63558482]]],[[[139.81666395,35.63710144],[139.81628769,35.63705502],[139.81628769,35.63708597],[139.81666395,35.63711692],[139.81714771,35.63716335],[139.81716563,35.63714787],[139.81666395,35.63710144]]],[[[139.80994501,35.63561578],[139.80992709,35.63561578],[139.80969417,35.63717882],[139.80974792,35.63717882],[139.80976584,35.63714787],[139.80973,35.63714787],[139.80994501,35.63561578]]],[[[139.83010183,35.63720977],[139.82934931,35.63713239],[139.82934931,35.63716335],[139.83010183,35.63722525],[139.83011974,35.63722525],[139.83011974,35.63720977],[139.83010183,35.63720977]]],[[[139.81825858,35.6372562],[139.81738063,35.63716335],[139.81738063,35.63717882],[139.81825858,35.63727168],[139.81825858,35.6372562]]],[[[139.83110519,35.63730263],[139.83033475,35.63724072],[139.83033475,35.6372562],[139.83110519,35.6373181],[139.83110519,35.63730263]]],[[[139.81956653,35.63738],[139.81847358,35.63727168],[139.81847358,35.63728715],[139.81956653,35.63739548],[139.81956653,35.63738]]],[[[139.83264607,35.63747286],[139.83282524,35.63733358],[139.83275357,35.63657527],[139.83273565,35.63657527],[139.8327894,35.63733358],[139.83264607,35.63745738],[139.83132019,35.63733358],[139.83132019,35.63734905],[139.83264607,35.63747286]]],[[[139.80944333,35.63750381],[139.80942541,35.63750381],[139.80933582,35.63815379],[139.80931791,35.63835497],[139.80933582,35.63837045],[139.80935374,35.63815379],[139.80944333,35.63750381]]],[[[139.81958445,35.63892757],[139.81947694,35.63872639],[139.81947694,35.63874187],[139.81956653,35.63894305],[139.81958445,35.63892757]]],[[[139.81988904,35.638974],[139.81981737,35.638974],[139.81981737,35.63902043],[139.81987112,35.6390359],[139.81988904,35.638974]]],[[[139.81906485,35.63915971],[139.81935152,35.638974],[139.81960236,35.63900495],[139.81960236,35.63895853],[139.81956653,35.63895853],[139.81956653,35.638974],[139.81935152,35.63895853],[139.81908277,35.63912876],[139.81906485,35.63909781],[139.81902901,35.63911328],[139.81906485,35.63915971]]],[[[139.81883193,35.63925256],[139.81904693,35.63909781],[139.81902901,35.63908233],[139.81881401,35.63923709],[139.81883193,35.63925256]]],[[[139.81883193,35.63925256],[139.81884984,35.63926804],[139.81843775,35.63953113],[139.81675353,35.63937637],[139.81666395,35.63936089],[139.81596518,35.63929899],[139.81354636,35.63906686],[139.81180839,35.63889662],[139.81125296,35.6388502],[139.80989126,35.63872639],[139.80955083,35.63837045],[139.80958666,35.63815379],[139.80967625,35.63753476],[139.80965833,35.63751929],[139.80956875,35.63815379],[139.80953291,35.63838592],[139.80987334,35.63874187],[139.81125296,35.63886567],[139.81179048,35.63892757],[139.81354636,35.63908233],[139.81594726,35.63931447],[139.81666395,35.63939185],[139.81675353,35.63939185],[139.81845566,35.63956208],[139.81886776,35.63928352],[139.81890359,35.63926804],[139.81886776,35.63923709],[139.81883193,35.63925256]]],[[[139.82818469,35.64067633],[139.82743217,35.64059895],[139.82741425,35.64061442],[139.82818469,35.6406918],[139.82818469,35.64067633]]],[[[139.82918805,35.64076918],[139.82841761,35.6406918],[139.82841761,35.64072275],[139.82918805,35.64078466],[139.82918805,35.64076918]]],[[[139.83010183,35.64086204],[139.82940306,35.64078466],[139.82940306,35.64081561],[139.83010183,35.64087751],[139.83015558,35.64087751],[139.8301735,35.64086204],[139.83010183,35.64086204]]],[[[139.83114102,35.64095489],[139.8303885,35.64089299],[139.8303885,35.64090846],[139.83114102,35.64097037],[139.83114102,35.64095489]]],[[[139.83214438,35.64104774],[139.83137395,35.64098584],[139.83137395,35.64100132],[139.83212647,35.6410787],[139.83214438,35.64104774]]],[[[139.8262138,35.64066085],[139.82633922,35.64052157],[139.82719925,35.64059895],[139.82719925,35.64058347],[139.8263213,35.64050609],[139.82617797,35.64064538],[139.82655423,35.64146559],[139.82657214,35.64146559],[139.8262138,35.64066085]]],[[[139.83302233,35.6411406],[139.83235939,35.6410787],[139.83234147,35.64109417],[139.83300441,35.64115607],[139.83311191,35.64129536],[139.83314775,35.64166677],[139.83318358,35.64200724],[139.8332015,35.64200724],[139.83316566,35.64166677],[139.83312983,35.64129536],[139.83302233,35.6411406]]],[[[139.82667965,35.64166677],[139.82666173,35.64163582],[139.82664381,35.64163582],[139.82664381,35.64166677],[139.82696632,35.6423477],[139.82714549,35.64245603],[139.82789801,35.64253341],[139.82789801,35.64251794],[139.82714549,35.64244056],[139.82698424,35.6423477],[139.82667965,35.64166677]]],[[[139.82891929,35.64261079],[139.82818469,35.64254889],[139.82816677,35.64256436],[139.82891929,35.64264174],[139.82891929,35.64261079]]],[[[139.82988682,35.64270364],[139.8291343,35.64264174],[139.8291343,35.64265722],[139.8298689,35.64271912],[139.82988682,35.64270364]]],[[[139.83089018,35.64281197],[139.83015558,35.64273459],[139.83015558,35.64275007],[139.83089018,35.64282745],[139.83089018,35.64281197]]],[[[139.82481626,35.63967041],[139.82483418,35.63957755],[139.82499543,35.63959303],[139.82682298,35.63977874],[139.82857887,35.63994897],[139.82863262,35.63994897],[139.83010183,35.64008825],[139.83056767,35.64013468],[139.83295066,35.64036681],[139.83287899,35.6394228],[139.83286107,35.63939185],[139.83286107,35.63937637],[139.83286107,35.63917519],[139.83284315,35.63917519],[139.83284315,35.63914423],[139.83282524,35.63878829],[139.83280732,35.63855616],[139.8327894,35.63854068],[139.83277149,35.63820022],[139.83226981,35.63815379],[139.83010183,35.63795261],[139.8290268,35.63784428],[139.82847136,35.63778237],[139.82723508,35.63767404],[139.82721716,35.63764309],[139.82712758,35.63764309],[139.82712758,35.63765857],[139.82678715,35.63762762],[139.82512085,35.63745738],[139.8254792,35.63495032],[139.82551503,35.63474914],[139.82551503,35.63471819],[139.82555087,35.63448605],[139.82553295,35.63448605],[139.82553295,35.63443962],[139.82555087,35.63425391],[139.82553295,35.63425391],[139.82549711,35.63447057],[139.82499543,35.63442415],[139.82383082,35.63431582],[139.82379498,35.63431582],[139.82375915,35.63430034],[139.82368748,35.63430034],[139.82366956,35.63430034],[139.82359789,35.63428487],[139.82356206,35.63428487],[139.82352622,35.63428487],[139.82116116,35.63406821],[139.82107157,35.63467176],[139.82107157,35.63468723],[139.82105365,35.63478009],[139.82105365,35.63479556],[139.82103574,35.63495032],[139.82056989,35.63815379],[139.82044447,35.63905138],[139.82013988,35.6390359],[139.82013988,35.63900495],[139.82010404,35.63900495],[139.82010404,35.63905138],[139.82044447,35.63908233],[139.82150158,35.64016563],[139.82220035,35.64089299],[139.82293496,35.64166677],[139.82295288,35.64168225],[139.82286329,35.64231675],[139.8237054,35.64239413],[139.82426083,35.64245603],[139.82461917,35.64248698],[139.82499543,35.64251794],[139.82612421,35.64264174],[139.8261063,35.64282745],[139.82612421,35.64282745],[139.82616005,35.64262626],[139.82571212,35.64166677],[139.82556878,35.64135726],[139.82522836,35.64058347],[139.82499543,35.64010373],[139.82499543,35.64008825],[139.8249596,35.6399954],[139.82494168,35.63997992],[139.82481626,35.63967041]]],[[[139.83185771,35.64290483],[139.83110519,35.64282745],[139.83110519,35.64284292],[139.83183979,35.6429203],[139.83185771,35.64290483]]],[[[139.83311191,35.64304411],[139.83327317,35.64290483],[139.83321942,35.64220842],[139.8332015,35.64220842],[139.83325525,35.64290483],[139.833094,35.64301316],[139.83209063,35.6429203],[139.83209063,35.64293578],[139.83311191,35.64304411]]],[[[139.78246006,35.63900495],[139.78242423,35.63900495],[139.7823884,35.63900495],[139.78235256,35.63900495],[139.78229881,35.63902043],[139.78226298,35.63905138],[139.78222714,35.63906686],[139.78220922,35.63909781],[139.78219131,35.63912876],[139.78217339,35.63915971],[139.78217339,35.63919066],[139.78217339,35.63922161],[139.78217339,35.63926804],[139.78219131,35.63928352],[139.78220922,35.63932994],[139.78222714,35.63936089],[139.78226298,35.63937637],[139.78333801,35.63996445],[139.785936,35.64137273],[139.78647351,35.64166677],[139.78916109,35.64313696],[139.7896986,35.643431],[139.78984194,35.6434929],[139.78989569,35.64352386],[139.78994944,35.64352386],[139.79000319,35.64352386],[139.79005695,35.64350838],[139.79009278,35.6434929],[139.79012861,35.64347743],[139.79016445,35.64346195],[139.79018237,35.643431],[139.7902182,35.64340005],[139.7902182,35.6433691],[139.79023612,35.64332267],[139.79023612,35.64327624],[139.7902182,35.64322982],[139.79020028,35.64319887],[139.79018237,35.64316791],[139.79014653,35.64312149],[139.78916109,35.64259531],[139.78744104,35.64166677],[139.785936,35.64084656],[139.78333801,35.63945375],[139.78253173,35.63902043],[139.78251382,35.63902043],[139.78246006,35.63900495]]],[[[139.79666838,35.64669637],[139.7966863,35.6466809],[139.79666838,35.6466809],[139.79666838,35.64669637],[139.79665047,35.64669637],[139.79519917,35.64589164],[139.79245785,35.64439049],[139.79236826,35.64434407],[139.79233243,35.64431312],[139.791992,35.64412741],[139.79166949,35.64395717],[139.79134698,35.64377147],[139.7912574,35.64372504],[139.79114989,35.64370956],[139.79107822,35.64370956],[139.79104239,35.64370956],[139.79098864,35.64372504],[139.7909528,35.64375599],[139.79091697,35.64377147],[139.79088114,35.64380242],[139.79086322,35.64384884],[139.7908453,35.64389527],[139.7908453,35.64392622],[139.7908453,35.64397265],[139.79086322,35.6440036],[139.79088114,35.64405003],[139.79093489,35.64409646],[139.79109614,35.64418931],[139.79123948,35.64426669],[139.79127531,35.64425121],[139.79132907,35.64428216],[139.79131115,35.64429764],[139.79166949,35.64449882],[139.79206367,35.64470001],[139.79215325,35.64476191],[139.79645338,35.64706779],[139.79654296,35.64711422],[139.79659671,35.64712969],[139.79665047,35.64712969],[139.79670422,35.64712969],[139.79675797,35.64711422],[139.7967938,35.64709874],[139.79682964,35.64706779],[139.79686547,35.64703684],[139.79688339,35.64697493],[139.79690131,35.64692851],[139.79688339,35.64688208],[139.79684755,35.64682018],[139.79677589,35.6467428],[139.79666838,35.64669637]]],[[[139.83540531,35.70301242],[139.83567407,35.70287314],[139.83624742,35.7025791],[139.83803913,35.70183627],[139.84052962,35.70095415],[139.84074463,35.70087677],[139.84119256,35.70069107],[139.8416584,35.70048988],[139.84167632,35.70048988],[139.84266177,35.70007204],[139.8428051,35.69999466],[139.84380846,35.69953039],[139.84452515,35.69908159],[139.84500891,35.69864827],[139.84511642,35.69855542],[139.84549268,35.69810662],[139.84565393,35.69792092],[139.84637062,35.6969769],[139.84690814,35.69620311],[139.84757107,35.69516624],[139.84764274,35.69505791],[139.84771441,35.69496506],[139.84776816,35.69402104],[139.84782191,35.69292227],[139.84783983,35.69256633],[139.84785775,35.69166874],[139.84787566,35.69100328],[139.84787566,35.690864],[139.84789358,35.69055449],[139.84785775,35.69024497],[139.84780399,35.68973427],[139.84776816,35.68925453],[139.84758899,35.68809385],[139.84744565,35.68762958],[139.84708731,35.68637605],[139.84683647,35.6853237],[139.84663938,35.68458087],[139.84647812,35.68399279],[139.84638854,35.68338924],[139.84642437,35.68332734],[139.84660354,35.68306425],[139.84631687,35.68256903],[139.8455106,35.68128455],[139.84563602,35.68114526],[139.84579727,35.68102146],[139.84640645,35.68054171],[139.84717689,35.67993816],[139.84823401,35.67913342],[139.84778608,35.67787989],[139.8473919,35.67636328],[139.84733815,35.67610019],[139.84712314,35.67500141],[139.84689022,35.67385621],[139.84672896,35.67229317],[139.84663938,35.67133368],[139.84649604,35.66990991],[139.84638854,35.66791355],[139.84629895,35.66666002],[139.84608395,35.6636113],[139.84603019,35.66288395],[139.84601228,35.66260538],[139.84595853,35.66204826],[139.84588686,35.66090306],[139.84568977,35.65833409],[139.84567185,35.65805553],[139.84554643,35.65670915],[139.84296636,35.65681748],[139.84291261,35.65612107],[139.84291261,35.65610559],[139.84289469,35.65610559],[139.84289469,35.65609012],[139.84287677,35.65609012],[139.84285885,35.65609012],[139.84282302,35.65609012],[139.84273343,35.65517705],[139.84273343,35.65500682],[139.84273343,35.65491397],[139.8426976,35.65479016],[139.84255426,35.65466635],[139.84253635,35.65441874],[139.84253635,35.65437232],[139.84262593,35.65435684],[139.84260801,35.65424851],[139.84260801,35.65423303],[139.84255426,35.65339735],[139.84233926,35.65341282],[139.84232134,35.65328902],[139.84221384,35.65328902],[139.84219592,35.65322711],[139.84219592,35.65318069],[139.84219592,35.65316521],[139.84219592,35.65314974],[139.84219592,35.65313426],[139.84221384,35.65311878],[139.84221384,35.65308783],[139.84221384,35.65302593],[139.84221384,35.65299498],[139.84219592,35.65296403],[139.84221384,35.65293308],[139.84221384,35.6529176],[139.84223175,35.65290213],[139.84224967,35.65287117],[139.84224967,35.65282475],[139.84226759,35.65271642],[139.84226759,35.65268547],[139.84226759,35.65266999],[139.84226759,35.65263904],[139.84224967,35.65262356],[139.84223175,35.65259261],[139.84223175,35.65257714],[139.84221384,35.65254618],[139.84221384,35.65253071],[139.84221384,35.65249976],[139.84221384,35.65246881],[139.84221384,35.65242238],[139.84221384,35.65237595],[139.84221384,35.65231405],[139.84219592,35.65223667],[139.84219592,35.65219024],[139.84219592,35.65214382],[139.84219592,35.65211286],[139.84219592,35.65208191],[139.84221384,35.65203549],[139.84221384,35.65195811],[139.84221384,35.6518962],[139.842178,35.65181883],[139.84216008,35.6517724],[139.84214217,35.65174145],[139.84212425,35.65169502],[139.84212425,35.65164859],[139.84210633,35.65160217],[139.84210633,35.65144741],[139.84210633,35.65137003],[139.84210633,35.65133908],[139.84210633,35.65130813],[139.84210633,35.65129265],[139.84208842,35.65127718],[139.84208842,35.6512617],[139.8420705,35.65124623],[139.8420705,35.65121527],[139.8420705,35.65118432],[139.8420705,35.65115337],[139.8420705,35.65112242],[139.84201675,35.65104504],[139.84199883,35.65102957],[139.84199883,35.65099861],[139.84198091,35.65095219],[139.84198091,35.65089028],[139.841963,35.65084386],[139.84194508,35.65082838],[139.84189133,35.65076648],[139.84181966,35.650751],[139.84180174,35.65073553],[139.84176591,35.65073553],[139.84174799,35.65073553],[139.84173007,35.650751],[139.84167632,35.65019388],[139.84167632,35.65003912],[139.8416584,35.64999269],[139.84162257,35.64949747],[139.84137173,35.64791895],[139.84135381,35.64779515],[139.84133589,35.64762491],[139.84133589,35.64754754],[139.84131798,35.64726897],[139.84131798,35.64723802],[139.84131798,35.64717612],[139.84130006,35.64702136],[139.84128214,35.64692851],[139.84128214,35.64683565],[139.84126423,35.64654162],[139.84126423,35.64646424],[139.84115672,35.64530356],[139.84104922,35.64397265],[139.84097755,35.64298221],[139.84088797,35.64196081],[139.84087005,35.64166677],[139.8408163,35.64087751],[139.84070879,35.63968588],[139.84060129,35.63820022],[139.84060129,35.63815379],[139.84033253,35.63495032],[139.84026086,35.63389797],[139.83941876,35.63380512],[139.83934709,35.63380512],[139.83931125,35.63380512],[139.83880957,35.63375869],[139.83866624,35.63374322],[139.8385229,35.63372774],[139.83825414,35.63369679],[139.83814664,35.63368131],[139.83784205,35.63365036],[139.83759121,35.63363489],[139.83739412,35.63361941],[139.83710744,35.63358846],[139.83680285,35.63355751],[139.83676702,35.63355751],[139.83678493,35.63349561],[139.83658784,35.63348013],[139.83642659,35.63346465],[139.83642659,35.63352656],[139.83642659,35.63354203],[139.836337,35.63354203],[139.83628325,35.63352656],[139.83606825,35.63334085],[139.83606825,35.63332537],[139.83599658,35.6333099],[139.83594283,35.63329442],[139.83583532,35.63327895],[139.83576365,35.63327895],[139.8357099,35.63327895],[139.83567407,35.63327895],[139.83553073,35.63326347],[139.8354949,35.63326347],[139.83536948,35.63324799],[139.83513655,35.63321704],[139.83506488,35.63321704],[139.83488571,35.63318609],[139.83463487,35.63317062],[139.83440195,35.63313967],[139.83413319,35.63312419],[139.83388235,35.63309324],[139.83386443,35.63309324],[139.8337211,35.63307776],[139.83364943,35.63307776],[139.83359568,35.63307776],[139.83336275,35.63304681],[139.83334484,35.63304681],[139.83332692,35.63304681],[139.83323733,35.63303134],[139.83300441,35.63300038],[139.83295066,35.63300038],[139.8326819,35.63298491],[139.83261023,35.63296943],[139.83230564,35.63295396],[139.83225189,35.63293848],[139.83218022,35.63293848],[139.83191146,35.63290753],[139.83176812,35.63290753],[139.83173229,35.63289205],[139.83166062,35.63287658],[139.83160687,35.63287658],[139.83139186,35.6328611],[139.83132019,35.63284563],[139.83117686,35.63284563],[139.83103352,35.63283015],[139.83081851,35.63281468],[139.83053184,35.63278372],[139.83010183,35.6327373],[139.82721716,35.63247421],[139.82499543,35.63224207],[139.82388457,35.63213374],[139.82384873,35.6321647],[139.82246911,35.63204089],[139.82221827,35.63202542],[139.82194951,35.63199446],[139.82166284,35.63197899],[139.82159117,35.63194804],[139.82159117,35.63191709],[139.82159117,35.63187066],[139.82159117,35.63182423],[139.82159117,35.6317778],[139.82160909,35.6317159],[139.82160909,35.63168495],[139.82160909,35.63162305],[139.821627,35.6315921],[139.82160909,35.63154567],[139.82159117,35.63153019],[139.82153742,35.63153019],[139.82164492,35.63075641],[139.82168076,35.63058618],[139.82171659,35.63058618],[139.82175242,35.63058618],[139.82177034,35.63055522],[139.82180618,35.63030761],[139.82178826,35.63027666],[139.82175242,35.63026119],[139.82148367,35.63023023],[139.82117908,35.63019928],[139.8208924,35.63018381],[139.82064156,35.63015286],[139.82064156,35.63013738],[139.82067739,35.62978144],[139.82069531,35.62975049],[139.82062364,35.62975049],[139.82062364,35.62976596],[139.82067739,35.62978144],[139.82060573,35.63024571],[139.82169867,35.63033856],[139.821627,35.63081831],[139.82160909,35.63091117],[139.82142992,35.63214922],[139.82142992,35.63224207],[139.82126866,35.63334085],[139.82125074,35.6334337],[139.82169867,35.63348013],[139.82171659,35.63348013],[139.82209285,35.63352656],[139.82211077,35.63352656],[139.82338289,35.63365036],[139.82361581,35.63366584],[139.82365164,35.63366584],[139.82368748,35.63366584],[139.82375915,35.63368131],[139.82377707,35.63368131],[139.82384873,35.63368131],[139.82388457,35.63369679],[139.82393832,35.63369679],[139.82452959,35.63375869],[139.82499543,35.63380512],[139.82515669,35.6338206],[139.82540753,35.63383607],[139.8255867,35.63385155],[139.82555087,35.63406821],[139.8255867,35.63408368],[139.82560462,35.63385155],[139.82564045,35.63386702],[139.82583754,35.6338825],[139.82657214,35.6339444],[139.82659006,35.6339444],[139.82770093,35.63405273],[139.82875804,35.63416106],[139.82967181,35.63423844],[139.83010183,35.63428487],[139.83069309,35.63434677],[139.83192938,35.6344551],[139.83253856,35.634517],[139.8327894,35.63453248],[139.8327894,35.63454795],[139.83332692,35.63459438],[139.83334484,35.63459438],[139.83366734,35.63462533],[139.83370318,35.63495032],[139.83397194,35.63815379],[139.83402569,35.63863354],[139.83406152,35.63906686],[139.83406152,35.63919066],[139.83407944,35.63929899],[139.83409736,35.63950017],[139.83409736,35.63959303],[139.83415111,35.64022753],[139.83420486,35.64084656],[139.83427653,35.64166677],[139.83427653,35.6417132],[139.83438403,35.64295125],[139.83447362,35.6440655],[139.83381068,35.6440036],[139.83334484,35.64395717],[139.83332692,35.64395717],[139.8327894,35.64391075],[139.83133811,35.64375599],[139.83010183,35.64364766],[139.82985099,35.64361671],[139.82854303,35.6434929],[139.82716341,35.6433691],[139.82607046,35.64326077],[139.82608838,35.64305958],[139.82607046,35.64305958],[139.82603463,35.64326077],[139.82499543,35.64315244],[139.82490585,35.64315244],[139.8245475,35.64312149],[139.8227737,35.64295125],[139.82221827,35.64295125],[139.82168076,35.64293578],[139.82125074,35.64250246],[139.82080281,35.64203819],[139.82044447,35.64166677],[139.82040864,35.64163582],[139.8195307,35.64154297],[139.81816899,35.64141916],[139.81666395,35.64127988],[139.8166102,35.6412644],[139.81589351,35.6412025],[139.81241758,35.64086204],[139.81125296,35.64075371],[139.81119921,35.64075371],[139.80903123,35.64055252],[139.80833246,35.64047514],[139.80811746,35.64045967],[139.8080637,35.64098584],[139.80802787,35.64118703],[139.80800995,35.6412025],[139.8079562,35.64166677],[139.80788453,35.64211557],[139.80788453,35.64220842],[139.80786662,35.64223937],[139.8078487,35.6423477],[139.8078487,35.64245603],[139.80781286,35.64267269],[139.80781286,35.64268817],[139.80777703,35.64290483],[139.80777703,35.6429203],[139.80775911,35.64301316],[139.80775911,35.64302863],[139.8077412,35.64312149],[139.80772328,35.64333815],[139.80772328,35.64335362],[139.80800995,35.64344648],[139.80833246,35.64353933],[139.80878039,35.64367861],[139.80860122,35.64487024],[139.80863705,35.64488572],[139.80860122,35.64497857],[139.80861914,35.64500952],[139.80863705,35.64504047],[139.80865497,35.64504047],[139.80878039,35.64505595],[139.80888789,35.64507142],[139.80894165,35.6450869],[139.8089954,35.64511785],[139.80904915,35.6451488],[139.8091029,35.64517975],[139.80915665,35.64524166],[139.80919249,35.64531904],[139.8092104,35.64539641],[139.8092104,35.64547379],[139.80917457,35.64567498],[139.80885206,35.64564403],[139.80886998,35.64555117],[139.80886998,35.64550474],[139.80886998,35.64547379],[139.80886998,35.64544284],[139.80885206,35.64542737],[139.80883414,35.64541189],[139.80879831,35.64539641],[139.80876247,35.64539641],[139.80869081,35.64538094],[139.80863705,35.64538094],[139.80860122,35.64538094],[139.80854747,35.64544284],[139.80852955,35.64561307],[139.80833246,35.64558212],[139.80818912,35.64558212],[139.80815329,35.64556665],[139.80811746,35.64558212],[139.80792037,35.64556665],[139.80772328,35.64555117],[139.80770536,35.64555117],[139.80770536,35.6455357],[139.80768744,35.6455357],[139.80766953,35.6455357],[139.80750827,35.64550474],[139.80736493,35.64548927],[139.8072216,35.64530356],[139.80718576,35.64528808],[139.80706034,35.64527261],[139.80693492,35.64525713],[139.80673783,35.64524166],[139.80655866,35.64522618],[139.80654074,35.64522618],[139.80652283,35.64522618],[139.80637949,35.64521071],[139.80636157,35.64521071],[139.80634366,35.64519523],[139.80632574,35.64517975],[139.80603906,35.64488572],[139.80603906,35.64479286],[139.80605698,35.64466906],[139.8061824,35.64466906],[139.80603906,35.64465358],[139.80605698,35.64446787],[139.80609282,35.64446787],[139.80632574,35.6427965],[139.80616448,35.64276555],[139.8061824,35.64267269],[139.80614657,35.64267269],[139.80614657,35.64261079],[139.80625407,35.64194533],[139.80625407,35.64189891],[139.80627199,35.641837],[139.8062899,35.64172867],[139.8062899,35.64169772],[139.8062899,35.64166677],[139.80630782,35.64160487],[139.80632574,35.64138821],[139.80637949,35.64140369],[139.80645116,35.64084656],[139.80648699,35.64066085],[139.806702,35.63917519],[139.80688117,35.63798356],[139.80682742,35.63798356],[139.80698867,35.63690026],[139.80562697,35.63677645],[139.80557322,35.63676098],[139.80136268,35.63635861],[139.80141643,35.63488842],[139.80145227,35.63406821],[139.80147018,35.63334085],[139.8014881,35.63281468],[139.8003414,35.63106592],[139.80044891,35.63075641],[139.80062808,35.63030761],[139.80218687,35.62622203],[139.8012731,35.62499945],[139.80100434,35.62462803],[139.80082517,35.62441137],[139.80000098,35.62329712],[139.7998218,35.62306499],[139.79885428,35.62176503],[139.79862135,35.62176503],[139.7985676,35.62181146],[139.79629212,35.62462803],[139.79598753,35.62499945],[139.79579044,35.62523159],[139.79521709,35.62595894],[139.79326412,35.6283422],[139.79260118,35.62916241],[139.79247576,35.62931717],[139.79235034,35.62923979],[139.79235034,35.62922431],[139.79229659,35.62919336],[139.79197408,35.62902313],[139.79192033,35.62910051],[139.79227868,35.62928622],[139.79227868,35.62927074],[139.79243993,35.6293636],[139.79202783,35.62987429],[139.79166949,35.62967311],[139.78944776,35.62848148],[139.78939401,35.62845053],[139.78941193,35.62841958],[139.78942984,35.62841958],[139.78941193,35.62838863],[139.78928651,35.62832672],[139.789179,35.62826482],[139.78912525,35.62823387],[139.7890715,35.62821839],[139.78905358,35.62821839],[139.78903567,35.62823387],[139.78903567,35.62824935],[139.78846232,35.62793983],[139.78849815,35.62790888],[139.78849815,35.62789341],[139.78733354,35.62727438],[139.78731562,35.6272589],[139.7872977,35.62727438],[139.78699311,35.62763032],[139.78701103,35.62763032],[139.78674227,35.62792436],[139.78636601,35.6284041],[139.78633017,35.6284041],[139.78631226,35.62841958],[139.78627642,35.62843505],[139.78625851,35.62845053],[139.78624059,35.62846601],[139.78622267,35.62848148],[139.78622267,35.62849696],[139.78620475,35.62852791],[139.78620475,35.62854338],[139.78620475,35.62855886],[139.78582849,35.62903861],[139.78570307,35.62920884],[139.78545223,35.62950288],[139.78529098,35.62971954],[139.78527306,35.62973501],[139.78525514,35.62975049],[139.78523723,35.62975049],[139.78521931,35.62973501],[139.7850043,35.62962668],[139.78498639,35.62961121],[139.78496847,35.62961121],[139.78496847,35.62962668],[139.78493263,35.62961121],[139.78477138,35.62981239],[139.78468179,35.62992072],[139.78461013,35.63001358],[139.78457429,35.63004453],[139.78412636,35.63060165],[139.78405469,35.63067903],[139.78392927,35.63084926],[139.78367843,35.63112782],[139.78339176,35.63151472],[139.78333801,35.63157662],[139.783123,35.63182423],[139.78303341,35.63194804],[139.78194047,35.63329442],[139.78190463,35.63334085],[139.78176129,35.63351108],[139.78147462,35.6338825],[139.7809371,35.634517],[139.78059668,35.63493485],[139.78011291,35.6355384],[139.77973665,35.63600267],[139.77885871,35.63708597],[139.7788408,35.63708597],[139.77878704,35.63711692],[139.77873329,35.63714787],[139.77869746,35.63717882],[139.77867954,35.63722525],[139.77866162,35.63724072],[139.77864371,35.63727168],[139.77864371,35.6373181],[139.77866162,35.63736453],[139.77869746,35.63741096],[139.77873329,35.63744191],[139.77880496,35.63750381],[139.77887663,35.63753476],[139.77887663,35.63755024],[139.77887663,35.63756571],[139.77898413,35.63764309],[139.77909164,35.63770499],[139.77907372,35.63772047],[139.77909164,35.63772047],[139.77923497,35.63781332],[139.77928872,35.6378288],[139.77937831,35.6378907],[139.77941415,35.6378907],[139.77943206,35.6378907],[139.7794679,35.63790618],[139.77950373,35.63792165],[139.77955748,35.63793713],[139.7795754,35.63793713],[139.77959332,35.63793713],[139.77977249,35.63802998],[139.77979041,35.63801451],[139.77989791,35.63807641],[139.77998749,35.63813831],[139.78007708,35.63818474],[139.78108044,35.63872639],[139.78111628,35.63875734],[139.78115211,35.63877282],[139.78117003,35.63877282],[139.78120586,35.63878829],[139.7812417,35.63878829],[139.78127753,35.63878829],[139.78131337,35.63877282],[139.7813492,35.63877282],[139.78138503,35.63875734],[139.78142087,35.63874187],[139.78143879,35.63872639],[139.7814567,35.63871091],[139.78147462,35.63869544],[139.7819763,35.63850973],[139.78263924,35.63768952],[139.78333801,35.63806094],[139.78414428,35.63850973],[139.7843772,35.63943827],[139.78482513,35.63968588],[139.78487888,35.63963946],[139.7848968,35.63963946],[139.78493263,35.63963946],[139.78496847,35.63967041],[139.7850043,35.63968588],[139.78505805,35.63971683],[139.78509389,35.63971683],[139.78511181,35.63973231],[139.78512972,35.63973231],[139.78512972,35.63974779],[139.78512972,35.63976326],[139.78512972,35.63977874],[139.78512972,35.63979421],[139.78509389,35.63984064],[139.78557765,35.64008825],[139.78699311,35.64086204],[139.7870827,35.64075371],[139.78722603,35.64081561],[139.78711853,35.64093941],[139.78727978,35.64101679],[139.78848023,35.64166677],[139.78849815,35.64168225],[139.78851607,35.64166677],[139.7885519,35.64160487],[139.78858774,35.64160487],[139.78860565,35.64160487],[139.78862357,35.64162034],[139.78865941,35.64163582],[139.78867732,35.6416513],[139.78867732,35.64166677],[139.78862357,35.64174415],[139.78916109,35.64203819],[139.78991361,35.64244056],[139.78996736,35.64237865],[139.79000319,35.64237865],[139.79003903,35.64237865],[139.79005695,35.64237865],[139.79020028,35.64245603],[139.7902182,35.64247151],[139.7902182,35.64248698],[139.79023612,35.64251794],[139.79018237,35.64257984],[139.79166949,35.64340005],[139.79269077,35.64395717],[139.79279827,35.64401908],[139.79304911,35.64414288],[139.79310287,35.6440655],[139.7931387,35.6440655],[139.79317453,35.6440655],[139.79319245,35.64408098],[139.79322829,35.64409646],[139.79322829,35.64411193],[139.79322829,35.64412741],[139.79317453,35.64422026],[139.79401664,35.64466906],[139.79408831,35.64459168],[139.79410623,35.64459168],[139.79414206,35.64459168],[139.79415998,35.64460715],[139.79419581,35.64460715],[139.79419581,35.6446381],[139.79419581,35.64465358],[139.79419581,35.64466906],[139.79414206,35.64473096],[139.79444665,35.64490119],[139.79505584,35.64412741],[139.79496625,35.64408098],[139.79496625,35.64405003],[139.79496625,35.64401908],[139.79498417,35.6440036],[139.79502,35.64398813],[139.79503792,35.64397265],[139.79505584,35.64397265],[139.79514542,35.64401908],[139.79584419,35.64316791],[139.79588003,35.64312149],[139.79591586,35.64313696],[139.79607712,35.64322982],[139.79611295,35.64316791],[139.7961667,35.64310601],[139.79629212,35.64318339],[139.79623837,35.64322982],[139.79620254,35.64329172],[139.79699089,35.64372504],[139.79747466,35.64397265],[139.79785092,35.64440597],[139.79781508,35.64442145],[139.79781508,35.64443692],[139.79810176,35.64474643],[139.79767174,35.64774872],[139.79765383,35.64777967],[139.79765383,35.64781062],[139.79767174,35.64784157],[139.79768966,35.64785705],[139.7972059,35.64816656],[139.79675797,35.64842965],[139.79672213,35.6484606],[139.79613087,35.64904868],[139.79548585,35.64968318],[139.79552168,35.64969866],[139.79555752,35.64971413],[139.79527084,35.64999269],[139.79482291,35.65042601],[139.79455416,35.65025578],[139.79398081,35.65082838],[139.79346121,35.65047244],[139.79315662,35.65054982],[139.7930312,35.65030221],[139.79312078,35.65028673],[139.79340746,35.64999269],[139.79496625,35.6484606],[139.79509167,35.64835227],[139.79469749,35.6472535],[139.79467958,35.6472535],[139.79469749,35.64722255],[139.79358663,35.64661899],[139.79242201,35.64598449],[139.79166949,35.64558212],[139.79152615,35.64550474],[139.79150824,35.6455357],[139.79149032,35.64552022],[139.79150824,35.64550474],[139.79141865,35.64544284],[139.79109614,35.64527261],[139.79102447,35.64522618],[139.79098864,35.64525713],[139.79097072,35.64524166],[139.79100656,35.64522618],[139.78985986,35.64459168],[139.78916109,35.64422026],[139.788964,35.64411193],[139.78846232,35.64384884],[139.78774563,35.64346195],[139.7870827,35.64310601],[139.78674227,35.6429203],[139.78640184,35.64273459],[139.78636601,35.64271912],[139.78634809,35.64275007],[139.78633017,35.64273459],[139.78634809,35.64270364],[139.78570307,35.64236318],[139.78482513,35.64188343],[139.78443095,35.64166677],[139.78403678,35.64145011],[139.78333801,35.6410787],[139.78276466,35.64076918],[139.78192255,35.64030491],[139.78016667,35.63936089],[139.78002333,35.63936089],[139.77973665,35.63936089],[139.77937831,35.63936089],[139.77880496,35.63936089],[139.77878704,35.63939185],[139.77875121,35.63939185],[139.77744326,35.64067633],[139.77645781,35.64166677],[139.77608155,35.64203819],[139.7761353,35.64240961],[139.77860787,35.64408098],[139.78054293,35.64539641],[139.78267507,35.64683565],[139.78333801,35.64728445],[139.78432345,35.6479499],[139.78507597,35.6484606],[139.78659893,35.64949747],[139.78690352,35.64945105],[139.7871902,35.64963675],[139.78733354,35.64974508],[139.7874052,35.64979151],[139.78756646,35.64989984],[139.7877098,35.64999269],[139.78892816,35.65081291],[139.78916109,35.65098314],[139.78935818,35.65110694],[139.78966277,35.65109147],[139.79166949,35.65242238],[139.79166949,35.65243785],[139.79242201,35.65293308],[139.791992,35.65335092],[139.79166949,35.65367591],[139.79143657,35.65390805],[139.7909528,35.65438779],[139.79091697,35.6546354],[139.79102447,35.65472826],[139.79104239,35.65472826],[139.79106031,35.65471278],[139.79107822,35.65472826],[139.79111406,35.65474373],[139.79114989,35.65477468],[139.79116781,35.65477468],[139.79120364,35.65479016],[139.79122156,35.65480564],[139.79123948,35.65479016],[139.79166949,35.65499134],[139.79183075,35.6550842],[139.79186658,35.65519253],[139.79181283,35.65526991],[139.79166949,35.65528538],[139.79163366,35.65528538],[139.79104239,35.65499134],[139.79102447,35.65499134],[139.79104239,35.65497587],[139.79104239,35.65496039],[139.79102447,35.65496039],[139.79097072,35.65492944],[139.7909528,35.65492944],[139.79091697,35.65491397],[139.79088114,35.65497587],[139.7908453,35.65511515],[139.79097072,35.65519253],[139.79080947,35.65542466],[139.79080947,35.65550204],[139.79088114,35.65554847],[139.79077363,35.65567227],[139.79070196,35.65633773],[139.7895911,35.65626035],[139.78950151,35.65698771],[139.78941193,35.65793173],[139.78937609,35.65822576],[139.78935818,35.65833409],[139.78928651,35.65884479],[139.78923276,35.65915431],[139.78912525,35.6607483],[139.78912525,35.66101139],[139.78908942,35.66224944],[139.78916109,35.66362678],[139.78912525,35.66467913],[139.7890715,35.66563862],[139.78894608,35.66653621],[139.78891025,35.66666002],[139.7888565,35.6669231],[139.78874899,35.66740285],[139.78858774,35.66786712],[139.78794272,35.66969325],[139.78779938,35.66990991],[139.78754854,35.67062179],[139.7872977,35.67147296],[139.78717228,35.67227769],[139.78715436,35.67292767],[139.78711853,35.67390264],[139.78717228,35.67450619],[139.78726187,35.67500141],[139.78727978,35.67509427],[139.78753062,35.67616209],[139.78756646,35.67625495],[139.78758438,35.6762859],[139.78785313,35.6769823],[139.78869524,35.6785144],[139.788964,35.67896319],[139.78908942,35.67916438],[139.78923276,35.67935008],[139.78982402,35.68004649],[139.79077363,35.68123812],[139.79113198,35.68171787],[139.79166949,35.68233689],[139.79166949,35.68235237],[139.79179491,35.68249165],[139.79186658,35.68256903],[139.79211742,35.6830333],[139.79229659,35.68332734],[139.79238618,35.68348209],[139.79263702,35.68437968],[139.79274452,35.68515347],[139.79274452,35.68600463],[139.79265494,35.6864689],[139.79236826,35.68710341],[139.7920995,35.68747482],[139.79195617,35.68766053],[139.79166949,35.68795457],[139.79039737,35.68928548],[139.79113198,35.68968785],[139.79123948,35.68974975],[139.79157991,35.68993546],[139.79161574,35.68995093],[139.79166949,35.68998189],[139.7918845,35.69010569],[139.79192033,35.69012117],[139.791992,35.69016759],[139.79242201,35.69039973],[139.79247576,35.69064734],[139.79247576,35.69070924],[139.79249368,35.69077115],[139.79333579,35.6908021],[139.79338954,35.69081757],[139.79344329,35.69081757],[139.79347913,35.69081757],[139.79347913,35.69074019],[139.79349704,35.69064734],[139.79351496,35.69055449],[139.79355079,35.69013664],[139.79355079,35.69007474],[139.79356871,35.69001284],[139.79489458,35.69015212],[139.79493042,35.69015212],[139.79500209,35.69016759],[139.79505584,35.69016759],[139.79512751,35.6897807],[139.79512751,35.68976523],[139.79512751,35.6897188],[139.79514542,35.68962594],[139.7961667,35.68973427],[139.79620254,35.68973427],[139.79638171,35.68974975],[139.79672213,35.68854265],[139.79702673,35.68868193],[139.79706256,35.6886974],[139.79795842,35.68913072],[139.79810176,35.68919263],[139.7985676,35.68942476],[139.79917679,35.6897188],[139.79935596,35.68961047],[139.79942763,35.68957952],[139.79983972,35.68936286],[139.80000098,35.68909977],[139.80000098,35.6890843],[139.8001264,35.68888311],[139.80048474,35.68829504],[139.80066391,35.68831051],[139.80080725,35.68831051],[139.80204353,35.68837241],[139.80207937,35.68837241],[139.80215104,35.68837241],[139.80331565,35.68843432],[139.80351274,35.68843432],[139.80413984,35.68846527],[139.80464152,35.68849622],[139.80474903,35.68849622],[139.80480278,35.68849622],[139.80483861,35.68831051],[139.80489236,35.68778434],[139.80489236,35.68775339],[139.80489236,35.68772243],[139.80494612,35.68732007],[139.80494612,35.68725816],[139.80499987,35.68677842],[139.8055553,35.68680937],[139.80605698,35.68682484],[139.8061824,35.68684032],[139.80666617,35.6868558],[139.80734702,35.68688675],[139.80738285,35.68688675],[139.8074366,35.68688675],[139.80833246,35.68693317],[139.80849372,35.68694865],[139.80856539,35.68694865],[139.80861914,35.68694865],[139.8089954,35.68696413],[139.8091029,35.6869796],[139.80929999,35.6869796],[139.80946124,35.68699508],[139.80937166,35.68844979],[139.80953291,35.68844979],[139.80964042,35.68844979],[139.80987334,35.68846527],[139.80994501,35.68846527],[139.81066169,35.68849622],[139.81073336,35.68851169],[139.81082295,35.68851169],[139.81170089,35.68854265],[139.81173672,35.68855812],[139.81179048,35.68855812],[139.81188006,35.68855812],[139.81186215,35.68865098],[139.81184423,35.68877478],[139.81184423,35.68886764],[139.81175464,35.68953309],[139.81175464,35.68957952],[139.81173672,35.6897188],[139.81171881,35.6898426],[139.81171881,35.68991998],[139.81166506,35.6902295],[139.81166506,35.69026045],[139.81166506,35.69030688],[139.81157547,35.69095685],[139.81155755,35.69118899],[139.81153964,35.69126637],[139.8115038,35.69166874],[139.81148588,35.69180802],[139.81146797,35.69191635],[139.81225632,35.6919473],[139.81231007,35.6919473],[139.81238174,35.6919473],[139.81324177,35.69197825],[139.81334927,35.69199373],[139.81343886,35.69199373],[139.81343886,35.69208658],[139.81343886,35.69211753],[139.81340302,35.6925199],[139.81340302,35.69256633],[139.8133851,35.69261275],[139.8133851,35.69267466],[139.81510515,35.69276751],[139.8151589,35.69276751],[139.81524849,35.69278299],[139.81533808,35.69278299],[139.81535599,35.69278299],[139.81666395,35.69286036],[139.81945903,35.69301512],[139.81951278,35.6930306],[139.81954861,35.6930306],[139.81969195,35.6930306],[139.81967403,35.69330916],[139.81962028,35.69405199],[139.81947694,35.69623407],[139.81945903,35.69648168],[139.81942319,35.6969769],[139.81927985,35.69937563],[139.8192261,35.69999466],[139.8191186,35.70141842],[139.81910068,35.70175889],[139.81908277,35.70191364],[139.81895735,35.70370883],[139.81890359,35.70463737],[139.81877817,35.70633969],[139.81874234,35.70683492],[139.81870651,35.70774798],[139.81868859,35.70801107],[139.82035489,35.70733014],[139.82200327,35.70671111],[139.82309621,35.70629327],[139.82377707,35.70603018],[139.82499543,35.70553496],[139.82524627,35.7054421],[139.82585546,35.70517902],[139.82682298,35.70477665],[139.82791593,35.70437428],[139.82886554,35.70403381],[139.82934931,35.70377073],[139.83067518,35.70301242],[139.83092602,35.70295052],[139.83183979,35.70291957],[139.83192938,35.70290409],[139.83332692,35.70290409],[139.83334484,35.70290409],[139.83373901,35.70288861],[139.83465279,35.70288861],[139.83540531,35.70301242]]]]}},{"type":"Feature","properties":{"N03_001":"東京都","N03_002":null,"N03_003":null,"N03_004":"品川区","N03_007":"13109","id":"gci:13109A1968"},"geometry":{"type":"MultiPolygon","coordinates":[[[[139.74965372,35.59133982],[139.7496358,35.59133982],[139.74961789,35.59133982],[139.74959997,35.59133982],[139.74958205,35.59135529],[139.74956414,35.59137077],[139.74954622,35.59138625],[139.7495283,35.59140172],[139.74949247,35.59143267],[139.74947455,35.59144815],[139.74947455,35.59146362],[139.74945663,35.59149457],[139.74943871,35.59151005],[139.74943871,35.59152553],[139.74943871,35.591541],[139.74945663,35.59155648],[139.74947455,35.59155648],[139.74949247,35.59155648],[139.74951038,35.591541],[139.7495283,35.591541],[139.74954622,35.59152553],[139.74956414,35.59152553],[139.74958205,35.59151005],[139.74959997,35.5914791],[139.74961789,35.59146362],[139.7496358,35.59144815],[139.7496358,35.5914172],[139.74965372,35.59140172],[139.74965372,35.59137077],[139.74965372,35.59135529],[139.74965372,35.59133982]]],[[[139.77314313,35.59575039],[139.77271312,35.59554921],[139.77249812,35.59544088],[139.77156642,35.59497661],[139.76923719,35.5937695],[139.76902218,35.59366117],[139.76862801,35.59347546],[139.76843092,35.59336713],[139.76762465,35.59296477],[139.76733797,35.59282548],[139.76706921,35.5926862],[139.76680046,35.5925624],[139.76667504,35.59273263],[139.76667504,35.59274811],[139.76624502,35.59330523],[139.76574334,35.59400164],[139.76542083,35.59448138],[139.76482957,35.59460519],[139.76466831,35.59462066],[139.76418455,35.59466709],[139.76416663,35.59454329],[139.76314535,35.59458971],[139.76255409,35.59460519],[139.76269742,35.59254692],[139.76269742,35.59236121],[139.76273326,35.59195885],[139.76275117,35.59166481],[139.76276909,35.59126244],[139.76287659,35.58973035],[139.7624645,35.58968392],[139.76253617,35.58771851],[139.762572,35.58658878],[139.76253617,35.58598523],[139.762572,35.58501026],[139.76203449,35.58501026],[139.76103113,35.58501026],[139.75986651,35.58497931],[139.75834355,35.58496383],[139.75832563,35.58496383],[139.75721477,35.58496383],[139.75597848,35.58493288],[139.75596057,35.58658878],[139.75601432,35.5892506],[139.75581723,35.5892506],[139.75553055,35.58926608],[139.75542305,35.58926608],[139.75529763,35.58926608],[139.75511846,35.58926608],[139.75106918,35.5893125],[139.75058541,35.58932798],[139.7502629,35.58934345],[139.7502629,35.58900299],[139.74999415,35.58894109],[139.74956414,35.58886371],[139.7495283,35.58886371],[139.74947455,35.58886371],[139.74945663,35.58889466],[139.74943871,35.58892561],[139.7494208,35.58895656],[139.7494208,35.58898751],[139.74940288,35.58900299],[139.74938496,35.58903394],[139.74936705,35.58906489],[139.74934913,35.58908037],[139.74933121,35.58911132],[139.74931329,35.58912679],[139.74931329,35.58915775],[139.74931329,35.5891887],[139.74933121,35.58920417],[139.74934913,35.58920417],[139.74936705,35.58921965],[139.7494208,35.58921965],[139.74945663,35.58923512],[139.74949247,35.5892506],[139.74954622,35.58926608],[139.74959997,35.58926608],[139.74965372,35.58928155],[139.74979706,35.58932798],[139.74986873,35.58935893],[139.74992248,35.58940536],[139.74997623,35.58943631],[139.74999415,35.58945178],[139.75002998,35.58948273],[139.75006582,35.58952916],[139.75008373,35.58959106],[139.75011957,35.58965297],[139.75013748,35.58971487],[139.75013748,35.5897613],[139.75013748,35.58979225],[139.75013748,35.58985415],[139.75011957,35.58991605],[139.75010165,35.58996248],[139.75008373,35.59002438],[139.75006582,35.59007081],[139.75006582,35.59010176],[139.7500479,35.59013271],[139.7500479,35.59014819],[139.75006582,35.59016367],[139.75006582,35.59019462],[139.75008373,35.59022557],[139.75006582,35.59025652],[139.75006582,35.59028747],[139.7500479,35.59031842],[139.7500479,35.5903339],[139.7500479,35.59034937],[139.7500479,35.59036485],[139.7500479,35.59038033],[139.75006582,35.5903958],[139.75006582,35.59041128],[139.75006582,35.59042675],[139.75008373,35.59044223],[139.75008373,35.59048865],[139.75008373,35.59051961],[139.75008373,35.59055056],[139.75008373,35.59056603],[139.75008373,35.59058151],[139.75010165,35.59059698],[139.75011957,35.59059698],[139.75011957,35.59061246],[139.75013748,35.59061246],[139.7501554,35.59061246],[139.7501554,35.59062794],[139.75017332,35.59064341],[139.75017332,35.59065889],[139.75017332,35.59067436],[139.75017332,35.59070531],[139.7501554,35.59072079],[139.75013748,35.59073627],[139.75011957,35.59073627],[139.75010165,35.59075174],[139.75008373,35.59076722],[139.75006582,35.59081364],[139.7500479,35.59082912],[139.75002998,35.5908446],[139.74999415,35.59086007],[139.74999415,35.59087555],[139.74997623,35.59089102],[139.74995831,35.5909065],[139.7499404,35.59092197],[139.74990456,35.59093745],[139.74988664,35.59093745],[139.74986873,35.59095293],[139.74985081,35.59095293],[139.74985081,35.5909684],[139.74986873,35.59098388],[139.74986873,35.59099935],[139.74988664,35.59101483],[139.74990456,35.5910303],[139.74992248,35.5910303],[139.7499404,35.59101483],[139.74995831,35.59101483],[139.74999415,35.59099935],[139.75001206,35.59099935],[139.75002998,35.59098388],[139.7500479,35.59099935],[139.75006582,35.59099935],[139.75008373,35.5910303],[139.75010165,35.59104578],[139.75011957,35.59107673],[139.75011957,35.59109221],[139.75011957,35.59115411],[139.75011957,35.59120054],[139.75013748,35.59123149],[139.7501554,35.59126244],[139.7501554,35.59127792],[139.75017332,35.59130887],[139.75019124,35.59132434],[139.75019124,35.59133982],[139.75017332,35.59135529],[139.75013748,35.5914172],[139.75008373,35.59146362],[139.7500479,35.59151005],[139.74999415,35.591541],[139.74995831,35.59155648],[139.74992248,35.5916029],[139.74990456,35.59164933],[139.74988664,35.59166481],[139.74985081,35.59169576],[139.74981498,35.59174219],[139.74979706,35.59178861],[139.74976122,35.59183504],[139.74972539,35.59189694],[139.74968956,35.59194337],[139.74965372,35.5919898],[139.74959997,35.59202075],[139.74954622,35.59206718],[139.74949247,35.59208265],[139.74945663,35.5921136],[139.74943871,35.59212908],[139.7494208,35.59214455],[139.74940288,35.59214455],[139.74938496,35.59214455],[139.74936705,35.59212908],[139.74933121,35.59212908],[139.74931329,35.59212908],[139.74927746,35.59212908],[139.74924163,35.59214455],[139.74922371,35.59216003],[139.74920579,35.59217551],[139.74918787,35.59219098],[139.74915204,35.59219098],[139.74913412,35.59219098],[139.74909829,35.59219098],[139.74906245,35.59219098],[139.74902662,35.59217551],[139.74899079,35.59217551],[139.74893703,35.59217551],[139.7489012,35.59216003],[139.74886537,35.59216003],[139.74884745,35.59214455],[139.74881161,35.59212908],[139.74877578,35.5921136],[139.74875786,35.5921136],[139.74873995,35.59209813],[139.74872203,35.59217551],[139.74868619,35.59216003],[139.74870411,35.59197432],[139.74868619,35.59195885],[139.74866828,35.59195885],[139.74865036,35.59195885],[139.74863244,35.59195885],[139.74861452,35.59195885],[139.74859661,35.59194337],[139.74857869,35.59194337],[139.74856077,35.5919898],[139.74852494,35.59197432],[139.74850702,35.5919898],[139.74847119,35.59194337],[139.74843535,35.59192789],[139.7483816,35.59194337],[139.74836368,35.59197432],[139.74834577,35.59202075],[139.74832785,35.59208265],[139.74834577,35.59212908],[139.74836368,35.59219098],[139.7483816,35.59222193],[139.7483816,35.59223741],[139.74839952,35.59225288],[139.74843535,35.59226836],[139.74843535,35.59228384],[139.74845327,35.59231479],[139.74847119,35.59233026],[139.74847119,35.59236121],[139.7484891,35.59239217],[139.7484891,35.59242312],[139.7484891,35.59245407],[139.7484891,35.5925005],[139.7484891,35.59254692],[139.74847119,35.59257787],[139.74847119,35.59260882],[139.74847119,35.59263978],[139.74847119,35.59265525],[139.74847119,35.5926862],[139.7484891,35.59270168],[139.7484891,35.59273263],[139.74850702,35.59276358],[139.74852494,35.59277906],[139.74854286,35.59281001],[139.74856077,35.59282548],[139.74857869,35.59284096],[139.74857869,35.59285644],[139.74859661,35.59288739],[139.74859661,35.59290286],[139.74859661,35.59293381],[139.74859661,35.59294929],[139.74859661,35.59298024],[139.74861452,35.59308857],[139.74863244,35.5931969],[139.74865036,35.59328976],[139.74865036,35.59339809],[139.74866828,35.59347546],[139.74868619,35.59356832],[139.74868619,35.59359927],[139.74868619,35.5936457],[139.74868619,35.59369212],[139.74865036,35.59373855],[139.74865036,35.59381593],[139.74865036,35.59387783],[139.74865036,35.59392426],[139.74865036,35.59397069],[139.74865036,35.59400164],[139.74865036,35.59403259],[139.74865036,35.59406354],[139.74863244,35.59407902],[139.74861452,35.59410997],[139.74859661,35.59414092],[139.74857869,35.59415639],[139.74857869,35.59418735],[139.74856077,35.59423377],[139.74854286,35.5942802],[139.74856077,35.59435758],[139.74857869,35.59441948],[139.74861452,35.59445043],[139.74863244,35.59446591],[139.74865036,35.59451234],[139.74866828,35.59455876],[139.74866828,35.59462066],[139.74863244,35.59468257],[139.74861452,35.59471352],[139.74857869,35.59477542],[139.74857869,35.59483732],[139.74859661,35.5949147],[139.74859661,35.59494565],[139.74861452,35.59513136],[139.74863244,35.59525517],[139.74863244,35.59528612],[139.74865036,35.5953016],[139.74865036,35.59531707],[139.74866828,35.59534802],[139.74868619,35.59550278],[139.74868619,35.59561111],[139.74870411,35.59579682],[139.74872203,35.59585872],[139.74872203,35.59590515],[139.74881161,35.59748367],[139.74882953,35.59756105],[139.7489012,35.59856697],[139.74899079,35.59943361],[139.74904454,35.60000621],[139.74906245,35.60009906],[139.74906245,35.60014549],[139.74906245,35.60019191],[139.74906245,35.60022287],[139.74906245,35.60026929],[139.74906245,35.60036215],[139.74908037,35.60071809],[139.74995831,35.60201805],[139.74999415,35.60206447],[139.75001206,35.60206447],[139.75096167,35.60350371],[139.75175003,35.60466439],[139.75176795,35.60494295],[139.75185753,35.60590245],[139.75189337,35.60608815],[139.75191128,35.60639767],[139.75194712,35.60676908],[139.75198295,35.60704765],[139.75198295,35.60710955],[139.75201879,35.60745001],[139.75207254,35.60788333],[139.75210837,35.60833213],[139.75210837,35.60840951],[139.75223379,35.60953923],[139.75235921,35.61083919],[139.75237713,35.6110868],[139.75237713,35.61117966],[139.75241297,35.61148917],[139.7524488,35.6116594],[139.75252047,35.6126189],[139.75253839,35.61285103],[139.75252047,35.61285103],[139.75250255,35.61285103],[139.75248463,35.61286651],[139.75248463,35.61291293],[139.75248463,35.61294389],[139.75250255,35.61297484],[139.75253839,35.61300579],[139.7525563,35.61303674],[139.75257422,35.61308317],[139.75259214,35.61329983],[139.75259214,35.61336173],[139.75271756,35.61455336],[139.75275339,35.6149712],[139.75271756,35.61498668],[139.75268172,35.61507953],[139.75269964,35.61512596],[139.75269964,35.61518786],[139.75273547,35.61524976],[139.75275339,35.61529619],[139.75277131,35.61535809],[139.75278923,35.61545095],[139.75278923,35.61549737],[139.75280714,35.6155438],[139.75280714,35.61559023],[139.75282506,35.61562118],[139.75287881,35.6161164],[139.75289673,35.61639497],[139.75291465,35.61667353],[139.75293256,35.61679733],[139.75302215,35.6176485],[139.75320132,35.6176485],[139.75321924,35.6176485],[139.75339841,35.6176485],[139.75352383,35.6176485],[139.75377467,35.6176485],[139.75415093,35.6176485],[139.75424052,35.6176485],[139.75441969,35.6176485],[139.75445552,35.6176485],[139.75490345,35.6176485],[139.75490345,35.6177104],[139.75501096,35.6177104],[139.75506471,35.6177104],[139.75517221,35.6177104],[139.75540513,35.61769492],[139.75542305,35.61766397],[139.75556639,35.61766397],[139.75556639,35.61767945],[139.75565597,35.61767945],[139.75565597,35.61766397],[139.75596057,35.61766397],[139.7561039,35.61766397],[139.75633683,35.61766397],[139.75633683,35.61754017],[139.75635474,35.61698304],[139.75656975,35.61698304],[139.75689226,35.61699852],[139.75687434,35.61766397],[139.75694601,35.61766397],[139.75696393,35.61699852],[139.75742977,35.61699852],[139.75742977,35.61767945],[139.75798521,35.61767945],[139.75830772,35.61743184],[139.75832563,35.61740089],[139.75834355,35.61740089],[139.75884523,35.61696757],[139.75889898,35.61693661],[139.75904232,35.61681281],[139.75904232,35.61679733],[139.75922149,35.61667353],[139.75923941,35.61664258],[139.75968734,35.61628664],[139.75981276,35.61637949],[139.76011735,35.6161164],[139.76000985,35.61602355],[139.7602786,35.61580689],[139.75977692,35.61538905],[139.75988443,35.61517239],[139.76013527,35.61535809],[139.76020694,35.61531167],[139.76043986,35.61507953],[139.76047569,35.61504858],[139.76024277,35.61486287],[139.76051153,35.61475454],[139.76095946,35.61509501],[139.76117446,35.61486287],[139.76124613,35.61478549],[139.76146114,35.61455336],[139.7619449,35.61464621],[139.76282284,35.61207725],[139.76285868,35.61198439],[139.76296618,35.61161298],[139.76312743,35.61114871],[139.76321702,35.61090109],[139.76332452,35.6105761],[139.76364703,35.60963209],[139.76387996,35.60892021],[139.76368287,35.60882735],[139.76348578,35.60871902],[139.76357536,35.60857974],[139.76377245,35.60833213],[139.76409496,35.60789881],[139.76472206,35.60703217],[139.76567167,35.60576316],[139.76638836,35.60481915],[139.76667504,35.60443225],[139.76710505,35.60384418],[139.7673738,35.60348824],[139.76875343,35.60166211],[139.76889676,35.60146092],[139.76970304,35.60037762],[139.76998971,35.60000621],[139.7702943,35.59957289],[139.77110058,35.59852054],[139.77210394,35.59715868],[139.77262354,35.59646227],[139.77296396,35.59601348],[139.77314313,35.59575039]]],[[[139.77344773,35.62026389],[139.77326855,35.62017103],[139.77208602,35.61953653],[139.77203227,35.6194901],[139.77072432,35.6187937],[139.77067056,35.61876275],[139.77063473,35.61873179],[139.77054514,35.61882465],[139.76844884,35.62119243],[139.76861009,35.62133171],[139.76864592,35.62136266],[139.76871759,35.62140909],[139.76877134,35.62145552],[139.76877134,35.62147099],[139.76850259,35.62170313],[139.76848467,35.6217186],[139.76846675,35.6217186],[139.76832342,35.62161027],[139.76828758,35.6215948],[139.76818008,35.62148647],[139.76766048,35.62207454],[139.76760673,35.62461256],[139.76760673,35.62499945],[139.76758881,35.62568038],[139.76758881,35.62578871],[139.76758881,35.62580419],[139.76760673,35.62581966],[139.76762465,35.62583514],[139.7676784,35.62586609],[139.76819799,35.62616013],[139.76873551,35.62643869],[139.76886093,35.62626846],[139.76902218,35.62608275],[139.76979262,35.62516968],[139.76991804,35.62499945],[139.77000763,35.62489112],[139.77104683,35.62354474],[139.77135142,35.62314237],[139.77199644,35.6222912],[139.7720681,35.62219835],[139.77222936,35.62196621],[139.77230103,35.62187336],[139.77301771,35.62100672],[139.77359106,35.62031032],[139.77344773,35.62026389]]],[[[139.75350591,35.62405543],[139.75352383,35.62405543],[139.75361342,35.62405543],[139.75443761,35.62402448],[139.75465261,35.62402448],[139.75569181,35.62403996],[139.75615765,35.62405543],[139.75755519,35.62408638],[139.75753728,35.62430304],[139.75753728,35.6243959],[139.75751936,35.62499945],[139.75748353,35.62602085],[139.75744769,35.62772317],[139.75742977,35.62792436],[139.7576627,35.62793983],[139.75832563,35.62795531],[139.75834355,35.62795531],[139.75941858,35.62800173],[139.75941858,35.62789341],[139.75949025,35.62620655],[139.75952608,35.62499945],[139.75966942,35.6215948],[139.75966942,35.62140909],[139.75974109,35.61935082],[139.75970525,35.61935082],[139.75938275,35.61935082],[139.75938275,35.61928892],[139.75938275,35.61924249],[139.75940066,35.61924249],[139.75940066,35.61904131],[139.75927524,35.61902583],[139.75927524,35.61882465],[139.75886315,35.61880917],[139.75886315,35.61890203],[139.75889898,35.61890203],[139.75889898,35.61888655],[139.75889898,35.61884012],[139.75893482,35.61884012],[139.75893482,35.61887108],[139.75897065,35.61887108],[139.75897065,35.61884012],[139.7590244,35.61884012],[139.7590244,35.61887108],[139.75904232,35.61887108],[139.75904232,35.61884012],[139.75909607,35.61884012],[139.75909607,35.61887108],[139.75913191,35.61887108],[139.75913191,35.61884012],[139.75916774,35.61884012],[139.75916774,35.61887108],[139.75920357,35.61887108],[139.75920357,35.61884012],[139.75923941,35.61884012],[139.75923941,35.61890203],[139.75923941,35.61893298],[139.75923941,35.61894845],[139.75923941,35.61896393],[139.75923941,35.61897941],[139.75923941,35.61902583],[139.75886315,35.61902583],[139.75834355,35.61902583],[139.75832563,35.61902583],[139.75699976,35.61901036],[139.75687434,35.61901036],[139.75685642,35.61902583],[139.75683851,35.61904131],[139.75683851,35.61905678],[139.75669517,35.61905678],[139.75669517,35.61901036],[139.75628307,35.61901036],[139.7561039,35.61901036],[139.75605015,35.61901036],[139.75606807,35.61899488],[139.75615765,35.61893298],[139.75621141,35.61890203],[139.75626516,35.61888655],[139.75630099,35.61887108],[139.75635474,35.6188556],[139.7564085,35.6188556],[139.75646225,35.6188556],[139.75649808,35.6188556],[139.75759103,35.6188556],[139.75791354,35.61888655],[139.75793145,35.61890203],[139.75802104,35.61890203],[139.75802104,35.61887108],[139.75759103,35.61884012],[139.75646225,35.61884012],[139.75639058,35.61884012],[139.75633683,35.6188556],[139.75622932,35.61888655],[139.75613974,35.6189175],[139.75605015,35.61899488],[139.75603223,35.61901036],[139.75542305,35.61901036],[139.75538722,35.61901036],[139.75398968,35.61899488],[139.75395384,35.61899488],[139.75390009,35.61899488],[139.75390009,35.61897941],[139.75397176,35.61897941],[139.75397176,35.6189175],[139.75381051,35.6189175],[139.75381051,35.61896393],[139.75381051,35.61897941],[139.75386426,35.61897941],[139.75386426,35.61899488],[139.75381051,35.61899488],[139.75361342,35.61899488],[139.75355966,35.61899488],[139.75350591,35.61899488],[139.753488,35.61899488],[139.75329091,35.61899488],[139.75325507,35.61899488],[139.75312965,35.61899488],[139.75316549,35.61931987],[139.75329091,35.621146],[139.75330882,35.62139361],[139.75286089,35.62142457],[139.75287881,35.62157932],[139.75291465,35.62199717],[139.75291465,35.62213645],[139.75336258,35.62212097],[139.75339841,35.62264715],[139.75350591,35.62405543]]],[[[139.75024499,35.62482922],[139.75022707,35.62456613],[139.75065708,35.62461256],[139.75085417,35.62462803],[139.75183962,35.62475184],[139.75187545,35.62472089],[139.75185753,35.62461256],[139.75180378,35.62416376],[139.75173211,35.62379235],[139.75175003,35.62377687],[139.75175003,35.6237614],[139.75173211,35.62314237],[139.75173211,35.62300309],[139.75178586,35.62298761],[139.75176795,35.62244596],[139.75175003,35.6221674],[139.75216213,35.62213645],[139.75218004,35.62213645],[139.75219796,35.62212097],[139.75218004,35.62202812],[139.75214421,35.62161027],[139.75216213,35.62154837],[139.75218004,35.6215329],[139.75216213,35.62151742],[139.75214421,35.62148647],[139.75210837,35.62148647],[139.75180378,35.62150194],[139.75169628,35.62137814],[139.75167836,35.62134719],[139.75160669,35.62128528],[139.75160669,35.62120791],[139.75158878,35.62089839],[139.75157086,35.62054245],[139.75151711,35.61894845],[139.75149919,35.61863894],[139.75149919,35.61832943],[139.75142752,35.61760207],[139.75133794,35.61667353],[139.75126627,35.61610093],[139.75126627,35.6160545],[139.75117668,35.61512596],[139.75106918,35.61410456],[139.75101543,35.61345458],[139.75108709,35.61345458],[139.75108709,35.61342363],[139.75108709,35.61339268],[139.75105126,35.61339268],[139.75099751,35.61339268],[139.75090792,35.61251057],[139.75089001,35.61252604],[139.75081834,35.61187606],[139.75081834,35.61176773],[139.75092584,35.61175226],[139.75090792,35.61158202],[139.75080042,35.61158202],[139.75072875,35.61087014],[139.75074667,35.61087014],[139.75069292,35.61031302],[139.75065708,35.6099416],[139.75060333,35.60947733],[139.7505675,35.60907496],[139.75049583,35.60833213],[139.75040624,35.60740359],[139.75049583,35.60738811],[139.75049583,35.60737264],[139.75080042,35.60729526],[139.75080042,35.60726431],[139.75080042,35.60721788],[139.75074667,35.60676908],[139.75072875,35.60658338],[139.75071083,35.60652147],[139.75069292,35.60633576],[139.75063917,35.60618101],[139.75060333,35.60607268],[139.7505675,35.6059953],[139.75047791,35.60582507],[139.75038833,35.60565483],[139.75028082,35.60551555],[139.75001206,35.60509771],[139.74999415,35.60509771],[139.74979706,35.6047882],[139.74977914,35.6047882],[139.7494208,35.60424655],[139.74934913,35.60413822],[139.74918787,35.60387513],[139.74908037,35.60372037],[139.74888328,35.60344181],[139.7487937,35.60330253],[139.74875786,35.60322515],[139.74872203,35.60317872],[139.74856077,35.60294659],[139.7484891,35.60282278],[139.74845327,35.60277636],[139.74843535,35.60276088],[139.74841744,35.6027454],[139.7483816,35.60272993],[139.74836368,35.60272993],[139.74832785,35.60271445],[139.74830993,35.60271445],[139.74829202,35.60271445],[139.74825618,35.60271445],[139.74822035,35.60271445],[139.74800534,35.6027454],[139.74796951,35.6027454],[139.74795159,35.6027454],[139.74793367,35.6027454],[139.74793367,35.60272993],[139.74791576,35.60271445],[139.74789784,35.60271445],[139.74787992,35.60269898],[139.74771867,35.60271445],[139.74770075,35.6026216],[139.74766491,35.60228113],[139.747647,35.60197162],[139.747647,35.60195614],[139.74779033,35.60172401],[139.74773658,35.60161568],[139.74768283,35.60144545],[139.74761116,35.60133712],[139.74757533,35.60122879],[139.74753949,35.60107403],[139.74752158,35.60101213],[139.74750366,35.6009657],[139.74750366,35.60091927],[139.74752158,35.60091927],[139.74755741,35.60091927],[139.74757533,35.60091927],[139.74752158,35.6003312],[139.74759325,35.60025382],[139.74759325,35.60023834],[139.74759325,35.60020739],[139.74759325,35.60017644],[139.74752158,35.60011454],[139.74750366,35.60000621],[139.74744991,35.5992479],[139.74743199,35.59906219],[139.74730657,35.59756105],[139.74730657,35.59754557],[139.74719907,35.595998],[139.74716323,35.59601348],[139.7471274,35.59601348],[139.74709157,35.59601348],[139.74705573,35.59601348],[139.74705573,35.5958742],[139.74707365,35.59584324],[139.74710948,35.59573491],[139.74710948,35.59571944],[139.74710948,35.59568849],[139.74710948,35.59564206],[139.74710948,35.59559563],[139.7472349,35.59558016],[139.74721699,35.5954254],[139.74719907,35.59537897],[139.74718115,35.59471352],[139.74714532,35.59435758],[139.74694823,35.59219098],[139.74687656,35.59219098],[139.74684072,35.59219098],[139.74675114,35.59220646],[139.74675114,35.59219098],[139.7467153,35.59219098],[139.74666155,35.59166481],[139.74662572,35.59112316],[139.74633904,35.59062794],[139.74653613,35.59016367],[139.74521026,35.58974582],[139.74166266,35.58872443],[139.74060555,35.58841491],[139.73879591,35.58790421],[139.73863466,35.58785779],[139.73852716,35.58784231],[139.73847341,35.58784231],[139.73807923,35.58785779],[139.73716545,35.58781136],[139.73714753,35.58808992],[139.73712962,35.5881054],[139.73712962,35.58812087],[139.73614417,35.58805897],[139.7360725,35.58805897],[139.73605459,35.58805897],[139.73594708,35.5880435],[139.73589333,35.58750185],[139.73587542,35.58736256],[139.73549915,35.58736256],[139.73542749,35.58736256],[139.73530207,35.58736256],[139.73512289,35.58737804],[139.7349258,35.58740899],[139.73483622,35.58742447],[139.73469288,35.58745542],[139.73437037,35.58745542],[139.73372535,35.58748637],[139.73368952,35.58748637],[139.73333118,35.58750185],[139.732937,35.58751732],[139.7328295,35.58750185],[139.73232781,35.58748637],[139.73222031,35.58747089],[139.73175447,35.58743994],[139.73094819,35.58740899],[139.73085861,35.58740899],[139.73015984,35.58737804],[139.73010609,35.58737804],[139.72983733,35.58787326],[139.72965816,35.58819825],[139.72969399,35.58856967],[139.7296044,35.58860062],[139.72951482,35.58863157],[139.72942523,35.58866252],[139.7289773,35.58881728],[139.72894147,35.58883276],[139.72910272,35.58948273],[139.72919231,35.58980772],[139.72933565,35.59014819],[139.72983733,35.59092197],[139.73026734,35.59166481],[139.73055401,35.59216003],[139.73030317,35.59225288],[139.72953274,35.59253145],[139.72933565,35.59259335],[139.72922814,35.5926243],[139.72890563,35.59271715],[139.72901314,35.59353737],[139.72901314,35.59359927],[139.72901314,35.59361474],[139.72901314,35.59366117],[139.72901314,35.59367665],[139.72901314,35.59373855],[139.72899522,35.59378498],[139.72879813,35.59395521],[139.72860104,35.59409449],[139.7282427,35.59438853],[139.72817103,35.59437305],[139.72811728,35.59435758],[139.72808144,35.5943421],[139.72777685,35.59426472],[139.72774102,35.59426472],[139.72759768,35.59423377],[139.72754393,35.5942183],[139.72743643,35.59417187],[139.72702433,35.59403259],[139.72697058,35.59400164],[139.72691683,35.59398616],[139.72680933,35.59395521],[139.72680933,35.59406354],[139.72680933,35.59409449],[139.72679141,35.59414092],[139.72679141,35.59435758],[139.72655849,35.5943421],[139.72585972,35.59429568],[139.7257343,35.59429568],[139.72499969,35.59423377],[139.72494594,35.59423377],[139.72491011,35.59423377],[139.72485635,35.59423377],[139.72437259,35.59420282],[139.7241755,35.59420282],[139.72394258,35.59423377],[139.7236559,35.59426472],[139.72362007,35.59426472],[139.72358423,35.5942802],[139.72345881,35.59429568],[139.72276004,35.59431115],[139.72209711,35.5943421],[139.72200752,35.5943421],[139.72184627,35.59437305],[139.72170293,35.59435758],[139.72155959,35.5943421],[139.721255,35.59431115],[139.72109375,35.59429568],[139.72096833,35.59406354],[139.72069957,35.59355284],[139.72059207,35.59338261],[139.72053832,35.59328976],[139.7205204,35.59322785],[139.72046665,35.5930731],[139.72044873,35.59299572],[139.72035914,35.59267073],[139.72034123,35.5925005],[139.72034123,35.59245407],[139.72032331,35.59240764],[139.72032331,35.59239217],[139.71982163,35.59217551],[139.71978579,35.59216003],[139.71974996,35.59214455],[139.71967829,35.5921136],[139.71917661,35.59185052],[139.71910494,35.59192789],[139.71908702,35.59194337],[139.71906911,35.59197432],[139.71901536,35.59202075],[139.71897952,35.5920517],[139.7189616,35.59209813],[139.71894369,35.59217551],[139.7189616,35.59240764],[139.7189616,35.59245407],[139.7189616,35.59248502],[139.71897952,35.59257787],[139.7189616,35.59276358],[139.71894369,35.59282548],[139.71876451,35.59308857],[139.71862118,35.59332071],[139.71862118,35.59333618],[139.71860326,35.59335166],[139.71858534,35.59338261],[139.71835242,35.5937076],[139.71815533,35.59401711],[139.7181195,35.59420282],[139.71810158,35.59426472],[139.71810158,35.59429568],[139.71804783,35.59457424],[139.71786866,35.59457424],[139.71786866,35.59519327],[139.71783282,35.59531707],[139.71779699,35.59540993],[139.71777907,35.59544088],[139.71774324,35.59550278],[139.7177074,35.59556468],[139.71768948,35.59559563],[139.71765365,35.59568849],[139.71763573,35.59576587],[139.71761782,35.5958742],[139.7175999,35.59601348],[139.71758198,35.59613728],[139.71758198,35.59616823],[139.71756406,35.59618371],[139.71754615,35.59623014],[139.71747448,35.59630752],[139.71736698,35.59638489],[139.71716989,35.59643132],[139.71693696,35.59653965],[139.71681154,35.59660155],[139.71666821,35.59664798],[139.71665029,35.59664798],[139.71661445,35.59666346],[139.71657862,35.59666346],[139.71641737,35.59670988],[139.71596944,35.59678726],[139.71595152,35.59678726],[139.71589777,35.59678726],[139.7157186,35.59681821],[139.71544984,35.59689559],[139.71534233,35.59691107],[139.71532442,35.59692654],[139.71528858,35.59697297],[139.71527067,35.59700392],[139.71525275,35.59703487],[139.71525275,35.59705035],[139.71523483,35.59706582],[139.71523483,35.59712773],[139.71521691,35.59717415],[139.715199,35.59722058],[139.71516316,35.59725153],[139.71507358,35.59728248],[139.71494816,35.59731344],[139.71491232,35.59732891],[139.71485857,35.59734439],[139.71482274,35.59737534],[139.71476899,35.59740629],[139.71473315,35.59745272],[139.7146794,35.59751462],[139.71466148,35.597592],[139.7145719,35.59790151],[139.71455398,35.59793246],[139.71439272,35.59847411],[139.71432106,35.5987372],[139.71430314,35.59876815],[139.71428522,35.5987991],[139.71424939,35.59890743],[139.71421355,35.59907766],[139.71451814,35.59909314],[139.71455398,35.59910862],[139.7145719,35.59912409],[139.71460773,35.59913957],[139.71462565,35.59917052],[139.71464357,35.59923242],[139.71473315,35.59960384],[139.71471523,35.59965027],[139.71469732,35.59968122],[139.71466148,35.5997586],[139.7145719,35.59986692],[139.71455398,35.59989788],[139.71451814,35.59992883],[139.71448231,35.59997525],[139.71442856,35.59999073],[139.71441064,35.60000621],[139.71344311,35.60030024],[139.71288768,35.60048595],[139.7127981,35.60050143],[139.71265476,35.60053238],[139.71254726,35.60054786],[139.71236808,35.60057881],[139.71183057,35.60065619],[139.71179473,35.60065619],[139.7117589,35.60065619],[139.71163348,35.60067166],[139.71141847,35.60068714],[139.71132889,35.60070261],[139.71089888,35.60073356],[139.71086304,35.60073356],[139.71082721,35.60074904],[139.71077346,35.60074904],[139.71036136,35.60077999],[139.71028969,35.60079547],[139.71003885,35.60081094],[139.70903549,35.60088832],[139.70898174,35.60088832],[139.70878465,35.6009038],[139.70869506,35.60091927],[139.70833672,35.60095022],[139.70828297,35.60095022],[139.70803213,35.6009657],[139.70794254,35.6009657],[139.70742294,35.60101213],[139.70686751,35.60105855],[139.70681376,35.60105855],[139.70620458,35.60110498],[139.70475329,35.60118236],[139.70428744,35.60119783],[139.70396493,35.60122879],[139.7039291,35.60122879],[139.70254947,35.60132164],[139.70170737,35.60138354],[139.70127735,35.60139902],[139.70124152,35.60141449],[139.70120569,35.60141449],[139.70106235,35.60141449],[139.70095485,35.60149187],[139.70090109,35.6015383],[139.70086526,35.60156925],[139.70014857,35.60209542],[139.70000523,35.60221923],[139.69993357,35.60228113],[139.6998619,35.60232756],[139.69952147,35.60260612],[139.6993423,35.60272993],[139.69910938,35.60288469],[139.69891229,35.60302397],[139.69858978,35.60324063],[139.69841061,35.60341086],[139.69821352,35.60358109],[139.69801643,35.60379775],[139.69783726,35.60398346],[139.69772975,35.60410726],[139.69721016,35.60467987],[139.69719224,35.60469534],[139.69717432,35.60472629],[139.69679806,35.60512866],[139.69672639,35.60525247],[139.69667264,35.60532984],[139.69651139,35.60557746],[139.69629638,35.60597982],[139.69627846,35.60601078],[139.69609929,35.60630481],[139.69595595,35.606506],[139.69593804,35.60653695],[139.69583053,35.60666075],[139.69566928,35.60698574],[139.69565136,35.60703217],[139.69563344,35.60704765],[139.69540052,35.60749644],[139.69541844,35.60760477],[139.69543636,35.60768215],[139.69543636,35.60772858],[139.69554386,35.60830118],[139.69554386,35.60833213],[139.69554386,35.60840951],[139.69552594,35.60842498],[139.69552594,35.60845593],[139.69549011,35.60850236],[139.69547219,35.60856426],[139.69543636,35.60892021],[139.69581262,35.60895116],[139.69577678,35.60902854],[139.69574095,35.60910591],[139.69557969,35.6094309],[139.69559761,35.60949281],[139.69559761,35.60952376],[139.69561553,35.60970947],[139.69563344,35.60978684],[139.69563344,35.60983327],[139.69565136,35.60989517],[139.69570511,35.61009636],[139.69574095,35.61032849],[139.69575886,35.61052968],[139.69574095,35.61069991],[139.69574095,35.61073086],[139.69570511,35.61124156],[139.69570511,35.61128799],[139.69559761,35.61198439],[139.69557969,35.6121082],[139.69557969,35.61227843],[139.69559761,35.61237128],[139.69559761,35.61241771],[139.69565136,35.61263437],[139.69565136,35.61271175],[139.69566928,35.61282008],[139.69581262,35.61342363],[139.69583053,35.61343911],[139.69584845,35.61347006],[139.69586637,35.61350101],[139.69636805,35.61418194],[139.69647555,35.61424384],[139.69679806,35.6144605],[139.69726391,35.61472359],[139.69729974,35.61473907],[139.69733558,35.61475454],[139.69774767,35.61498668],[139.69815977,35.61528072],[139.69821352,35.61535809],[139.69824935,35.61542],[139.69855394,35.61582236],[139.69873312,35.61603902],[139.69880478,35.61608545],[139.69884062,35.61610093],[139.69887645,35.6161164],[139.69898396,35.61616283],[139.69918104,35.61641044],[139.69939605,35.61667353],[139.69962897,35.61693661],[139.69977231,35.61716875],[139.69979023,35.61718423],[139.69987981,35.61733898],[139.69993357,35.61741636],[139.70000523,35.61749374],[139.70016649,35.61766397],[139.70029191,35.61781873],[139.70072192,35.61831395],[139.70075776,35.61836038],[139.70079359,35.61839133],[139.70082942,35.61843776],[139.70158195,35.61927344],[139.7016357,35.61933535],[139.70167153,35.6193663],[139.70168945,35.61939725],[139.70235238,35.62009366],[139.70238822,35.62012461],[139.70251364,35.62032579],[139.70258531,35.6205115],[139.70249572,35.62060435],[139.70245989,35.62065078],[139.70238822,35.62072816],[139.70260322,35.62120791],[139.70263906,35.62131624],[139.70267489,35.62139361],[139.70267489,35.62144004],[139.70276448,35.62147099],[139.70280031,35.62148647],[139.70297949,35.62154837],[139.70317657,35.62161027],[139.70330199,35.62157932],[139.70373201,35.62148647],[139.7039291,35.62181146],[139.70398285,35.62187336],[139.70387534,35.62193526],[139.70344533,35.6221055],[139.7034095,35.62212097],[139.70333783,35.6221674],[139.70276448,35.62236858],[139.70245989,35.62249239],[139.70238822,35.62252334],[139.7022628,35.62260072],[139.7022628,35.62261619],[139.70224488,35.62263167],[139.70194029,35.62287928],[139.70186862,35.62294118],[139.7018507,35.62295666],[139.70183279,35.62298761],[139.7016357,35.62315784],[139.70156403,35.62318879],[139.70136694,35.62326617],[139.70129527,35.62329712],[139.70081151,35.62345188],[139.70075776,35.62346736],[139.70072192,35.62348283],[139.70065025,35.62349831],[139.70013066,35.62362211],[139.70000523,35.62365307],[139.69973648,35.62373044],[139.69943189,35.62383877],[139.69937813,35.62385425],[139.6993423,35.62386972],[139.69919896,35.62391615],[139.69876895,35.62403996],[139.69839269,35.62411734],[139.69837477,35.62411734],[139.69828519,35.62414829],[139.69771184,35.62444233],[139.69747891,35.62447328],[139.69742516,35.62448875],[139.69738933,35.62448875],[139.69676223,35.62459708],[139.6964218,35.62472089],[139.69627846,35.62476732],[139.69615304,35.62481374],[139.69613513,35.62481374],[139.69627846,35.62492207],[139.69635013,35.6249685],[139.69643972,35.62499945],[139.69645763,35.62499945],[139.69672639,35.62507683],[139.69708474,35.62515421],[139.69744308,35.62523159],[139.69787309,35.62527801],[139.69810601,35.62543277],[139.69835686,35.62557205],[139.69842852,35.625603],[139.69848228,35.62561848],[139.69858978,35.62561848],[139.69873312,35.62561848],[139.69878687,35.62561848],[139.69884062,35.62561848],[139.69941397,35.62561848],[139.69952147,35.62563395],[139.69971856,35.62569586],[139.70000523,35.62577324],[139.70016649,35.62580419],[139.70041733,35.62586609],[139.70061442,35.62588156],[139.70091901,35.62589704],[139.7012236,35.62589704],[139.70133111,35.62589704],[139.70145653,35.62589704],[139.70159986,35.62583514],[139.70176112,35.62571133],[139.70190446,35.62558753],[139.70217321,35.62552562],[139.70231655,35.62549467],[139.70235238,35.62535539],[139.70240614,35.62510778],[139.70244197,35.62499945],[139.70245989,35.62495302],[139.70251364,35.62482922],[139.70285407,35.62487564],[139.70324824,35.62492207],[139.70358867,35.62499945],[139.70360659,35.62499945],[139.70366034,35.62501493],[139.70376784,35.62504588],[139.70380368,35.62499945],[139.70401868,35.62470541],[139.70410827,35.62475184],[139.70457411,35.62498397],[139.70462787,35.62499945],[139.7051833,35.62520063],[139.70577456,35.62535539],[139.70604332,35.62541729],[139.70638375,35.62544825],[139.70693918,35.62546372],[139.70713627,35.6254792],[139.70729752,35.62581966],[139.70731544,35.62583514],[139.7074767,35.62616013],[139.70749461,35.62620655],[139.70763795,35.62619108],[139.7076917,35.62619108],[139.70783504,35.6261756],[139.70797838,35.62614465],[139.7082113,35.62614465],[139.70824713,35.62614465],[139.70833672,35.62616013],[139.70839047,35.62616013],[139.7086234,35.62622203],[139.70907132,35.62637679],[139.70919674,35.62643869],[139.70923258,35.62645417],[139.70926841,35.62648512],[139.70959092,35.6266244],[139.71025386,35.62699581],[139.71027177,35.62701129],[139.71037928,35.62708867],[139.71041511,35.62710414],[139.71082721,35.62736723],[139.71093471,35.62739818],[139.71097054,35.62741366],[139.71100638,35.62742913],[139.7112393,35.62749104],[139.71138264,35.62752199],[139.71145431,35.62755294],[139.71181265,35.62767675],[139.71168723,35.62795531],[139.71179473,35.62798626],[139.71184849,35.62801721],[139.71209933,35.62811006],[139.71224266,35.62815649],[139.71236808,35.62820292],[139.71322811,35.62854338],[139.71326394,35.62855886],[139.71362229,35.62868267],[139.71424939,35.6289148],[139.71442856,35.6289767],[139.71450023,35.62899218],[139.71462565,35.62905408],[139.71451814,35.62916241],[139.71428522,35.62947193],[139.71444648,35.6295493],[139.71446439,35.62956478],[139.71450023,35.62958026],[139.71464357,35.62967311],[139.71482274,35.62978144],[139.71482274,35.62979692],[139.71476899,35.63002905],[139.71462565,35.6305088],[139.71448231,35.63100402],[139.71442856,35.63117425],[139.71441064,35.63131353],[139.71441064,35.63157662],[139.71442856,35.63162305],[139.71444648,35.63194804],[139.71446439,35.63213374],[139.71446439,35.63221112],[139.71435689,35.63233493],[139.71421355,35.63261349],[139.71419564,35.63270635],[139.71423147,35.63290753],[139.71435689,35.63315514],[139.71437481,35.63321704],[139.71442856,35.63332537],[139.71442856,35.63334085],[139.71446439,35.63344918],[139.71444648,35.63389797],[139.71444648,35.63413011],[139.71439272,35.63428487],[139.71432106,35.6343932],[139.71417772,35.63462533],[139.7141598,35.63467176],[139.71398063,35.63495032],[139.71390896,35.6350896],[139.71387313,35.63515151],[139.71385521,35.63519793],[139.71376562,35.63543007],[139.71372979,35.63558482],[139.71367604,35.63581696],[139.71358645,35.6361729],[139.71356853,35.63628123],[139.71355062,35.63635861],[139.71338936,35.63693121],[139.71337145,35.63705502],[139.71328186,35.63738],[139.71326394,35.63745738],[139.71322811,35.63755024],[139.71324603,35.63755024],[139.7135327,35.63772047],[139.71358645,35.63775142],[139.71376562,35.63784428],[139.71372979,35.6378907],[139.71365812,35.63796808],[139.71387313,35.63804546],[139.71390896,35.63806094],[139.71399855,35.63810736],[139.7142673,35.63824664],[139.71430314,35.63826212],[139.71444648,35.6384014],[139.71453606,35.63847878],[139.71460773,35.63857163],[139.71466148,35.63864901],[139.7146794,35.63866449],[139.71475107,35.63880377],[139.71484065,35.63900495],[139.71493024,35.63937637],[139.71493024,35.63939185],[139.71494816,35.63945375],[139.71505566,35.63974779],[139.71516316,35.63997992],[139.715199,35.6400573],[139.71527067,35.64021206],[139.71534233,35.64038229],[139.71543192,35.64041324],[139.71562901,35.64049062],[139.71625611,35.64080013],[139.71629195,35.64083108],[139.71639945,35.64086204],[139.71643528,35.64087751],[139.71657862,35.64092394],[139.71666821,35.64095489],[139.71704447,35.6410787],[139.71765365,35.64127988],[139.71765365,35.64151201],[139.71765365,35.64154297],[139.71763573,35.64157392],[139.71763573,35.64166677],[139.71838825,35.64166677],[139.71867493,35.6416513],[139.71876451,35.6416513],[139.71880035,35.64166677],[139.71883618,35.64168225],[139.71888994,35.64168225],[139.71919453,35.64185248],[139.71942745,35.64166677],[139.71953495,35.64158939],[139.71967829,35.64148106],[139.71973204,35.64143464],[139.71966037,35.64140369],[139.71964246,35.64140369],[139.71940953,35.64131083],[139.71921244,35.64118703],[139.71917661,35.64117155],[139.7189616,35.64109417],[139.71862118,35.64095489],[139.71826283,35.64081561],[139.71815533,35.64075371],[139.71804783,35.64066085],[139.71794032,35.64052157],[139.71785074,35.64041324],[139.71776115,35.64028944],[139.71767157,35.64021206],[139.71756406,35.64016563],[139.71742073,35.64010373],[139.7171878,35.64007278],[139.71716989,35.6400573],[139.71700863,35.6399954],[139.71690113,35.63994897],[139.71684738,35.63990254],[139.71679363,35.63979421],[139.71677571,35.63965493],[139.71675779,35.63963946],[139.71668612,35.63908233],[139.71668612,35.63906686],[139.71668612,35.6390359],[139.71668612,35.63898948],[139.71668612,35.63854068],[139.71668612,35.63826212],[139.71693696,35.63809189],[139.71720572,35.63795261],[139.71725947,35.63792165],[139.71733114,35.6378288],[139.71743864,35.63758119],[139.71752823,35.63744191],[139.71754615,35.63736453],[139.71754615,35.6372562],[139.71820908,35.63646694],[139.71813741,35.63638956],[139.71808366,35.63632766],[139.71801199,35.63625028],[139.71783282,35.6360491],[139.71790449,35.63587886],[139.71765365,35.63580148],[139.71767157,35.63544554],[139.71774324,35.63525983],[139.71783282,35.63504318],[139.71817325,35.6350896],[139.71865701,35.63515151],[139.71910494,35.63474914],[139.71957079,35.63465628],[139.71962454,35.63465628],[139.71983955,35.63460986],[139.71996497,35.6345789],[139.72019789,35.63473366],[139.72048456,35.63488842],[139.72057415,35.63493485],[139.72066374,35.63495032],[139.72066374,35.6349658],[139.7207354,35.6349658],[139.72078916,35.63495032],[139.72086082,35.63495032],[139.72104,35.6349658],[139.72120125,35.63498127],[139.72127292,35.6350277],[139.72130875,35.63507413],[139.72134459,35.63513603],[139.72139834,35.63521341],[139.72145209,35.63536816],[139.72157751,35.63536816],[139.72163126,35.63536816],[139.72168501,35.63536816],[139.72202544,35.63538364],[139.72202544,35.63546102],[139.72206127,35.63558482],[139.72209711,35.63569315],[139.72216878,35.63587886],[139.72218669,35.63590981],[139.72220461,35.63597172],[139.72245545,35.63586339],[139.72338715,35.63558482],[139.72415758,35.63544554],[139.72419342,35.63543007],[139.72464135,35.63536816],[139.72499969,35.63530626],[139.72550137,35.63519793],[139.72562679,35.63515151],[139.72600305,35.6350277],[139.72655849,35.63453248],[139.72675557,35.63434677],[139.72684516,35.63426939],[139.72680933,35.63416106],[139.72661224,35.63368131],[139.7264689,35.63334085],[139.72641515,35.63317062],[139.72632556,35.6328611],[139.72679141,35.63261349],[139.72673766,35.63236588],[139.72671974,35.63221112],[139.72691683,35.63211827],[139.72697058,35.63210279],[139.72707808,35.63205637],[139.727096,35.63205637],[139.72749018,35.63193256],[139.72752601,35.63191709],[139.72763352,35.63188613],[139.72766935,35.63190161],[139.7277231,35.63190161],[139.72779477,35.63194804],[139.72784852,35.63200994],[139.72792019,35.63213374],[139.72831437,35.63284563],[139.72842187,35.6327992],[139.7288698,35.63264444],[139.72881605,35.63250516],[139.72874438,35.63219565],[139.72869063,35.63207184],[139.72870855,35.63207184],[139.72874438,35.63182423],[139.72883397,35.631654],[139.7288698,35.63162305],[139.72913856,35.63135996],[139.72931773,35.63118973],[139.7293894,35.63126711],[139.7294969,35.63135996],[139.72955065,35.63140639],[139.72962232,35.63146829],[139.72987316,35.63129806],[139.72999858,35.63122068],[139.73035693,35.63095759],[139.73042859,35.63089569],[139.7306436,35.63069451],[139.73071527,35.63060165],[139.73085861,35.63041594],[139.73093028,35.63027666],[139.73093028,35.63013738],[139.73094819,35.63009095],[139.73094819,35.63001358],[139.73098403,35.62922431],[139.73101986,35.62880647],[139.73152154,35.62871362],[139.73146779,35.62832672],[139.73139612,35.62803269],[139.73130654,35.62761484],[139.73134237,35.627197],[139.73132445,35.62707319],[139.73132445,35.62705772],[139.73128862,35.62694939],[139.73114528,35.6266863],[139.73114528,35.62659345],[139.73114528,35.62648512],[139.7311632,35.62643869],[139.73118112,35.62640774],[139.73123487,35.62633036],[139.73132445,35.62626846],[139.7313782,35.62623751],[139.73155738,35.62620655],[139.73180822,35.62609822],[139.73184405,35.62609822],[139.73209489,35.62602085],[139.73234573,35.62598989],[139.73266824,35.62598989],[139.73286533,35.62597442],[139.73333118,35.62603632],[139.73338493,35.62603632],[139.7334566,35.6260518],[139.73379702,35.62609822],[139.73395828,35.6261137],[139.73411953,35.62578871],[139.73433454,35.62538634],[139.73454954,35.62499945],[139.73469288,35.62468994],[139.73476455,35.62461256],[139.7348183,35.62455066],[139.7349258,35.6243959],[139.73539165,35.62320427],[139.7358575,35.62315784],[139.73589333,35.62315784],[139.73666377,35.62308046],[139.73750588,35.62345188],[139.73729087,35.62377687],[139.73775672,35.62413281],[139.73759546,35.62442685],[139.73779255,35.62453518],[139.73797172,35.62455066],[139.73840174,35.62455066],[139.73856299,35.62455066],[139.73883175,35.62453518],[139.73910051,35.6245197],[139.73924384,35.62450423],[139.73997845,35.62464351],[139.74108931,35.62481374],[139.74166266,35.6249066],[139.74230768,35.62499945],[139.74257644,35.62504588],[139.74277353,35.62506135],[139.74289895,35.62507683],[139.74318562,35.62512326],[139.74332896,35.62513873],[139.74341854,35.62499945],[139.74345438,35.62493755],[139.74350813,35.62484469],[139.74383064,35.62431852],[139.74411731,35.62386972],[139.74424273,35.62368402],[139.74429649,35.62360664],[139.74436815,35.62345188],[139.74443982,35.62338998],[139.74454733,35.62335903],[139.74474442,35.62329712],[139.74504901,35.62326617],[139.74521026,35.62323522],[139.74574778,35.62312689],[139.74601653,35.62311142],[139.74621362,35.62311142],[139.74637488,35.62314237],[139.7463928,35.62315784],[139.74676906,35.62323522],[139.74748574,35.62359116],[139.74915204,35.62441137],[139.74927746,35.6244578],[139.74988664,35.62468994],[139.74999415,35.62472089],[139.75001206,35.62473636],[139.75024499,35.62482922]]]]}},{"type":"Feature","properties":{"OBJECTID":97,"N03_001":"東京都","N03_002":null,"N03_003":null,"N03_004":"目黒区","N03_007":"13110","Shape_Leng":0.270150322550869,"Shape_Area":0.001460081425275,"id":"gci:13110A1968"},"geometry":{"type":"MultiPolygon","coordinates":[[[[139.68027843,35.60067166],[139.6803501,35.60099665],[139.68036801,35.60101213],[139.68036801,35.60104308],[139.68036801,35.60107403],[139.68038593,35.60115141],[139.68040385,35.60125974],[139.68040385,35.60132164],[139.6803501,35.60195614],[139.68026051,35.60288469],[139.68022468,35.60302397],[139.68008134,35.60303944],[139.67997384,35.60299301],[139.679938,35.60297754],[139.6798305,35.60294659],[139.67975883,35.60311682],[139.67974091,35.60314777],[139.67974091,35.6031942],[139.679723,35.60348824],[139.679723,35.60353466],[139.679723,35.60355014],[139.67970508,35.60381323],[139.67954382,35.60381323],[139.67950799,35.60395251],[139.67949007,35.60398346],[139.67949007,35.60402989],[139.67945424,35.6043394],[139.67945424,35.60437035],[139.67945424,35.60438583],[139.6794184,35.60471082],[139.6794184,35.60474177],[139.6794184,35.60477272],[139.67940049,35.60495843],[139.67936465,35.60508223],[139.67936465,35.60511318],[139.6793109,35.60551555],[139.67929298,35.60556198],[139.67929298,35.60557746],[139.67923923,35.60567031],[139.6792034,35.60573221],[139.67918548,35.60576316],[139.67904214,35.60588697],[139.67888089,35.6060572],[139.67882714,35.60615006],[139.67875547,35.60630481],[139.67871963,35.60639767],[139.67863005,35.60661433],[139.67859421,35.60670718],[139.67854046,35.60675361],[139.67841504,35.60684646],[139.67785961,35.60729526],[139.67771627,35.60738811],[139.67760877,35.60746549],[139.67739376,35.60774405],[139.67725043,35.60794524],[139.67714292,35.60800714],[139.67699958,35.60808452],[139.67673083,35.60819285],[139.67644415,35.60827023],[139.67612164,35.60833213],[139.67610373,35.60833213],[139.67592455,35.60836308],[139.67574538,35.60836308],[139.67556621,35.60837856],[139.67520787,35.60836308],[139.67501078,35.6083476],[139.67499286,35.6083476],[139.67490328,35.60833213],[139.67438368,35.6082857],[139.67389991,35.60820832],[139.67386408,35.60819285],[139.67384616,35.60819285],[139.67379241,35.60819285],[139.67361324,35.60817737],[139.67339823,35.60817737],[139.6732549,35.60814642],[139.67300406,35.60806904],[139.67289655,35.60803809],[139.67257404,35.60794524],[139.67191111,35.6077131],[139.67123026,35.60748097],[139.67087191,35.60734168],[139.66967146,35.60690837],[139.66865018,35.6065679],[139.66850685,35.60652147],[139.66838142,35.60649052],[139.66830976,35.60649052],[139.66795141,35.60653695],[139.66791558,35.60653695],[139.66748557,35.60658338],[139.66744973,35.60659885],[139.66730639,35.60664528],[139.66666138,35.60686194],[139.66660762,35.60689289],[139.66655387,35.60690837],[139.66653596,35.60690837],[139.6664822,35.60693932],[139.66572968,35.6072024],[139.66538926,35.60735716],[139.66535342,35.60737264],[139.66510258,35.60748097],[139.66497716,35.60757382],[139.6644934,35.60786786],[139.66445756,35.60788333],[139.66372296,35.60833213],[139.66359754,35.60840951],[139.66354379,35.60844046],[139.66350795,35.60845593],[139.66340045,35.60853331],[139.66322128,35.60867259],[139.66318544,35.6087345],[139.66329295,35.60898211],[139.66329295,35.60901306],[139.66331086,35.60904401],[139.6633467,35.60912139],[139.66325711,35.60913687],[139.66304211,35.60921424],[139.66291669,35.60924519],[139.66288085,35.60927615],[139.66284502,35.6093071],[139.66284502,35.60933805],[139.66286294,35.60938448],[139.66288085,35.60941543],[139.6629346,35.60944638],[139.66298836,35.60946185],[139.66352587,35.60963209],[139.66361546,35.60970947],[139.66365129,35.60974042],[139.66375879,35.60984875],[139.66366921,35.60992613],[139.66332878,35.61025111],[139.66325711,35.6103904],[139.6632392,35.6104523],[139.6632392,35.61048325],[139.6632392,35.6105142],[139.66343629,35.61069991],[139.66354379,35.61085467],[139.66357962,35.61090109],[139.66359754,35.61091657],[139.66357962,35.61093205],[139.66356171,35.61093205],[139.66316753,35.61119513],[139.66322128,35.6115356],[139.66322128,35.61158202],[139.6632392,35.61169035],[139.6632392,35.61179868],[139.66322128,35.61186059],[139.66320336,35.61187606],[139.66313169,35.61190701],[139.66300627,35.61190701],[139.66280918,35.61189154],[139.66268376,35.61196892],[139.66270168,35.61206177],[139.6627196,35.61209272],[139.66273752,35.61212367],[139.66277335,35.61224748],[139.66313169,35.61254152],[139.66316753,35.61257247],[139.66318544,35.61260342],[139.66316753,35.61263437],[139.66314961,35.61264985],[139.66313169,35.61266532],[139.66300627,35.6126808],[139.66279127,35.61266532],[139.66263001,35.6128046],[139.66263001,35.61286651],[139.66263001,35.61291293],[139.66263001,35.61294389],[139.66263001,35.61302126],[139.66266585,35.61339268],[139.66270168,35.61351649],[139.66270168,35.61353196],[139.66275543,35.61377957],[139.66277335,35.61387243],[139.6628271,35.61413551],[139.66284502,35.61424384],[139.66284502,35.61425932],[139.66286294,35.6142748],[139.66291669,35.61455336],[139.66311378,35.61529619],[139.66318544,35.61552833],[139.66318544,35.61555928],[139.66320336,35.61563666],[139.66322128,35.61566761],[139.66327503,35.61572951],[139.66336462,35.61577594],[139.66350795,35.61580689],[139.66365129,35.61580689],[139.66372296,35.61582236],[139.66384838,35.61582236],[139.6638663,35.61594617],[139.6638663,35.61597712],[139.66388421,35.61602355],[139.66388421,35.61608545],[139.66433214,35.61637949],[139.66474424,35.61665805],[139.66476216,35.61667353],[139.66479799,35.616689],[139.66486966,35.61673543],[139.66483382,35.61682828],[139.66483382,35.61685924],[139.66481591,35.61693661],[139.66463674,35.6172616],[139.66452923,35.61743184],[139.66465465,35.61763302],[139.66469049,35.6177104],[139.6647084,35.61775683],[139.66474424,35.61780325],[139.66474424,35.61781873],[139.66476216,35.61791158],[139.66478007,35.61814372],[139.66476216,35.61826752],[139.66549676,35.61837585],[139.66555051,35.61839133],[139.66560426,35.61839133],[139.66596261,35.61845323],[139.66633887,35.61849966],[139.66639262,35.61851514],[139.66650012,35.61853061],[139.6664822,35.61863894],[139.66646429,35.61876275],[139.6663747,35.61914964],[139.66630303,35.6193663],[139.6662672,35.61944368],[139.66623136,35.61953653],[139.66619553,35.61962938],[139.6661597,35.61973771],[139.6661597,35.61975319],[139.66608803,35.61989247],[139.66601636,35.62007818],[139.66599844,35.62012461],[139.66589094,35.62038769],[139.66567593,35.62069721],[139.66576552,35.62072816],[139.66589094,35.62079006],[139.66601636,35.62086744],[139.66612386,35.62088292],[139.66617761,35.62091387],[139.66619553,35.62094482],[139.66619553,35.62097577],[139.66614178,35.62100672],[139.66607011,35.6210222],[139.66589094,35.62106862],[139.66576552,35.62113053],[139.66569385,35.62122338],[139.66567593,35.62130076],[139.66565801,35.62145552],[139.6656401,35.62161027],[139.66562218,35.62176503],[139.66558635,35.62181146],[139.66551468,35.62195074],[139.66542509,35.62209002],[139.66537134,35.6221674],[139.66531759,35.6222912],[139.6651205,35.62247691],[139.66447548,35.62306499],[139.66409922,35.62363759],[139.66393797,35.6239471],[139.6638663,35.62414829],[139.66384838,35.62422567],[139.66383046,35.62431852],[139.66379463,35.62450423],[139.66377671,35.62464351],[139.66375879,35.62470541],[139.66370504,35.62499945],[139.66365129,35.62530896],[139.66359754,35.62569586],[139.66354379,35.62629941],[139.66352587,35.62639226],[139.66350795,35.62659345],[139.66349004,35.62670178],[139.6634542,35.62677916],[139.66338253,35.62687201],[139.66314961,35.62704224],[139.66306002,35.62710414],[139.66300627,35.62711962],[139.66291669,35.62718152],[139.6626121,35.62727438],[139.66218208,35.62738271],[139.66180582,35.62749104],[139.66185957,35.62759937],[139.66191333,35.62767675],[139.66198499,35.62778508],[139.6620925,35.62790888],[139.66212833,35.62798626],[139.66212833,35.62812554],[139.66203875,35.62860529],[139.66200291,35.62888385],[139.66200291,35.6289767],[139.66216417,35.6294255],[139.66218208,35.62944097],[139.66225375,35.62967311],[139.66227167,35.62985882],[139.66227167,35.63016833],[139.66225375,35.63023023],[139.66221792,35.63029214],[139.6622,35.63032309],[139.66196708,35.63074093],[139.66176999,35.63109687],[139.6616804,35.63128258],[139.66164457,35.63135996],[139.66148331,35.63170043],[139.66153706,35.6317159],[139.66162665,35.63173138],[139.66185957,35.63176233],[139.66227167,35.63180876],[139.66252251,35.63182423],[139.66336462,35.63190161],[139.66384838,35.63194804],[139.6639738,35.63191709],[139.66415297,35.63190161],[139.6644934,35.63180876],[139.66452923,35.63179328],[139.66528175,35.63160757],[139.66544301,35.63156114],[139.66547884,35.63154567],[139.66553259,35.63153019],[139.66599844,35.63139091],[139.66666138,35.63123615],[139.66675096,35.63122068],[139.66676888,35.63122068],[139.66705555,35.63115878],[139.66710931,35.6311433],[139.6675214,35.63106592],[139.6681485,35.63092664],[139.66820225,35.63089569],[139.66908019,35.63061713],[139.66911603,35.63060165],[139.66922353,35.6305707],[139.66958188,35.63046237],[139.66961771,35.63044689],[139.66965354,35.63043142],[139.67011939,35.63027666],[139.67031648,35.63023023],[139.67035231,35.63021476],[139.67038815,35.63019928],[139.6709615,35.63002905],[139.67133776,35.62990525],[139.67139151,35.62988977],[139.67185736,35.62975049],[139.67200069,35.62970406],[139.67212611,35.62959573],[139.67217987,35.62956478],[139.67219778,35.62953383],[139.67241279,35.6293636],[139.67262779,35.62925527],[139.67266363,35.62923979],[139.67269946,35.62922431],[139.67282488,35.62916241],[139.6732549,35.6289767],[139.67327281,35.62896123],[139.67332656,35.62893028],[139.67420451,35.62852791],[139.67468827,35.62826482],[139.67499286,35.62807911],[139.67501078,35.62807911],[139.67597831,35.62752199],[139.67615748,35.62741366],[139.67624706,35.62735176],[139.67633665,35.62728985],[139.67635457,35.62727438],[139.67640832,35.62724343],[139.67676666,35.62691844],[139.67707125,35.62657797],[139.67710709,35.62654702],[139.67712501,35.62651607],[139.67721459,35.62643869],[139.67759085,35.62594347],[139.67760877,35.62591252],[139.67769835,35.62581966],[139.67793128,35.62540182],[139.67796711,35.62535539],[139.67809253,35.62532444],[139.67820004,35.62530896],[139.67825379,35.62529349],[139.67854046,35.62524706],[139.6792034,35.62512326],[139.67938257,35.6250923],[139.67943632,35.6250923],[139.67959758,35.62506135],[139.67961549,35.62518516],[139.67961549,35.62523159],[139.67963341,35.62543277],[139.67966924,35.62566491],[139.67975883,35.62600537],[139.67977675,35.6260518],[139.67977675,35.62606727],[139.6798305,35.62622203],[139.6800455,35.62670178],[139.68020676,35.62707319],[139.68054719,35.62787793],[139.6805651,35.62790888],[139.68063677,35.62807911],[139.68085178,35.62860529],[139.68086969,35.62866719],[139.6809772,35.62889933],[139.68101303,35.62902313],[139.68117429,35.62939455],[139.68121012,35.6294874],[139.68131762,35.62976596],[139.68133554,35.62981239],[139.68135346,35.62982787],[139.6816043,35.63027666],[139.68162222,35.63030761],[139.68167597,35.63040047],[139.68203431,35.63112782],[139.68207014,35.63117425],[139.68208806,35.6312052],[139.68210598,35.63123615],[139.68235682,35.63160757],[139.68239265,35.63166947],[139.68253599,35.63188613],[139.68273308,35.63218017],[139.682751,35.63219565],[139.68276891,35.6322266],[139.68300184,35.63256706],[139.68301976,35.63261349],[139.68309142,35.63269087],[139.68310934,35.6327373],[139.68316309,35.63281468],[139.68328851,35.63300038],[139.68334226,35.63304681],[139.68334226,35.63306229],[139.68336018,35.63307776],[139.68341393,35.63313967],[139.68355727,35.63334085],[139.6835931,35.6333718],[139.68361102,35.63340275],[139.68362894,35.63341823],[139.68375436,35.63355751],[139.68384394,35.63368131],[139.6838977,35.63374322],[139.6841127,35.63405273],[139.68423812,35.63425391],[139.68420229,35.63433129],[139.68407687,35.63460986],[139.6841127,35.63476461],[139.68416645,35.63493485],[139.68427396,35.63513603],[139.68429187,35.63516698],[139.68429187,35.63519793],[139.68430979,35.63522888],[139.6845248,35.63558482],[139.6846323,35.63573958],[139.68466813,35.63578601],[139.68486522,35.63608005],[139.68497273,35.6362348],[139.68499064,35.63629671],[139.68502648,35.63634313],[139.68533107,35.63686931],[139.68534899,35.63690026],[139.68538482,35.63696216],[139.68579692,35.63753476],[139.68581483,35.63756571],[139.68592234,35.63772047],[139.68610151,35.63804546],[139.68617318,35.63829307],[139.68620901,35.6384014],[139.68622693,35.63844783],[139.68637027,35.638974],[139.68638818,35.63922161],[139.68638818,35.63931447],[139.68637027,35.63937637],[139.68635235,35.63951565],[139.68633443,35.63968588],[139.68613734,35.63970136],[139.68610151,35.63984064],[139.68606567,35.63994897],[139.68606567,35.63997992],[139.68597609,35.64027396],[139.68597609,35.64028944],[139.68595817,35.64033586],[139.68608359,35.64053705],[139.68604776,35.64058347],[139.68602984,35.6406299],[139.68599401,35.64066085],[139.68586859,35.64086204],[139.68572525,35.64104774],[139.68570733,35.6410787],[139.68568941,35.64109417],[139.68534899,35.64151201],[139.68533107,35.64154297],[139.68529524,35.64155844],[139.68524148,35.64166677],[139.68509815,35.64188343],[139.68491898,35.64220842],[139.68486522,35.64231675],[139.68486522,35.6423477],[139.68482939,35.64244056],[139.68481147,35.64248698],[139.68479356,35.64254889],[139.68472189,35.64273459],[139.68470397,35.6427965],[139.68470397,35.64281197],[139.68457855,35.64316791],[139.68456063,35.64324529],[139.68430979,35.64377147],[139.68439938,35.64409646],[139.68441729,35.64415836],[139.68443521,35.64439049],[139.68445313,35.64446787],[139.68447105,35.6446381],[139.68447105,35.64468453],[139.68448896,35.64482381],[139.68461438,35.64521071],[139.68466813,35.64552022],[139.68472189,35.64578331],[139.68472189,35.64589164],[139.68470397,35.64590711],[139.68470397,35.64603092],[139.68466813,35.64624758],[139.68465022,35.64647971],[139.68459647,35.64669637],[139.68457855,35.64672732],[139.6845248,35.64689756],[139.68439938,35.64723802],[139.68432771,35.64736183],[139.68423812,35.64747016],[139.68422021,35.64748563],[139.68414854,35.64756301],[139.68407687,35.64765587],[139.68402312,35.64771777],[139.68402312,35.64784157],[139.68402312,35.64801181],[139.68402312,35.64819751],[139.68402312,35.64822847],[139.68402312,35.6483368],[139.68398728,35.64877012],[139.68396937,35.64892487],[139.68391561,35.64920343],[139.68391561,35.64931176],[139.68393353,35.64935819],[139.68395145,35.64942009],[139.6840052,35.64951295],[139.68407687,35.64962128],[139.6841127,35.64969866],[139.68416645,35.64976056],[139.68422021,35.64980699],[139.68429187,35.64986889],[139.68432771,35.64989984],[139.68434563,35.64989984],[139.68438146,35.64993079],[139.68447105,35.64999269],[139.68450688,35.65002365],[139.68454271,35.6500546],[139.68456063,35.65010102],[139.68459647,35.65014745],[139.68461438,35.65019388],[139.68461438,35.65022483],[139.68461438,35.65027126],[139.68461438,35.65036411],[139.68461438,35.65041054],[139.68461438,35.65047244],[139.68461438,35.6505653],[139.68461438,35.65064267],[139.68461438,35.65065815],[139.68459647,35.65118432],[139.68459647,35.65130813],[139.68457855,35.65135456],[139.68456063,35.65138551],[139.6845248,35.65140098],[139.68436354,35.65144741],[139.68425604,35.65147836],[139.68425604,35.65161764],[139.68425604,35.65169502],[139.68427396,35.65186525],[139.68420229,35.65226762],[139.68409479,35.65248428],[139.68407687,35.65249976],[139.68393353,35.65266999],[139.68391561,35.65268547],[139.68384394,35.65277832],[139.68382603,35.65280927],[139.68380811,35.65284022],[139.68362894,35.65310331],[139.6834856,35.65330449],[139.68334226,35.65350568],[139.68319893,35.65367591],[139.68316309,35.65372234],[139.68312726,35.65375329],[139.68305559,35.65383067],[139.68301976,35.65386162],[139.68284058,35.65403185],[139.68276891,35.65410923],[139.68251807,35.65434136],[139.68235682,35.65449612],[139.68205223,35.65479016],[139.68176555,35.65505325],[139.68158638,35.655208],[139.68146096,35.65531633],[139.68122804,35.65550204],[139.68121012,35.65551752],[139.68099511,35.65568775],[139.6809772,35.65570323],[139.68095928,35.6557187],[139.68094136,35.65574965],[139.68085178,35.65587346],[139.68079803,35.65596631],[139.68078011,35.65599726],[139.68074427,35.65613654],[139.68070844,35.65627583],[139.68069052,35.65643058],[139.68069052,35.65644606],[139.68069052,35.65653891],[139.68067261,35.65663177],[139.68047552,35.65667819],[139.68013509,35.65687938],[139.67974091,35.65712699],[139.67957966,35.65726627],[139.67949007,35.65732817],[139.67940049,35.65748293],[139.67923923,35.65771507],[139.67898839,35.65814838],[139.67882714,35.65833409],[139.67850463,35.65869003],[139.67825379,35.6590305],[139.67818212,35.65910788],[139.6781642,35.65913883],[139.67809253,35.65924716],[139.6780567,35.65929359],[139.67791336,35.65947929],[139.67777002,35.65968048],[139.67768044,35.65980428],[139.67751918,35.66002094],[139.67750127,35.66003642],[139.67732209,35.66026855],[139.67707125,35.66059354],[139.67705334,35.6606245],[139.67685625,35.66082568],[139.67665916,35.66104234],[139.67653374,35.66118162],[139.67637248,35.66135185],[139.67622915,35.66149113],[139.67613956,35.6618316],[139.67601414,35.66221849],[139.67599622,35.66243515],[139.67599622,35.66245063],[139.67596039,35.66277562],[139.67592455,35.66293037],[139.6758708,35.66302323],[139.67570955,35.66319346],[139.67560205,35.66327084],[139.67542287,35.66341012],[139.67522578,35.66362678],[139.6750287,35.66385892],[139.67501078,35.66387439],[139.6750287,35.66387439],[139.67504661,35.66385892],[139.67520787,35.66382796],[139.67544079,35.66381249],[139.67585289,35.66382796],[139.67646207,35.66384344],[139.67717876,35.66390534],[139.67787753,35.66395177],[139.67834337,35.66393629],[139.6787913,35.66388987],[139.67889881,35.66387439],[139.67934673,35.66384344],[139.67947215,35.66382796],[139.67965133,35.66381249],[139.679938,35.66376606],[139.68043968,35.6636113],[139.68106678,35.66341012],[139.68122804,35.66334822],[139.68187306,35.66310061],[139.68203431,35.6630387],[139.6822314,35.6629768],[139.68244641,35.66293037],[139.68271516,35.66288395],[139.68298392,35.66286847],[139.68325268,35.66288395],[139.68334226,35.66289942],[139.6834856,35.6629149],[139.68380811,35.66293037],[139.68398728,35.66293037],[139.68414854,35.6629149],[139.68423812,35.66286847],[139.68430979,35.66283752],[139.68443521,35.66277562],[139.68475772,35.66271371],[139.68502648,35.66266729],[139.68527732,35.66258991],[139.68540274,35.66251253],[139.68559983,35.66237325],[139.68565358,35.6623423],[139.68594025,35.66218754],[139.68626276,35.66209469],[139.6864061,35.66206374],[139.68653152,35.66201731],[139.68660319,35.66200183],[139.68687195,35.6618935],[139.68701528,35.66181612],[139.68717654,35.66169232],[139.68733779,35.66156851],[139.6874453,35.66146018],[139.68760655,35.66127447],[139.68782156,35.66104234],[139.68801865,35.66084116],[139.68803656,35.6607483],[139.68810823,35.66054712],[139.68830532,35.66019118],[139.68814407,35.66006737],[139.68841282,35.65952572],[139.68864575,35.6590924],[139.68868158,35.6590305],[139.68871742,35.65899955],[139.68873533,35.6589686],[139.68877117,35.65892217],[139.68878908,35.65890669],[139.68882492,35.65890669],[139.68884284,35.65890669],[139.6889145,35.65890669],[139.68900409,35.65892217],[139.68905784,35.65893765],[139.68912951,35.65895312],[139.68914743,35.65895312],[139.68920118,35.65895312],[139.68923701,35.65895312],[139.68927285,35.65893765],[139.68930868,35.65890669],[139.68934452,35.65884479],[139.6894341,35.65869003],[139.68950577,35.65861266],[139.68954161,35.65856623],[139.68963119,35.65848885],[139.68982828,35.65834957],[139.68982828,35.65833409],[139.69004329,35.65807101],[139.69020454,35.6578853],[139.69027621,35.65776149],[139.69032996,35.65766864],[139.69038371,35.65757578],[139.69040163,35.65754483],[139.69077789,35.65704961],[139.69079581,35.65701866],[139.69090331,35.65691033],[139.69106457,35.6567401],[139.69106457,35.65672462],[139.69113623,35.65664724],[139.69147666,35.65615202],[139.69163792,35.65590441],[139.69165583,35.65587346],[139.69167375,35.65585798],[139.69167375,35.65584251],[139.691835,35.6555949],[139.69196042,35.65537824],[139.6922471,35.65494492],[139.69231877,35.65485206],[139.69239044,35.65472826],[139.69289212,35.65395447],[139.69289212,35.653939],[139.69294587,35.65387709],[139.69303545,35.65379972],[139.69308921,35.65375329],[139.69312504,35.65372234],[139.69319671,35.65367591],[139.69321463,35.65366043],[139.69342963,35.6534902],[139.69375214,35.65321164],[139.69378798,35.65319616],[139.69427174,35.65276284],[139.69441508,35.65263904],[139.69495259,35.65214382],[139.69511385,35.65180335],[139.69518552,35.65172597],[139.6952751,35.65158669],[139.69565136,35.65141646],[139.69586637,35.6512617],[139.69600971,35.65116885],[139.69597387,35.65112242],[139.69588429,35.65095219],[139.69593804,35.650751],[139.69588429,35.6506891],[139.69658305,35.65048792],[139.69670848,35.65047244],[139.69686973,35.65045697],[139.69717432,35.65019388],[139.69738933,35.64999269],[139.69755058,35.64985341],[139.69821352,35.64928081],[139.69853603,35.64898677],[139.69869728,35.64886297],[139.6989302,35.64867726],[139.69970064,35.64808918],[139.69973648,35.64805823],[139.69987981,35.64798085],[139.70000523,35.64790348],[139.70027399,35.64774872],[139.70108027,35.64723802],[139.70109818,35.64723802],[139.70120569,35.64714517],[139.70131319,35.64706779],[139.70152819,35.64691303],[139.70177904,35.64664995],[139.70179695,35.64663447],[139.70201196,35.64649519],[139.70202988,35.64647971],[139.7021553,35.64640233],[139.70240614,35.6462321],[139.70244197,35.64621663],[139.70253156,35.64613925],[139.70258531,35.6461083],[139.70308699,35.64573688],[139.7034095,35.64550474],[139.7041441,35.64497857],[139.70475329,35.64459168],[139.7051833,35.64431312],[139.70546997,35.64412741],[139.70606124,35.64380242],[139.70615083,35.64375599],[139.7064375,35.64358576],[139.70674209,35.6433691],[139.70729752,35.64295125],[139.70742294,35.64281197],[139.70753045,35.64268817],[139.70796046,35.64244056],[139.70833672,35.64219295],[139.7086234,35.64200724],[139.70939383,35.64174415],[139.70971634,35.64166677],[139.7099851,35.64160487],[139.71011052,35.64157392],[139.71023594,35.64149654],[139.71034344,35.64146559],[139.71037928,35.64154297],[139.7103972,35.64157392],[139.71045095,35.64166677],[139.71054053,35.64185248],[139.71063012,35.64192986],[139.7107197,35.64192986],[139.71086304,35.64196081],[139.71095263,35.64196081],[139.71098846,35.64197629],[139.7110243,35.64197629],[139.71154389,35.64205366],[139.71163348,35.64205366],[139.7117589,35.64208462],[139.71188432,35.64210009],[139.71193807,35.64210009],[139.71213516,35.64214652],[139.71226058,35.64216199],[139.71261892,35.64223937],[139.71303102,35.64231675],[139.71430314,35.64250246],[139.71451814,35.64253341],[139.71494816,35.64257984],[139.71523483,35.64262626],[139.71539609,35.64261079],[139.715414,35.64261079],[139.71546776,35.64259531],[139.71552151,35.64254889],[139.71557526,35.64247151],[139.71564693,35.64245603],[139.7157186,35.64244056],[139.71575443,35.64240961],[139.71580818,35.6423477],[139.7159336,35.64223937],[139.7160411,35.64231675],[139.71613069,35.64237865],[139.71632778,35.64217747],[139.71639945,35.64211557],[139.71643528,35.64208462],[139.71647112,35.64205366],[139.71652487,35.64199176],[139.71666821,35.64194533],[139.71681154,35.64188343],[139.71725947,35.64166677],[139.71729531,35.6416513],[139.71763573,35.64166677],[139.71763573,35.64157392],[139.71765365,35.64154297],[139.71765365,35.64151201],[139.71765365,35.64127988],[139.71704447,35.6410787],[139.71666821,35.64095489],[139.71657862,35.64092394],[139.71643528,35.64087751],[139.71639945,35.64086204],[139.71629195,35.64083108],[139.71625611,35.64080013],[139.71562901,35.64049062],[139.71543192,35.64041324],[139.71534233,35.64038229],[139.71527067,35.64021206],[139.715199,35.6400573],[139.71516316,35.63997992],[139.71505566,35.63974779],[139.71494816,35.63945375],[139.71493024,35.63939185],[139.71493024,35.63937637],[139.71484065,35.63900495],[139.71475107,35.63880377],[139.7146794,35.63866449],[139.71466148,35.63864901],[139.71460773,35.63857163],[139.71453606,35.63847878],[139.71444648,35.6384014],[139.71430314,35.63826212],[139.7142673,35.63824664],[139.71399855,35.63810736],[139.71390896,35.63806094],[139.71387313,35.63804546],[139.71365812,35.63796808],[139.71372979,35.6378907],[139.71376562,35.63784428],[139.71358645,35.63775142],[139.7135327,35.63772047],[139.71324603,35.63755024],[139.71322811,35.63755024],[139.71326394,35.63745738],[139.71328186,35.63738],[139.71337145,35.63705502],[139.71338936,35.63693121],[139.71355062,35.63635861],[139.71356853,35.63628123],[139.71358645,35.6361729],[139.71367604,35.63581696],[139.71372979,35.63558482],[139.71376562,35.63543007],[139.71385521,35.63519793],[139.71387313,35.63515151],[139.71390896,35.6350896],[139.71398063,35.63495032],[139.7141598,35.63467176],[139.71417772,35.63462533],[139.71432106,35.6343932],[139.71439272,35.63428487],[139.71444648,35.63413011],[139.71444648,35.63389797],[139.71446439,35.63344918],[139.71442856,35.63334085],[139.71442856,35.63332537],[139.71437481,35.63321704],[139.71435689,35.63315514],[139.71423147,35.63290753],[139.71419564,35.63270635],[139.71421355,35.63261349],[139.71435689,35.63233493],[139.71446439,35.63221112],[139.71446439,35.63213374],[139.71444648,35.63194804],[139.71442856,35.63162305],[139.71441064,35.63157662],[139.71441064,35.63131353],[139.71442856,35.63117425],[139.71448231,35.63100402],[139.71462565,35.6305088],[139.71476899,35.63002905],[139.71482274,35.62979692],[139.71482274,35.62978144],[139.71464357,35.62967311],[139.71450023,35.62958026],[139.71446439,35.62956478],[139.71444648,35.6295493],[139.71428522,35.62947193],[139.71451814,35.62916241],[139.71462565,35.62905408],[139.71450023,35.62899218],[139.71442856,35.6289767],[139.71424939,35.6289148],[139.71362229,35.62868267],[139.71326394,35.62855886],[139.71322811,35.62854338],[139.71236808,35.62820292],[139.71224266,35.62815649],[139.71209933,35.62811006],[139.71184849,35.62801721],[139.71179473,35.62798626],[139.71168723,35.62795531],[139.71181265,35.62767675],[139.71145431,35.62755294],[139.71138264,35.62752199],[139.7112393,35.62749104],[139.71100638,35.62742913],[139.71097054,35.62741366],[139.71093471,35.62739818],[139.71082721,35.62736723],[139.71041511,35.62710414],[139.71037928,35.62708867],[139.71027177,35.62701129],[139.71025386,35.62699581],[139.70959092,35.6266244],[139.70926841,35.62648512],[139.70923258,35.62645417],[139.70919674,35.62643869],[139.70907132,35.62637679],[139.7086234,35.62622203],[139.70839047,35.62616013],[139.70833672,35.62616013],[139.70824713,35.62614465],[139.7082113,35.62614465],[139.70797838,35.62614465],[139.70783504,35.6261756],[139.7076917,35.62619108],[139.70763795,35.62619108],[139.70749461,35.62620655],[139.7074767,35.62616013],[139.70731544,35.62583514],[139.70729752,35.62581966],[139.70713627,35.6254792],[139.70693918,35.62546372],[139.70638375,35.62544825],[139.70604332,35.62541729],[139.70577456,35.62535539],[139.7051833,35.62520063],[139.70462787,35.62499945],[139.70457411,35.62498397],[139.70410827,35.62475184],[139.70401868,35.62470541],[139.70380368,35.62499945],[139.70376784,35.62504588],[139.70366034,35.62501493],[139.70360659,35.62499945],[139.70358867,35.62499945],[139.70324824,35.62492207],[139.70285407,35.62487564],[139.70251364,35.62482922],[139.70245989,35.62495302],[139.70244197,35.62499945],[139.70240614,35.62510778],[139.70235238,35.62535539],[139.70231655,35.62549467],[139.70217321,35.62552562],[139.70190446,35.62558753],[139.70176112,35.62571133],[139.70159986,35.62583514],[139.70145653,35.62589704],[139.70133111,35.62589704],[139.7012236,35.62589704],[139.70091901,35.62589704],[139.70061442,35.62588156],[139.70041733,35.62586609],[139.70016649,35.62580419],[139.70000523,35.62577324],[139.69971856,35.62569586],[139.69952147,35.62563395],[139.69941397,35.62561848],[139.69884062,35.62561848],[139.69878687,35.62561848],[139.69873312,35.62561848],[139.69858978,35.62561848],[139.69848228,35.62561848],[139.69842852,35.625603],[139.69835686,35.62557205],[139.69810601,35.62543277],[139.69787309,35.62527801],[139.69744308,35.62523159],[139.69708474,35.62515421],[139.69672639,35.62507683],[139.69645763,35.62499945],[139.69643972,35.62499945],[139.69635013,35.6249685],[139.69627846,35.62492207],[139.69613513,35.62481374],[139.69615304,35.62481374],[139.69627846,35.62476732],[139.6964218,35.62472089],[139.69676223,35.62459708],[139.69738933,35.62448875],[139.69742516,35.62448875],[139.69747891,35.62447328],[139.69771184,35.62444233],[139.69828519,35.62414829],[139.69837477,35.62411734],[139.69839269,35.62411734],[139.69876895,35.62403996],[139.69919896,35.62391615],[139.6993423,35.62386972],[139.69937813,35.62385425],[139.69943189,35.62383877],[139.69973648,35.62373044],[139.70000523,35.62365307],[139.70013066,35.62362211],[139.70065025,35.62349831],[139.70072192,35.62348283],[139.70075776,35.62346736],[139.70081151,35.62345188],[139.70129527,35.62329712],[139.70136694,35.62326617],[139.70156403,35.62318879],[139.7016357,35.62315784],[139.70183279,35.62298761],[139.7018507,35.62295666],[139.70186862,35.62294118],[139.70194029,35.62287928],[139.70224488,35.62263167],[139.7022628,35.62261619],[139.7022628,35.62260072],[139.70238822,35.62252334],[139.70245989,35.62249239],[139.70276448,35.62236858],[139.70333783,35.6221674],[139.7034095,35.62212097],[139.70344533,35.6221055],[139.70387534,35.62193526],[139.70398285,35.62187336],[139.7039291,35.62181146],[139.70373201,35.62148647],[139.70330199,35.62157932],[139.70317657,35.62161027],[139.70297949,35.62154837],[139.70280031,35.62148647],[139.70276448,35.62147099],[139.70267489,35.62144004],[139.70267489,35.62139361],[139.70263906,35.62131624],[139.70260322,35.62120791],[139.70238822,35.62072816],[139.70245989,35.62065078],[139.70249572,35.62060435],[139.70258531,35.6205115],[139.70251364,35.62032579],[139.70238822,35.62012461],[139.70235238,35.62009366],[139.70168945,35.61939725],[139.70167153,35.6193663],[139.7016357,35.61933535],[139.70158195,35.61927344],[139.70082942,35.61843776],[139.70079359,35.61839133],[139.70075776,35.61836038],[139.70072192,35.61831395],[139.70029191,35.61781873],[139.70016649,35.61766397],[139.70000523,35.61749374],[139.69993357,35.61741636],[139.69987981,35.61733898],[139.69979023,35.61718423],[139.69977231,35.61716875],[139.69962897,35.61693661],[139.69939605,35.61667353],[139.69918104,35.61641044],[139.69898396,35.61616283],[139.69887645,35.6161164],[139.69884062,35.61610093],[139.69880478,35.61608545],[139.69873312,35.61603902],[139.69855394,35.61582236],[139.69824935,35.61542],[139.69821352,35.61535809],[139.69815977,35.61528072],[139.69774767,35.61498668],[139.69733558,35.61475454],[139.69729974,35.61473907],[139.69726391,35.61472359],[139.69679806,35.6144605],[139.69647555,35.61424384],[139.69636805,35.61418194],[139.69586637,35.61350101],[139.69584845,35.61347006],[139.69583053,35.61343911],[139.69581262,35.61342363],[139.69566928,35.61282008],[139.69565136,35.61271175],[139.69565136,35.61263437],[139.69559761,35.61241771],[139.69559761,35.61237128],[139.69557969,35.61227843],[139.69557969,35.6121082],[139.69559761,35.61198439],[139.69570511,35.61128799],[139.69570511,35.61124156],[139.69574095,35.61073086],[139.69574095,35.61069991],[139.69575886,35.61052968],[139.69574095,35.61032849],[139.69570511,35.61009636],[139.69565136,35.60989517],[139.69563344,35.60983327],[139.69563344,35.60978684],[139.69561553,35.60970947],[139.69559761,35.60952376],[139.69559761,35.60949281],[139.69557969,35.6094309],[139.69574095,35.60910591],[139.69577678,35.60902854],[139.69581262,35.60895116],[139.69543636,35.60892021],[139.69547219,35.60856426],[139.69549011,35.60850236],[139.69552594,35.60845593],[139.69552594,35.60842498],[139.69554386,35.60840951],[139.69554386,35.60833213],[139.69554386,35.60830118],[139.69543636,35.60772858],[139.69543636,35.60768215],[139.69541844,35.60760477],[139.69540052,35.60749644],[139.69504218,35.6081619],[139.69488092,35.60833213],[139.69482717,35.60840951],[139.69468383,35.60853331],[139.69430757,35.6088583],[139.69427174,35.60890473],[139.69384173,35.60926067],[139.69364464,35.60938448],[139.69346547,35.60949281],[139.69325046,35.60963209],[139.69319671,35.60966304],[139.69271295,35.60997255],[139.69192459,35.6105142],[139.69167375,35.61068443],[139.69162,35.61071539],[139.69153041,35.61077729],[139.69149458,35.61080824],[139.69129749,35.61093205],[139.6909929,35.61105585],[139.69095706,35.61107133],[139.69092123,35.6110868],[139.69072414,35.61113323],[139.69056288,35.61114871],[139.69022246,35.61116418],[139.69018662,35.61116418],[139.68997162,35.61117966],[139.68975661,35.61117966],[139.68955952,35.61119513],[139.68936243,35.61117966],[139.68930868,35.61117966],[139.68925493,35.61117966],[139.68884284,35.61116418],[139.68862783,35.61116418],[139.68857408,35.61117966],[139.68839491,35.61117966],[139.68782156,35.61131894],[139.68764239,35.61138084],[139.6870332,35.61161298],[139.68699737,35.61162845],[139.68687195,35.6116594],[139.68685403,35.6116594],[139.6868182,35.6116594],[139.68662111,35.61169035],[139.68611943,35.61169035],[139.68594025,35.61181416],[139.6858865,35.61184511],[139.68585067,35.61187606],[139.68552816,35.61209272],[139.6851519,35.61240224],[139.68509815,35.61244866],[139.68502648,35.61251057],[139.68468605,35.61277365],[139.68447105,35.61308317],[139.68427396,35.61320697],[139.68416645,35.61316055],[139.68413062,35.61314507],[139.6840052,35.61309864],[139.6840052,35.61302126],[139.68402312,35.61300579],[139.68402312,35.61295936],[139.68423812,35.6115975],[139.68425604,35.61145822],[139.68425604,35.61142727],[139.68425604,35.61139632],[139.68443521,35.61032849],[139.68470397,35.60935352],[139.68470397,35.60922972],[139.68470397,35.60912139],[139.68470397,35.60909044],[139.68465022,35.60867259],[139.68461438,35.60833213],[139.68459647,35.60817737],[139.68456063,35.60769763],[139.68456063,35.60766667],[139.68454271,35.60741906],[139.68454271,35.60732621],[139.68500856,35.60732621],[139.68500856,35.60724883],[139.68502648,35.60710955],[139.68502648,35.60692384],[139.68502648,35.60673813],[139.68502648,35.60644409],[139.68491898,35.60633576],[139.68475772,35.60534532],[139.68409479,35.60539175],[139.68379019,35.60543817],[139.68334226,35.60550008],[139.68309142,35.6055465],[139.68278683,35.60559293],[139.68273308,35.60560841],[139.68267933,35.60563936],[139.68260766,35.60571674],[139.68251807,35.60577864],[139.68244641,35.60580959],[139.68237474,35.60584054],[139.68230307,35.60584054],[139.6822314,35.60584054],[139.68214181,35.60584054],[139.68208806,35.60584054],[139.68205223,35.60582507],[139.68198056,35.60580959],[139.68194472,35.60577864],[139.68190889,35.60573221],[139.68189097,35.60568579],[139.68178347,35.60528342],[139.68167597,35.60500486],[139.68144304,35.60450963],[139.6810847,35.60449416],[139.68106678,35.60449416],[139.68070844,35.60446321],[139.68069052,35.60446321],[139.68061885,35.60446321],[139.68054719,35.60446321],[139.68052927,35.60444773],[139.6804576,35.60441678],[139.68042176,35.6044013],[139.68040385,35.6044013],[139.68047552,35.60412274],[139.68047552,35.60409179],[139.68049343,35.60399893],[139.68052927,35.60381323],[139.68054719,35.6037668],[139.68058302,35.60362752],[139.68065469,35.60336443],[139.68067261,35.603318],[139.68072636,35.60308587],[139.68074427,35.60299301],[139.68074427,35.60293111],[139.68070844,35.60282278],[139.68069052,35.60265255],[139.68065469,35.60242041],[139.68063677,35.60220375],[139.68058302,35.60161568],[139.68061885,35.60112046],[139.68061885,35.60104308],[139.68063677,35.6010276],[139.68065469,35.60095022],[139.68069052,35.60085737],[139.68074427,35.60079547],[139.68079803,35.60073356],[139.68094136,35.60064071],[139.68092345,35.60064071],[139.68027843,35.60067166]]]]}},{"type":"Feature","properties":{"N03_001":"東京都","N03_002":null,"N03_003":null,"N03_004":"大田区","N03_007":"13111","id":"gci:13111A1968"},"geometry":{"type":"MultiPolygon","coordinates":[[[[139.81666395,35.53325954],[139.81096629,35.52819899],[139.8107692,35.5283228],[139.80833246,35.5301644],[139.80731118,35.53092271],[139.80709618,35.53110842],[139.80833246,35.53220719],[139.80960458,35.53333692],[139.81666395,35.53960458],[139.81899318,35.54166284],[139.81979945,35.5423902],[139.82309621,35.54384492],[139.82499543,35.54235925],[139.82590921,35.54166284],[139.82603463,35.54156999],[139.82499543,35.54065692],[139.81675353,35.53333692],[139.81666395,35.53325954]]],[[[139.753488,35.56260146],[139.75330882,35.56249313],[139.75312965,35.56270979],[139.75330882,35.56281812],[139.753488,35.56260146]]],[[[139.76422038,35.57499749],[139.76422038,35.57496653],[139.76418455,35.57496653],[139.76418455,35.57495106],[139.76422038,35.57495106],[139.76422038,35.57490463],[139.76454289,35.57490463],[139.76456081,35.57490463],[139.76456081,35.57499749],[139.76456081,35.57509034],[139.76518791,35.57509034],[139.76518791,35.57507486],[139.76529541,35.57507486],[139.76529541,35.57509034],[139.76533125,35.57509034],[139.76533125,35.57505939],[139.76529541,35.57505939],[139.76529541,35.57507486],[139.76518791,35.57507486],[139.76518791,35.57504391],[139.76518791,35.57499749],[139.76518791,35.57490463],[139.76533125,35.57490463],[139.76533125,35.57499749],[139.76533125,35.57504391],[139.76534916,35.57504391],[139.76534916,35.57507486],[139.76543875,35.57507486],[139.76543875,35.57509034],[139.76642419,35.57509034],[139.76644211,35.57499749],[139.76644211,35.57490463],[139.76667504,35.57490463],[139.76714088,35.57490463],[139.77124391,35.57488916],[139.77131558,35.57488916],[139.7713335,35.57488916],[139.77162017,35.57488916],[139.77163809,35.57488916],[139.77170976,35.57488916],[139.77273104,35.57488916],[139.77346564,35.57488916],[139.77353731,35.57492011],[139.77378815,35.57457964],[139.77380607,35.57451774],[139.77377024,35.57442489],[139.77371648,35.57431656],[139.7735194,35.57408442],[139.77319689,35.57369753],[139.77246228,35.57276899],[139.77242645,35.57272256],[139.7723727,35.57266066],[139.77228311,35.57261423],[139.77224728,35.57261423],[139.77222936,35.57261423],[139.77221144,35.57264518],[139.77233686,35.57279994],[139.77230103,35.57283089],[139.77228311,35.57279994],[139.77226519,35.57278446],[139.77224728,35.57278446],[139.77222936,35.57278446],[139.77221144,35.57278446],[139.77219352,35.57278446],[139.77217561,35.57278446],[139.77041972,35.57066429],[139.77031222,35.57054049],[139.7700793,35.57026192],[139.76984637,35.56999884],[139.76972095,35.56984408],[139.76961345,35.5697048],[139.7695597,35.5696429],[139.76943428,35.56948814],[139.76902218,35.56899292],[139.76864592,35.56854412],[139.76809049,35.56786319],[139.76764256,35.56733702],[139.76717672,35.56677989],[139.76714088,35.56673347],[139.76708713,35.56667156],[139.76667504,35.56616087],[139.76660337,35.56608349],[139.76642419,35.56586683],[139.76635253,35.56578945],[139.76633461,35.56577397],[139.76617335,35.56555731],[139.76613752,35.56552636],[139.76606585,35.56544898],[139.76592251,35.56527875],[139.76588668,35.56523232],[139.76561792,35.56489186],[139.76391579,35.56574302],[139.76341411,35.56599063],[139.762357,35.56650133],[139.7620524,35.56667156],[139.76115655,35.56710488],[139.76072653,35.56732154],[139.76029652,35.5675382],[139.76022485,35.56758463],[139.75984859,35.56775486],[139.75947233,35.56795605],[139.75927524,35.5680489],[139.75906024,35.56815723],[139.75879148,35.56828104],[139.75848689,35.56843579],[139.75834355,35.56877626],[139.75832563,35.56877626],[139.75832563,35.56880721],[139.75821813,35.56902387],[139.75812854,35.56922505],[139.75803896,35.56947266],[139.75796729,35.5696429],[139.75784187,35.56990598],[139.75771645,35.57018455],[139.75760895,35.57041668],[139.75757311,35.57052501],[139.7571431,35.57149998],[139.75721477,35.57194877],[139.75716102,35.57194877],[139.7571431,35.57194877],[139.7571431,35.57197973],[139.75717893,35.57196425],[139.75721477,35.57194877],[139.75728644,35.57242852],[139.75730435,35.57253685],[139.75735811,35.57286184],[139.75719685,35.57289279],[139.75719685,35.57279994],[139.7571431,35.57281541],[139.75716102,35.57300112],[139.75721477,35.57298565],[139.75721477,35.57290827],[139.75735811,35.57289279],[139.75760895,35.57445584],[139.75791354,35.57445584],[139.75803896,35.57445584],[139.7582898,35.57445584],[139.75832563,35.57445584],[139.75834355,35.57445584],[139.75863022,35.57445584],[139.75888106,35.57445584],[139.75898857,35.57445584],[139.76158656,35.57445584],[139.76156864,35.57481178],[139.76160448,35.57481178],[139.76160448,35.57464155],[139.76167614,35.57464155],[139.76167614,35.57482725],[139.76165823,35.57482725],[139.76165823,35.57490463],[139.7617299,35.57490463],[139.7617299,35.57445584],[139.7630916,35.57445584],[139.7630916,35.57453322],[139.76310952,35.57453322],[139.76310952,35.57447131],[139.76327077,35.57447131],[139.76330661,35.57448679],[139.76328869,35.57453322],[139.76332452,35.57453322],[139.76332452,35.57468797],[139.76343203,35.57468797],[139.76343203,35.57450226],[139.76352161,35.57450226],[139.76352161,35.57482725],[139.76359328,35.57482725],[139.7636112,35.57482725],[139.7636112,35.57445584],[139.7636112,35.57444036],[139.76380829,35.57444036],[139.76380829,35.57445584],[139.76380829,35.57471892],[139.7638262,35.57471892],[139.76389787,35.57471892],[139.76391579,35.57471892],[139.76391579,35.57461059],[139.76414871,35.57459512],[139.76414871,35.57495106],[139.76416663,35.57495106],[139.76416663,35.57496653],[139.7641308,35.57498201],[139.7641308,35.57499749],[139.76414871,35.57515224],[139.7642383,35.57515224],[139.76422038,35.57499749]]],[[[139.74947455,35.58886371],[139.7495283,35.58886371],[139.74956414,35.58886371],[139.74999415,35.58894109],[139.7502629,35.58900299],[139.7502629,35.58934345],[139.75058541,35.58932798],[139.75106918,35.5893125],[139.75511846,35.58926608],[139.75529763,35.58926608],[139.75542305,35.58926608],[139.75553055,35.58926608],[139.75581723,35.5892506],[139.75601432,35.5892506],[139.75596057,35.58658878],[139.75597848,35.58493288],[139.75721477,35.58496383],[139.75832563,35.58496383],[139.75834355,35.58496383],[139.75986651,35.58497931],[139.76103113,35.58501026],[139.76203449,35.58501026],[139.762572,35.58501026],[139.76253617,35.58598523],[139.762572,35.58658878],[139.76253617,35.58771851],[139.7624645,35.58968392],[139.76287659,35.58973035],[139.76276909,35.59126244],[139.76275117,35.59166481],[139.76273326,35.59195885],[139.76269742,35.59236121],[139.76269742,35.59254692],[139.76255409,35.59460519],[139.76314535,35.59458971],[139.76416663,35.59454329],[139.76418455,35.59466709],[139.76466831,35.59462066],[139.76482957,35.59460519],[139.76542083,35.59448138],[139.76574334,35.59400164],[139.76624502,35.59330523],[139.76667504,35.59274811],[139.76667504,35.59273263],[139.76680046,35.5925624],[139.76706921,35.5926862],[139.76733797,35.59282548],[139.76762465,35.59296477],[139.76843092,35.59336713],[139.76862801,35.59347546],[139.76902218,35.59366117],[139.76923719,35.5937695],[139.77156642,35.59497661],[139.77249812,35.59544088],[139.77271312,35.59554921],[139.77314313,35.59575039],[139.7732148,35.59567301],[139.77287438,35.59551826],[139.77294605,35.5954254],[139.7737344,35.59437305],[139.77385982,35.59418735],[139.77454067,35.59327428],[139.77500652,35.59267073],[139.77518569,35.59242312],[139.77547237,35.59203622],[139.77568737,35.59175766],[139.77574112,35.59166481],[139.77622489,35.59101483],[139.77678032,35.59028747],[139.77593821,35.58952916],[139.77556195,35.58917322],[139.77500652,35.58866252],[139.77500652,35.58864705],[139.77377024,35.58751732],[139.77360898,35.58764113],[139.7732148,35.58728519],[139.77289229,35.58751732],[139.77231894,35.58699115],[139.77138725,35.58613999],[139.7705989,35.58541263],[139.76990013,35.5847936],[139.76905802,35.58400434],[139.76909385,35.58398886],[139.76916552,35.58406624],[139.76961345,35.58446861],[139.77000763,35.58484003],[139.77036597,35.58516502],[139.77239061,35.5870221],[139.77289229,35.58747089],[139.77303563,35.58736256],[139.7732148,35.58722328],[139.77323272,35.58722328],[139.77325064,35.58719233],[139.77325064,35.58716138],[139.77319689,35.58692925],[139.77317897,35.58686734],[139.77342981,35.58668163],[139.77342981,35.58666616],[139.77359106,35.58655783],[139.77355523,35.58652688],[139.77455859,35.58579952],[139.77459443,35.58583047],[139.77500652,35.58552096],[139.77532903,35.58528882],[139.77549028,35.58518049],[139.77552612,35.58521144],[139.77556195,35.58525787],[139.77559779,35.58527335],[139.77563362,35.5853043],[139.77565154,35.58533525],[139.77565154,35.58535072],[139.77563362,35.58539715],[139.77565154,35.58541263],[139.77568737,35.58544358],[139.77572321,35.58547453],[139.77579488,35.58555191],[139.77584863,35.58559834],[139.77586654,35.58562929],[139.77588446,35.58564476],[139.7759203,35.58566024],[139.77593821,35.58566024],[139.77597405,35.58564476],[139.77600988,35.58562929],[139.7760278,35.58561381],[139.7760278,35.58559834],[139.77604572,35.58558286],[139.7760278,35.58556738],[139.77600988,35.58553643],[139.77588446,35.58544358],[139.77554404,35.58513407],[139.77556195,35.58511859],[139.77590238,35.5854281],[139.7760278,35.58553643],[139.77606363,35.58556738],[139.77611739,35.58553643],[139.77617114,35.58558286],[139.77609947,35.58561381],[139.77633239,35.58583047],[139.77652948,35.58569119],[139.77715658,35.58522692],[139.77737159,35.58541263],[139.77783743,35.58584595],[139.77742534,35.58613999],[139.77744326,35.58615546],[139.77785535,35.58586142],[139.77851829,35.58646497],[139.7785362,35.58648045],[139.77799869,35.58686734],[139.77771201,35.587084],[139.7778016,35.58716138],[139.77807036,35.5869602],[139.77857204,35.58660426],[139.77862579,35.58655783],[139.7794679,35.58595428],[139.7807221,35.58504121],[139.78090127,35.58491741],[139.78142087,35.58453051],[139.78147462,35.58456146],[139.78151045,35.58457694],[139.78154629,35.58459242],[139.78158212,35.58459242],[139.78161796,35.58459242],[139.78176129,35.58448409],[139.78183296,35.58453051],[139.78217339,35.58476265],[139.78333801,35.58556738],[139.78401886,35.58604713],[139.78407261,35.5860007],[139.78344551,35.58555191],[139.78333801,35.58547453],[139.78183296,35.58443766],[139.78201214,35.58429838],[139.78204797,35.58426743],[139.7820838,35.584221],[139.78211964,35.58417457],[139.78211964,35.58409719],[139.78253173,35.58380316],[139.7824959,35.58375673],[139.78254965,35.5837103],[139.78290799,35.58403529],[139.78333801,35.58372578],[139.78303341,35.58344721],[139.78314092,35.58336984],[139.78317675,35.58333888],[139.78333801,35.58323055],[139.78333801,35.58321508],[139.78362468,35.5830139],[139.78434137,35.58247225],[139.78430553,35.58244129],[139.78443095,35.58234844],[139.78598975,35.58121871],[139.78649143,35.58086277],[139.78704686,35.58046041],[139.78704686,35.58044493],[139.7870827,35.58044493],[139.78711853,35.58044493],[139.78715436,35.58042945],[139.78720812,35.5803985],[139.78727978,35.58036755],[139.78736937,35.58029017],[139.78738729,35.5802747],[139.78742312,35.58024375],[139.78749479,35.58013542],[139.78751271,35.58011994],[139.78751271,35.58010446],[139.78753062,35.58007351],[139.78753062,35.58005804],[139.78753062,35.58004256],[139.78753062,35.58002709],[139.78753062,35.58001161],[139.78753062,35.57999614],[139.78753062,35.57998066],[139.78751271,35.57990328],[139.78751271,35.57987233],[139.78749479,35.57985685],[139.78749479,35.57974852],[139.78747687,35.57950091],[139.78745896,35.57948544],[139.78745896,35.57946996],[139.78745896,35.57945449],[139.78745896,35.57943901],[139.78744104,35.57942353],[139.78742312,35.57940806],[139.7874052,35.57939258],[139.78738729,35.57939258],[139.78738729,35.57937711],[139.78736937,35.57937711],[139.78735145,35.57937711],[139.78733354,35.57937711],[139.78731562,35.57936163],[139.78727978,35.57936163],[139.78727978,35.57937711],[139.78726187,35.57937711],[139.78724395,35.57937711],[139.78722603,35.57937711],[139.78720812,35.57939258],[139.7871902,35.57940806],[139.7871902,35.57942353],[139.78717228,35.57945449],[139.78717228,35.57946996],[139.78717228,35.57950091],[139.7871902,35.57953186],[139.7871902,35.57954734],[139.7871902,35.57956282],[139.78720812,35.57957829],[139.78722603,35.57959377],[139.78724395,35.57960924],[139.78724395,35.57962472],[139.78724395,35.57964019],[139.78724395,35.57965567],[139.78724395,35.57967115],[139.78722603,35.57968662],[139.78720812,35.5797021],[139.7871902,35.5797021],[139.7871902,35.57971757],[139.78717228,35.57971757],[139.78713645,35.57973305],[139.7870827,35.57974852],[139.78701103,35.579764],[139.78699311,35.579764],[139.78697519,35.579764],[139.78695727,35.579764],[139.78693936,35.579764],[139.78692144,35.57974852],[139.78690352,35.57974852],[139.78688561,35.57974852],[139.78683185,35.57973305],[139.78679602,35.57971757],[139.78676019,35.57971757],[139.78672435,35.5797021],[139.78668852,35.57968662],[139.7866706,35.57968662],[139.78663477,35.57967115],[139.78659893,35.57965567],[139.7865631,35.57964019],[139.78654518,35.57962472],[139.78645559,35.57956282],[139.78643768,35.57954734],[139.78641976,35.57953186],[139.78638393,35.57951639],[139.78636601,35.57950091],[139.78634809,35.57948544],[139.78631226,35.57946996],[139.78629434,35.57945449],[139.78627642,35.57943901],[139.78613308,35.57928425],[139.78600766,35.57911402],[139.78590016,35.57894379],[139.78581058,35.57885093],[139.78577474,35.57880451],[139.7856314,35.5786188],[139.78545223,35.57834024],[139.78521931,35.57799977],[139.78518347,35.57793787],[139.78516556,35.57790692],[139.78512972,35.57786049],[139.78509389,35.57781406],[139.78502222,35.57770573],[139.78496847,35.57762835],[139.78496847,35.57761288],[139.78495055,35.5775974],[139.78495055,35.57758193],[139.78493263,35.57756645],[139.78493263,35.57755098],[139.78493263,35.5775355],[139.78493263,35.57750455],[139.78493263,35.5774736],[139.78493263,35.57745812],[139.78495055,35.57744265],[139.78495055,35.57742717],[139.78495055,35.57741169],[139.78496847,35.57741169],[139.78502222,35.57745812],[139.78504014,35.57745812],[139.78505805,35.57745812],[139.78511181,35.57742717],[139.78512972,35.57741169],[139.78512972,35.57739622],[139.78514764,35.57738074],[139.78514764,35.57736527],[139.78514764,35.57733432],[139.78514764,35.57728789],[139.78514764,35.57725694],[139.78512972,35.57725694],[139.78512972,35.57724146],[139.78511181,35.57724146],[139.78509389,35.57722599],[139.78507597,35.57722599],[139.78505805,35.57722599],[139.78504014,35.57722599],[139.78498639,35.57722599],[139.78482513,35.57722599],[139.78459221,35.57722599],[139.78452054,35.57722599],[139.78450262,35.57722599],[139.78448471,35.57721051],[139.78446679,35.57721051],[139.78444887,35.57721051],[139.78443095,35.57721051],[139.78441304,35.57721051],[139.78435928,35.57721051],[139.78432345,35.57721051],[139.78430553,35.57721051],[139.78428762,35.57721051],[139.78428762,35.57719503],[139.7842697,35.57719503],[139.78418011,35.57717956],[139.78410844,35.57716408],[139.78409053,35.57716408],[139.78407261,35.57716408],[139.78405469,35.57716408],[139.78403678,35.57717956],[139.78401886,35.57717956],[139.78392927,35.57717956],[139.78382177,35.57717956],[139.78380385,35.57717956],[139.78378594,35.57717956],[139.78376802,35.57717956],[139.7837501,35.57719503],[139.78371427,35.57721051],[139.78369635,35.57722599],[139.78367843,35.57725694],[139.78366052,35.57727241],[139.78366052,35.57728789],[139.78366052,35.57730336],[139.78366052,35.57731884],[139.78366052,35.57734979],[139.78358885,35.57728789],[139.78362468,35.57725694],[139.78346343,35.57710218],[139.78340967,35.57705575],[139.78333801,35.57705575],[139.78299758,35.57705575],[139.78299758,35.57710218],[139.78170754,35.57710218],[139.77986207,35.57710218],[139.77936039,35.57711766],[139.77914539,35.57711766],[139.77914539,35.57705575],[139.7761353,35.5770867],[139.7761353,35.57711766],[139.77584863,35.57711766],[139.77584863,35.57700933],[139.77500652,35.57700933],[139.77409274,35.5770248],[139.77409274,35.57711766],[139.76921927,35.57713313],[139.76884301,35.57713313],[139.76864592,35.57713313],[139.76819799,35.57713313],[139.76714088,35.57714861],[139.76669295,35.57714861],[139.76667504,35.57714861],[139.76665712,35.57714861],[139.7666392,35.57717956],[139.76665712,35.57815453],[139.76656753,35.57818548],[139.76649586,35.57820095],[139.76644211,35.57823191],[139.76642419,35.57824738],[139.76640628,35.57827833],[139.7665317,35.57854142],[139.76654961,35.5785569],[139.76667504,35.57864975],[139.76689004,35.57880451],[139.76714088,35.57880451],[139.76775007,35.57880451],[139.76787549,35.57871165],[139.76918344,35.57993423],[139.7701868,35.5808473],[139.77040181,35.58106396],[139.77038389,35.58107943],[139.77015097,35.5808473],[139.76970304,35.58044493],[139.76968512,35.58042945],[139.7696672,35.58042945],[139.76964929,35.58042945],[139.76963137,35.58042945],[139.76963137,35.58041398],[139.76961345,35.58041398],[139.76961345,35.5803985],[139.76959553,35.5803985],[139.76959553,35.58038303],[139.76957762,35.58038303],[139.76957762,35.58036755],[139.7695597,35.58036755],[139.7695597,35.58035208],[139.76954178,35.5803366],[139.76952387,35.58032112],[139.76950595,35.58030565],[139.76948803,35.58029017],[139.76947011,35.58029017],[139.76947011,35.5802747],[139.7694522,35.5802747],[139.7694522,35.58025922],[139.76943428,35.58025922],[139.76943428,35.58024375],[139.76941636,35.58024375],[139.76941636,35.58022827],[139.76939845,35.58022827],[139.76939845,35.58021279],[139.76939845,35.58019732],[139.76939845,35.58018184],[139.76938053,35.58016637],[139.76938053,35.58015089],[139.76936261,35.58015089],[139.76934469,35.58015089],[139.76934469,35.58013542],[139.76932678,35.58013542],[139.76930886,35.58013542],[139.76929094,35.58013542],[139.76927303,35.58011994],[139.76925511,35.58011994],[139.76923719,35.58010446],[139.76921927,35.58010446],[139.76920136,35.58010446],[139.76918344,35.58008899],[139.76916552,35.58008899],[139.76914761,35.58008899],[139.76912969,35.58008899],[139.76912969,35.58010446],[139.76911177,35.58010446],[139.76909385,35.58010446],[139.76909385,35.58011994],[139.76907594,35.58011994],[139.76907594,35.58013542],[139.76907594,35.58015089],[139.76909385,35.58015089],[139.76909385,35.58016637],[139.76909385,35.58018184],[139.76909385,35.58019732],[139.76909385,35.58021279],[139.76907594,35.58022827],[139.76907594,35.58024375],[139.76905802,35.58024375],[139.76905802,35.58025922],[139.7690401,35.58025922],[139.7690401,35.5802747],[139.76902218,35.5802747],[139.76902218,35.58029017],[139.76900427,35.58029017],[139.76900427,35.58030565],[139.76900427,35.58032112],[139.76898635,35.58032112],[139.76898635,35.5803366],[139.76896843,35.5803366],[139.76896843,35.58035208],[139.76895052,35.58035208],[139.76895052,35.58036755],[139.7689326,35.58038303],[139.76891468,35.5803985],[139.76889676,35.5803985],[139.76889676,35.58041398],[139.76887885,35.58041398],[139.76887885,35.58042945],[139.76886093,35.58042945],[139.76886093,35.58044493],[139.76884301,35.58044493],[139.76884301,35.58046041],[139.7688251,35.58046041],[139.7688251,35.58047588],[139.76880718,35.58047588],[139.76880718,35.58049136],[139.76878926,35.58049136],[139.76878926,35.58050683],[139.76877134,35.58050683],[139.76877134,35.58052231],[139.76875343,35.58052231],[139.76875343,35.58053778],[139.76873551,35.58053778],[139.76873551,35.58055326],[139.76871759,35.58055326],[139.76871759,35.58056874],[139.76868176,35.58059969],[139.76866384,35.58059969],[139.76866384,35.58061516],[139.76864592,35.58063064],[139.76862801,35.58064611],[139.76861009,35.58066159],[139.76859217,35.58067707],[139.76857426,35.58069254],[139.76855634,35.58069254],[139.76853842,35.58070802],[139.76853842,35.58072349],[139.7685205,35.58072349],[139.76850259,35.58073897],[139.76848467,35.58073897],[139.76848467,35.58075444],[139.76846675,35.58075444],[139.76844884,35.58075444],[139.76844884,35.58076992],[139.76843092,35.58076992],[139.76843092,35.5807854],[139.768413,35.5807854],[139.76839508,35.5807854],[139.76839508,35.58080087],[139.76837717,35.58080087],[139.76837717,35.58081635],[139.76835925,35.58081635],[139.76835925,35.58083182],[139.76834133,35.58083182],[139.76834133,35.5808473],[139.76832342,35.5808473],[139.76825175,35.58089373],[139.76818008,35.58092468],[139.76810841,35.5809711],[139.76807257,35.58100206],[139.76805466,35.58101753],[139.76803674,35.58104848],[139.76801882,35.58104848],[139.76800091,35.58106396],[139.76796507,35.58107943],[139.76796507,35.58109491],[139.76794715,35.58111038],[139.76791132,35.58114134],[139.76785757,35.58117229],[139.76782173,35.58120324],[139.76780382,35.58121871],[139.76776798,35.58126514],[139.76775007,35.58128062],[139.76773215,35.58131157],[139.76773215,35.58132704],[139.76773215,35.58134252],[139.76773215,35.581358],[139.76776798,35.58138895],[139.76780382,35.5814199],[139.76782173,35.58145085],[139.76783965,35.58146633],[139.76783965,35.5814818],[139.76782173,35.58151275],[139.76776798,35.58149728],[139.76775007,35.5814818],[139.76773215,35.5814818],[139.76771423,35.5814818],[139.76769631,35.58149728],[139.7676784,35.58149728],[139.76766048,35.58149728],[139.76762465,35.58149728],[139.76760673,35.58149728],[139.76758881,35.5814818],[139.76757089,35.5814818],[139.76755298,35.58146633],[139.76753506,35.58145085],[139.76749923,35.58143537],[139.76748131,35.58140442],[139.76746339,35.58138895],[139.76744547,35.58137347],[139.76742756,35.581358],[139.76740964,35.58132704],[139.76739172,35.58131157],[139.7673738,35.58129609],[139.7673738,35.58128062],[139.76733797,35.58126514],[139.76730214,35.58123419],[139.76728422,35.58121871],[139.76724838,35.58120324],[139.76723047,35.58117229],[139.76719463,35.58115681],[139.76717672,35.58112586],[139.7671588,35.58111038],[139.76714088,35.58107943],[139.76710505,35.58106396],[139.76706921,35.58101753],[139.76690796,35.58087825],[139.76689004,35.5808473],[139.76680046,35.58075444],[139.76672879,35.58067707],[139.76667504,35.58063064],[139.76662128,35.58059969],[139.76654961,35.58055326],[139.76646003,35.58047588],[139.76637044,35.58038303],[139.76631669,35.58030565],[139.76622711,35.58021279],[139.76613752,35.58013542],[139.76604793,35.58004256],[139.76595835,35.57996518],[139.76586876,35.57987233],[139.76576126,35.57981043],[139.76568959,35.579764],[139.76561792,35.5797021],[139.76551042,35.57959377],[139.76542083,35.57953186],[139.76536708,35.57948544],[139.76531333,35.57943901],[139.7652775,35.57943901],[139.76516999,35.57951639],[139.76511624,35.57956282],[139.76504457,35.57951639],[139.76508041,35.57950091],[139.76509832,35.57950091],[139.76515208,35.57946996],[139.76529541,35.57939258],[139.76531333,35.57936163],[139.7652775,35.5793152],[139.76520583,35.57923783],[139.76513416,35.57916045],[139.76502666,35.57903664],[139.76493707,35.57894379],[139.76481165,35.57880451],[139.76473998,35.57875808],[139.76465039,35.57871165],[139.76456081,35.57866523],[139.76439955,35.5785569],[139.76436372,35.57849499],[139.76432789,35.57830928],[139.76430997,35.57829381],[139.76420247,35.57820095],[139.76402329,35.57801525],[139.76400538,35.57801525],[139.76398746,35.57801525],[139.76396954,35.57803072],[139.76396954,35.5780462],[139.76398746,35.57806167],[139.76398746,35.57807715],[139.76402329,35.5781081],[139.76377245,35.57809262],[139.76379037,35.57807715],[139.76380829,35.57806167],[139.7638262,35.57803072],[139.7638262,35.57801525],[139.7638262,35.57799977],[139.76380829,35.57796882],[139.76377245,35.57795334],[139.76373662,35.57793787],[139.76370078,35.57793787],[139.76366495,35.57795334],[139.76362912,35.57795334],[139.76359328,35.57796882],[139.76355745,35.57798429],[139.76352161,35.57798429],[139.76348578,35.57796882],[139.76343203,35.57793787],[139.76337828,35.57787597],[139.76330661,35.57781406],[139.76321702,35.57773668],[139.76312743,35.57765931],[139.7629841,35.5775355],[139.76293035,35.57748907],[139.76291243,35.5774736],[139.76282284,35.57739622],[139.76273326,35.57731884],[139.76266159,35.57727241],[139.76262575,35.57725694],[139.76258992,35.57725694],[139.76248242,35.57714861],[139.75834355,35.57716408],[139.75832563,35.57716408],[139.75825396,35.57716408],[139.75814646,35.57716408],[139.75802104,35.57716408],[139.75778812,35.57716408],[139.75742977,35.57716408],[139.75719685,35.57716408],[139.75707143,35.57716408],[139.75678476,35.57716408],[139.75676684,35.57711766],[139.75676684,35.57710218],[139.75674892,35.57707123],[139.756731,35.57707123],[139.75592473,35.57707123],[139.75587098,35.57707123],[139.75583515,35.57707123],[139.75581723,35.5770867],[139.75579931,35.57710218],[139.75579931,35.57711766],[139.75579931,35.57716408],[139.75562014,35.57730336],[139.75556639,35.57728789],[139.75553055,35.57727241],[139.75549472,35.57727241],[139.7554768,35.57727241],[139.75544097,35.57728789],[139.75542305,35.57730336],[139.7553693,35.57733432],[139.75520804,35.57744265],[139.75524388,35.57748907],[139.75527971,35.57752002],[139.75529763,35.5775355],[139.75510054,35.57767478],[139.75508262,35.57767478],[139.75506471,35.57762835],[139.75504679,35.57762835],[139.75501096,35.57758193],[139.75476012,35.57776764],[139.75459886,35.57787597],[139.75456303,35.57789144],[139.75436594,35.57799977],[139.75434802,35.57801525],[139.7543301,35.57801525],[139.7543301,35.57803072],[139.7543301,35.5780462],[139.75434802,35.5781081],[139.75434802,35.57812358],[139.75434802,35.57815453],[139.7543301,35.57817],[139.75427635,35.57820095],[139.7542226,35.57823191],[139.75416885,35.57827833],[139.7541151,35.57829381],[139.75409718,35.57832476],[139.75407926,35.57834024],[139.75406135,35.57837119],[139.75406135,35.57840214],[139.75404343,35.57843309],[139.75395384,35.5786188],[139.75391801,35.57872713],[139.75386426,35.57880451],[139.75382842,35.57886641],[139.75382842,35.57889736],[139.75377467,35.57900569],[139.75373884,35.5791295],[139.75372092,35.57917592],[139.75368508,35.57922235],[139.75366717,35.57926878],[139.75364925,35.57929973],[139.7535955,35.57933068],[139.7535955,35.57936163],[139.7535955,35.57939258],[139.75357758,35.57950091],[139.75354175,35.57959377],[139.75347008,35.57974852],[139.75338049,35.57994971],[139.75332674,35.58004256],[139.75330882,35.58010446],[139.75329091,35.58015089],[139.75327299,35.58018184],[139.75320132,35.5802747],[139.75320132,35.58029017],[139.75320132,35.58036755],[139.7531834,35.58042945],[139.75314757,35.58050683],[139.75309382,35.58059969],[139.75305798,35.58073897],[139.75302215,35.58081635],[139.75302215,35.5808473],[139.75298632,35.5809092],[139.75291465,35.58103301],[139.75289673,35.58107943],[139.75287881,35.58112586],[139.75286089,35.58117229],[139.75284298,35.58121871],[139.75280714,35.58126514],[139.75278923,35.58131157],[139.75277131,35.581358],[139.75275339,35.58140442],[139.75273547,35.58145085],[139.75271756,35.58149728],[139.75269964,35.58152823],[139.75268172,35.58157466],[139.75266381,35.58160561],[139.75264589,35.58165203],[139.75264589,35.58168299],[139.75262797,35.58172941],[139.75261005,35.58177584],[139.75259214,35.58182227],[139.75257422,35.58186869],[139.75253839,35.5819306],[139.75252047,35.58196155],[139.75250255,35.58202345],[139.75246672,35.58206988],[139.7524488,35.58213178],[139.75243088,35.58217821],[139.75239505,35.58224011],[139.75237713,35.58230201],[139.75235921,35.58234844],[139.7523413,35.58237939],[139.75232338,35.58241034],[139.75232338,35.58244129],[139.75232338,35.58245677],[139.75232338,35.58248772],[139.75232338,35.5825032],[139.7523413,35.58251867],[139.75226963,35.58265795],[139.75196504,35.58333888],[139.75194712,35.58336984],[139.7518217,35.58366387],[139.75180378,35.5837103],[139.75178586,35.58375673],[139.75176795,35.58380316],[139.75175003,35.58380316],[139.75173211,35.58378768],[139.7517142,35.58378768],[139.75169628,35.58378768],[139.75167836,35.58378768],[139.75167836,35.58380316],[139.75167836,35.58381863],[139.75167836,35.58383411],[139.75167836,35.58386506],[139.75166044,35.58386506],[139.75164253,35.58384958],[139.75164253,35.58383411],[139.75164253,35.58381863],[139.75162461,35.58381863],[139.75162461,35.58383411],[139.75160669,35.58386506],[139.75158878,35.58389601],[139.75157086,35.58392696],[139.75157086,35.58395791],[139.75155294,35.58398886],[139.75155294,35.58401982],[139.75153502,35.58406624],[139.75153502,35.58409719],[139.75151711,35.58414362],[139.75148127,35.58417457],[139.75146336,35.584221],[139.75144544,35.58426743],[139.75142752,35.58431385],[139.7514096,35.58436028],[139.75139169,35.58440671],[139.75135585,35.58451504],[139.75133794,35.58454599],[139.75132002,35.58459242],[139.7513021,35.58463884],[139.75128418,35.58468527],[139.75126627,35.5847317],[139.75123043,35.5847936],[139.75121251,35.58484003],[139.7511946,35.58488645],[139.75117668,35.58491741],[139.75114085,35.58501026],[139.75112293,35.58505669],[139.75110501,35.58510311],[139.75105126,35.58518049],[139.75105126,35.58522692],[139.75103334,35.58525787],[139.75101543,35.5853043],[139.75099751,35.58533525],[139.75099751,35.58538168],[139.75097959,35.58541263],[139.75092584,35.58552096],[139.75090792,35.58555191],[139.75089001,35.58559834],[139.75087209,35.58564476],[139.75085417,35.58567571],[139.75083625,35.58569119],[139.75083625,35.58570667],[139.75074667,35.58589237],[139.750675,35.58607808],[139.75065708,35.58606261],[139.75065708,35.58607808],[139.75063917,35.58610903],[139.7505675,35.58635664],[139.75053166,35.58643402],[139.75051375,35.58648045],[139.75049583,35.58654235],[139.75047791,35.58658878],[139.75045999,35.58665068],[139.75042416,35.58669711],[139.75040624,35.58674354],[139.75038833,35.58678996],[139.75037041,35.58683639],[139.75035249,35.58688282],[139.75033457,35.58691377],[139.75028082,35.58700662],[139.7502629,35.58705305],[139.75024499,35.58709948],[139.75024499,35.58714591],[139.75022707,35.58717686],[139.75020915,35.58719233],[139.75019124,35.58720781],[139.75019124,35.58722328],[139.75017332,35.58723876],[139.7501554,35.58725424],[139.7501554,35.58728519],[139.7501554,35.58731614],[139.75013748,35.58734709],[139.75013748,35.58739352],[139.75011957,35.58750185],[139.75010165,35.58754827],[139.75008373,35.58757922],[139.75006582,35.58762565],[139.7500479,35.58767208],[139.75002998,35.58770303],[139.74999415,35.58776493],[139.74997623,35.58779588],[139.74990456,35.58795064],[139.74986873,35.58802802],[139.74983289,35.58808992],[139.74981498,35.58812087],[139.74979706,35.58815183],[139.74977914,35.58819825],[139.74974331,35.5882292],[139.74968956,35.58835301],[139.74961789,35.58852324],[139.74958205,35.5886161],[139.74956414,35.588678],[139.74954622,35.58872443],[139.7495283,35.58877085],[139.74949247,35.58881728],[139.74947455,35.58884823],[139.74947455,35.58886371]]],[[[139.80582406,35.58544358],[139.80209729,35.5876566],[139.80000098,35.58891013],[139.79647129,35.59099935],[139.7955396,35.59155648],[139.79534251,35.59166481],[139.79471541,35.59203622],[139.79448249,35.59217551],[139.79994723,35.59522422],[139.80000098,35.59525517],[139.80442652,35.59763843],[139.80494612,35.59700392],[139.80551947,35.59629204],[139.80560905,35.59615276],[139.80833246,35.59281001],[139.80926416,35.59166481],[139.81171881,35.58863157],[139.80833246,35.58680544],[139.80582406,35.58544358]]],[[[139.69540052,35.60749644],[139.69563344,35.60704765],[139.69565136,35.60703217],[139.69566928,35.60698574],[139.69583053,35.60666075],[139.69593804,35.60653695],[139.69595595,35.606506],[139.69609929,35.60630481],[139.69627846,35.60601078],[139.69629638,35.60597982],[139.69651139,35.60557746],[139.69667264,35.60532984],[139.69672639,35.60525247],[139.69679806,35.60512866],[139.69717432,35.60472629],[139.69719224,35.60469534],[139.69721016,35.60467987],[139.69772975,35.60410726],[139.69783726,35.60398346],[139.69801643,35.60379775],[139.69821352,35.60358109],[139.69841061,35.60341086],[139.69858978,35.60324063],[139.69891229,35.60302397],[139.69910938,35.60288469],[139.6993423,35.60272993],[139.69952147,35.60260612],[139.6998619,35.60232756],[139.69993357,35.60228113],[139.70000523,35.60221923],[139.70014857,35.60209542],[139.70086526,35.60156925],[139.70090109,35.6015383],[139.70095485,35.60149187],[139.70106235,35.60141449],[139.70120569,35.60141449],[139.70124152,35.60141449],[139.70127735,35.60139902],[139.70170737,35.60138354],[139.70254947,35.60132164],[139.7039291,35.60122879],[139.70396493,35.60122879],[139.70428744,35.60119783],[139.70475329,35.60118236],[139.70620458,35.60110498],[139.70681376,35.60105855],[139.70686751,35.60105855],[139.70742294,35.60101213],[139.70794254,35.6009657],[139.70803213,35.6009657],[139.70828297,35.60095022],[139.70833672,35.60095022],[139.70869506,35.60091927],[139.70878465,35.6009038],[139.70898174,35.60088832],[139.70903549,35.60088832],[139.71003885,35.60081094],[139.71028969,35.60079547],[139.71036136,35.60077999],[139.71077346,35.60074904],[139.71082721,35.60074904],[139.71086304,35.60073356],[139.71089888,35.60073356],[139.71132889,35.60070261],[139.71141847,35.60068714],[139.71163348,35.60067166],[139.7117589,35.60065619],[139.71179473,35.60065619],[139.71183057,35.60065619],[139.71236808,35.60057881],[139.71254726,35.60054786],[139.71265476,35.60053238],[139.7127981,35.60050143],[139.71288768,35.60048595],[139.71344311,35.60030024],[139.71441064,35.60000621],[139.71442856,35.59999073],[139.71448231,35.59997525],[139.71451814,35.59992883],[139.71455398,35.59989788],[139.7145719,35.59986692],[139.71466148,35.5997586],[139.71469732,35.59968122],[139.71471523,35.59965027],[139.71473315,35.59960384],[139.71464357,35.59923242],[139.71462565,35.59917052],[139.71460773,35.59913957],[139.7145719,35.59912409],[139.71455398,35.59910862],[139.71451814,35.59909314],[139.71421355,35.59907766],[139.71424939,35.59890743],[139.71428522,35.5987991],[139.71430314,35.59876815],[139.71432106,35.5987372],[139.71439272,35.59847411],[139.71455398,35.59793246],[139.7145719,35.59790151],[139.71466148,35.597592],[139.7146794,35.59751462],[139.71473315,35.59745272],[139.71476899,35.59740629],[139.71482274,35.59737534],[139.71485857,35.59734439],[139.71491232,35.59732891],[139.71494816,35.59731344],[139.71507358,35.59728248],[139.71516316,35.59725153],[139.715199,35.59722058],[139.71521691,35.59717415],[139.71523483,35.59712773],[139.71523483,35.59706582],[139.71525275,35.59705035],[139.71525275,35.59703487],[139.71527067,35.59700392],[139.71528858,35.59697297],[139.71532442,35.59692654],[139.71534233,35.59691107],[139.71544984,35.59689559],[139.7157186,35.59681821],[139.71589777,35.59678726],[139.71595152,35.59678726],[139.71596944,35.59678726],[139.71641737,35.59670988],[139.71657862,35.59666346],[139.71661445,35.59666346],[139.71665029,35.59664798],[139.71666821,35.59664798],[139.71681154,35.59660155],[139.71693696,35.59653965],[139.71716989,35.59643132],[139.71736698,35.59638489],[139.71747448,35.59630752],[139.71754615,35.59623014],[139.71756406,35.59618371],[139.71758198,35.59616823],[139.71758198,35.59613728],[139.7175999,35.59601348],[139.71761782,35.5958742],[139.71763573,35.59576587],[139.71765365,35.59568849],[139.71768948,35.59559563],[139.7177074,35.59556468],[139.71774324,35.59550278],[139.71777907,35.59544088],[139.71779699,35.59540993],[139.71783282,35.59531707],[139.71786866,35.59519327],[139.71786866,35.59457424],[139.71804783,35.59457424],[139.71810158,35.59429568],[139.71810158,35.59426472],[139.7181195,35.59420282],[139.71815533,35.59401711],[139.71835242,35.5937076],[139.71858534,35.59338261],[139.71860326,35.59335166],[139.71862118,35.59333618],[139.71862118,35.59332071],[139.71876451,35.59308857],[139.71894369,35.59282548],[139.7189616,35.59276358],[139.71897952,35.59257787],[139.7189616,35.59248502],[139.7189616,35.59245407],[139.7189616,35.59240764],[139.71894369,35.59217551],[139.7189616,35.59209813],[139.71897952,35.5920517],[139.71901536,35.59202075],[139.71906911,35.59197432],[139.71908702,35.59194337],[139.71910494,35.59192789],[139.71917661,35.59185052],[139.71967829,35.5921136],[139.71974996,35.59214455],[139.71978579,35.59216003],[139.71982163,35.59217551],[139.72032331,35.59239217],[139.72032331,35.59240764],[139.72034123,35.59245407],[139.72034123,35.5925005],[139.72035914,35.59267073],[139.72044873,35.59299572],[139.72046665,35.5930731],[139.7205204,35.59322785],[139.72053832,35.59328976],[139.72059207,35.59338261],[139.72069957,35.59355284],[139.72096833,35.59406354],[139.72109375,35.59429568],[139.721255,35.59431115],[139.72155959,35.5943421],[139.72170293,35.59435758],[139.72184627,35.59437305],[139.72200752,35.5943421],[139.72209711,35.5943421],[139.72276004,35.59431115],[139.72345881,35.59429568],[139.72358423,35.5942802],[139.72362007,35.59426472],[139.7236559,35.59426472],[139.72394258,35.59423377],[139.7241755,35.59420282],[139.72437259,35.59420282],[139.72485635,35.59423377],[139.72491011,35.59423377],[139.72494594,35.59423377],[139.72499969,35.59423377],[139.7257343,35.59429568],[139.72585972,35.59429568],[139.72655849,35.5943421],[139.72679141,35.59435758],[139.72679141,35.59414092],[139.72680933,35.59409449],[139.72680933,35.59406354],[139.72680933,35.59395521],[139.72691683,35.59398616],[139.72697058,35.59400164],[139.72702433,35.59403259],[139.72743643,35.59417187],[139.72754393,35.5942183],[139.72759768,35.59423377],[139.72774102,35.59426472],[139.72777685,35.59426472],[139.72808144,35.5943421],[139.72811728,35.59435758],[139.72817103,35.59437305],[139.7282427,35.59438853],[139.72860104,35.59409449],[139.72879813,35.59395521],[139.72899522,35.59378498],[139.72901314,35.59373855],[139.72901314,35.59367665],[139.72901314,35.59366117],[139.72901314,35.59361474],[139.72901314,35.59359927],[139.72901314,35.59353737],[139.72890563,35.59271715],[139.72922814,35.5926243],[139.72933565,35.59259335],[139.72953274,35.59253145],[139.73030317,35.59225288],[139.73055401,35.59216003],[139.73026734,35.59166481],[139.72983733,35.59092197],[139.72933565,35.59014819],[139.72919231,35.58980772],[139.72910272,35.58948273],[139.72894147,35.58883276],[139.7289773,35.58881728],[139.72942523,35.58866252],[139.72951482,35.58863157],[139.7296044,35.58860062],[139.72969399,35.58856967],[139.72965816,35.58819825],[139.72983733,35.58787326],[139.73010609,35.58737804],[139.73015984,35.58737804],[139.73085861,35.58740899],[139.73094819,35.58740899],[139.73175447,35.58743994],[139.73222031,35.58747089],[139.73232781,35.58748637],[139.7328295,35.58750185],[139.732937,35.58751732],[139.73333118,35.58750185],[139.73368952,35.58748637],[139.73372535,35.58748637],[139.73437037,35.58745542],[139.73469288,35.58745542],[139.73483622,35.58742447],[139.7349258,35.58740899],[139.73512289,35.58737804],[139.73530207,35.58736256],[139.73542749,35.58736256],[139.73549915,35.58736256],[139.73587542,35.58736256],[139.73589333,35.58750185],[139.73594708,35.5880435],[139.73605459,35.58805897],[139.7360725,35.58805897],[139.73614417,35.58805897],[139.73712962,35.58812087],[139.73712962,35.5881054],[139.73714753,35.58808992],[139.73716545,35.58781136],[139.73807923,35.58785779],[139.73847341,35.58784231],[139.73852716,35.58784231],[139.73863466,35.58785779],[139.73879591,35.58790421],[139.74060555,35.58841491],[139.74166266,35.58872443],[139.74521026,35.58974582],[139.74653613,35.59016367],[139.7467153,35.58979225],[139.74685864,35.58973035],[139.74741407,35.58951369],[139.74773658,35.58878633],[139.74777242,35.58870895],[139.74784409,35.58869347],[139.74789784,35.58858514],[139.74820243,35.58787326],[139.74852494,35.58711495],[139.74891912,35.58624832],[139.74904454,35.58595428],[139.74897287,35.5859388],[139.74899079,35.5858769],[139.7490087,35.58584595],[139.74908037,35.58567571],[139.74909829,35.58562929],[139.74918787,35.58564476],[139.74922371,35.58555191],[139.74925954,35.58547453],[139.74947455,35.58496383],[139.74968956,35.58448409],[139.74985081,35.58412815],[139.74999415,35.58378768],[139.74999415,35.5837722],[139.74999415,35.58375673],[139.75019124,35.58333888],[139.75020915,35.58330793],[139.75020915,35.58329246],[139.75020915,35.58327698],[139.75020915,35.58323055],[139.75017332,35.58321508],[139.7501554,35.5831996],[139.75019124,35.58315318],[139.75020915,35.58312223],[139.75033457,35.58281271],[139.75035249,35.58278176],[139.75042416,35.58279724],[139.75044208,35.58279724],[139.75047791,35.58270438],[139.75051375,35.58268891],[139.75053166,35.58268891],[139.75132002,35.58087825],[139.75133794,35.5808473],[139.75194712,35.57946996],[139.75194712,35.57943901],[139.75194712,35.57942353],[139.75194712,35.57940806],[139.7519292,35.57939258],[139.75191128,35.57939258],[139.75194712,35.57933068],[139.7519292,35.57933068],[139.75209046,35.57895926],[139.75207254,35.57883546],[139.75209046,35.57883546],[139.75210837,35.57881998],[139.75210837,35.57880451],[139.75212629,35.57878903],[139.75212629,35.57877356],[139.75210837,35.57875808],[139.75210837,35.57872713],[139.7517142,35.57724146],[139.7517142,35.57719503],[139.75169628,35.57717956],[139.75166044,35.57716408],[139.75164253,35.57714861],[139.75158878,35.57713313],[139.75151711,35.57710218],[139.75117668,35.57700933],[139.7511946,35.57699385],[139.75117668,35.57697837],[139.75114085,35.57705575],[139.75110501,35.57704028],[139.75106918,35.5770248],[139.75101543,35.57700933],[139.75103334,35.57694742],[139.75101543,35.5769629],[139.75094376,35.57694742],[139.75092584,35.57693195],[139.75090792,35.57691647],[139.75089001,35.57691647],[139.75085417,35.576901],[139.75080042,35.576901],[139.75076459,35.57688552],[139.75074667,35.57687005],[139.75069292,35.57687005],[139.75063917,35.57685457],[139.7502629,35.57674624],[139.75011957,35.57671529],[139.75008373,35.57669981],[139.75006582,35.57668434],[139.7500479,35.57665339],[139.74999415,35.57657601],[139.74999415,35.57656053],[139.74997623,35.5765141],[139.74999415,35.57648315],[139.74999415,35.5764522],[139.75002998,35.57637482],[139.7500479,35.57634387],[139.7500479,35.57631292],[139.7500479,35.57629744],[139.75002998,35.57628197],[139.75001206,35.57626649],[139.74999415,35.57626649],[139.74999415,35.57625102],[139.74999415,35.57623554],[139.74997623,35.57622007],[139.74995831,35.57622007],[139.74992248,35.57620459],[139.74986873,35.57618911],[139.74999415,35.57595698],[139.75008373,35.5758177],[139.75028082,35.57544628],[139.75029874,35.57543081],[139.75033457,35.57543081],[139.75037041,35.57538438],[139.75042416,35.57533795],[139.75045999,35.57529152],[139.75051375,35.5752451],[139.7505675,35.57522962],[139.75062125,35.57521415],[139.75069292,35.57519867],[139.75074667,35.57521415],[139.75083625,35.57521415],[139.75094376,35.57522962],[139.75105126,35.57526057],[139.75110501,35.57527605],[139.7514096,35.57538438],[139.75214421,35.57560104],[139.75228755,35.57561651],[139.7523413,35.57561651],[139.75243088,35.57560104],[139.75250255,35.57557009],[139.75261005,35.57549271],[139.75273547,35.57539985],[139.75293256,35.57527605],[139.75304007,35.57519867],[139.75334466,35.57499749],[139.75355966,35.5748582],[139.75393593,35.57459512],[139.75409718,35.57448679],[139.7541151,35.57442489],[139.75416885,35.5742856],[139.75424052,35.57414632],[139.7543301,35.57399157],[139.75434802,35.57391419],[139.75436594,35.57383681],[139.75436594,35.57372848],[139.75438385,35.57368205],[139.75443761,35.57362015],[139.75449136,35.57355825],[139.75456303,35.57348087],[139.75465261,35.57337254],[139.75468845,35.57332611],[139.75468845,35.57329516],[139.75468845,35.57327968],[139.75472428,35.57324873],[139.75461678,35.57315588],[139.75458094,35.57318683],[139.75454511,35.57317135],[139.75465261,35.57293922],[139.75533346,35.57139165],[139.7553693,35.57128332],[139.75545888,35.57131427],[139.75581723,35.57046311],[139.75576348,35.57044763],[139.75590681,35.57010717],[139.75635474,35.5690703],[139.75601432,35.56854412],[139.75438385,35.56821913],[139.75311174,35.56795605],[139.75312965,35.56787867],[139.75304007,35.56786319],[139.75304007,35.56789414],[139.75302215,35.56794057],[139.75298632,35.56792509],[139.75300423,35.56789414],[139.75282506,35.56786319],[139.75246672,35.56780129],[139.75228755,35.56775486],[139.75228755,35.56778581],[139.75225171,35.56778581],[139.75024499,35.56738345],[139.74999415,35.56698108],[139.74999415,35.5669656],[139.74981498,35.56667156],[139.74977914,35.56662514],[139.74981498,35.56657871],[139.74999415,35.566393],[139.74999415,35.56637753],[139.75001206,35.56637753],[139.7501554,35.56622277],[139.75037041,35.56600611],[139.75053166,35.56585135],[139.75080042,35.56558826],[139.75089001,35.56549541],[139.75096167,35.56543351],[139.75099751,35.56538708],[139.7511946,35.56517042],[139.75121251,35.56517042],[139.75132002,35.56503114],[139.75137377,35.56506209],[139.7514096,35.56507757],[139.75142752,35.56509304],[139.75142752,35.56510852],[139.75164253,35.56489186],[139.75178586,35.56472163],[139.75200087,35.56448949],[139.75239505,35.5640407],[139.75239505,35.56402522],[139.7529684,35.56337524],[139.75293256,35.56337524],[139.75289673,35.56334429],[139.75286089,35.56331334],[139.75268172,35.56322048],[139.75266381,35.56320501],[139.75293256,35.56291097],[139.75305798,35.56275621],[139.75309382,35.56270979],[139.7531834,35.56258598],[139.75323716,35.56249313],[139.75325507,35.56246217],[139.75338049,35.56226099],[139.75339841,35.56224552],[139.75350591,35.56221456],[139.75354175,35.56221456],[139.75357758,35.56219909],[139.7535955,35.56219909],[139.7535955,35.56218361],[139.75390009,35.56207528],[139.75472428,35.5618122],[139.7549572,35.56154911],[139.75499304,35.56158006],[139.7552618,35.56159554],[139.75527971,35.56159554],[139.75553055,35.56229194],[139.75560222,35.56247765],[139.75569181,35.56272526],[139.75596057,35.56288002],[139.75626516,35.56305025],[139.75698184,35.56346809],[139.7576627,35.56383951],[139.75812854,35.5641026],[139.75820021,35.56414903],[139.75832563,35.5642264],[139.75834355,35.5642264],[139.75859439,35.56436569],[139.75913191,35.5641026],[139.75932899,35.56400974],[139.75959775,35.56387046],[139.75990234,35.56371571],[139.76035027,35.56349905],[139.76101321,35.56315858],[139.76122821,35.56292645],[139.76140739,35.56269431],[139.76167614,35.5623848],[139.7618374,35.56218361],[139.7620524,35.56195148],[139.76223158,35.56173482],[139.7624645,35.56145625],[139.76275117,35.56113127],[139.76293035,35.56089913],[139.7630916,35.56071342],[139.76310952,35.56069795],[139.76373662,35.56046581],[139.76391579,35.56066699],[139.76409496,35.56088365],[139.7641308,35.56091461],[139.76416663,35.56094556],[139.76438164,35.56119317],[139.76463248,35.56148721],[139.7648654,35.56176577],[139.76513416,35.56207528],[139.76545667,35.5624467],[139.76563584,35.56266336],[139.76592251,35.56298835],[139.76597627,35.5629574],[139.76624502,35.56328239],[139.76667504,35.56377761],[139.76669295,35.56379308],[139.76694379,35.5641026],[139.76714088,35.56433473],[139.76739172,35.5646133],[139.76749923,35.5647371],[139.76757089,35.56481448],[139.76758881,35.56484543],[139.76758881,35.56486091],[139.76776798,35.56506209],[139.7677859,35.56507757],[139.76785757,35.56515495],[139.76796507,35.56529423],[139.76821591,35.56558826],[139.768413,35.56580492],[139.76861009,35.56602158],[139.76878926,35.56625372],[139.76898635,35.56647038],[139.76914761,35.56667156],[139.76918344,35.56668704],[139.76936261,35.56691917],[139.7695597,35.56713583],[139.76972095,35.56733702],[139.76975679,35.56735249],[139.76993596,35.56758463],[139.77013305,35.56780129],[139.77050931,35.56823461],[139.77068848,35.56845127],[139.77074223,35.56851317],[139.77074223,35.56852865],[139.77074223,35.5685596],[139.77074223,35.56857507],[139.77074223,35.56859055],[139.77088557,35.56877626],[139.77090349,35.56883816],[139.77092141,35.56886911],[139.77095724,35.56890006],[139.77095724,35.56891554],[139.77099307,35.56897744],[139.77108266,35.56899292],[139.77108266,35.56897744],[139.77138725,35.56900839],[139.77138725,35.56899292],[139.77140517,35.56899292],[139.77138725,35.56899292],[139.77140517,35.56897744],[139.77147684,35.56897744],[139.77145892,35.56900839],[139.77145892,35.56899292],[139.77145892,35.56900839],[139.77212186,35.56908577],[139.77212186,35.56910125],[139.77235478,35.5691322],[139.77350148,35.569256],[139.77359106,35.569256],[139.77360898,35.569256],[139.77484527,35.56939529],[139.77486318,35.56937981],[139.77500652,35.56939529],[139.77635031,35.56953457],[139.7776941,35.56968932],[139.77796285,35.5697048],[139.77796285,35.56973575],[139.77857204,35.56979765],[139.77880496,35.5698286],[139.77937831,35.56989051],[139.77937831,35.56987503],[139.77962915,35.56990598],[139.77962915,35.56992146],[139.77977249,35.56993693],[139.77984416,35.56993693],[139.78167171,35.57013812],[139.78199422,35.57016907],[139.78281841,35.57026192],[139.78321259,35.57030835],[139.78321259,35.57032383],[139.78324842,35.57032383],[139.78333801,35.57032383],[139.78387552,35.57038573],[139.78441304,35.57044763],[139.78504014,35.57050954],[139.78532681,35.57054049],[139.78543432,35.57055596],[139.78545223,35.57054049],[139.78548807,35.57047858],[139.7856314,35.57026192],[139.78595391,35.5698286],[139.78595391,35.56981313],[139.78597183,35.56979765],[139.78598975,35.56979765],[139.78600766,35.56979765],[139.78602558,35.56979765],[139.7860435,35.56979765],[139.78606142,35.56979765],[139.78607933,35.56979765],[139.78609725,35.56979765],[139.78620475,35.56984408],[139.78618684,35.56985956],[139.78647351,35.56998336],[139.78652726,35.56990598],[139.78627642,35.56978218],[139.78627642,35.56979765],[139.78625851,35.56978218],[139.78624059,35.5697667],[139.78622267,35.56975123],[139.78622267,35.56973575],[139.78622267,35.56972027],[139.78622267,35.5697048],[139.78622267,35.56968932],[139.78622267,35.56965837],[139.78622267,35.5696429],[139.78622267,35.56961194],[139.78622267,35.56959647],[139.78622267,35.56956552],[139.78622267,35.56955004],[139.78622267,35.56951909],[139.78624059,35.56950362],[139.78624059,35.56948814],[139.78625851,35.56947266],[139.78625851,35.56944171],[139.78627642,35.56939529],[139.78627642,35.56933338],[139.78629434,35.56931791],[139.78629434,35.56930243],[139.78629434,35.56927148],[139.78629434,35.569256],[139.78631226,35.56924053],[139.78631226,35.56920958],[139.78631226,35.56917863],[139.78631226,35.56916315],[139.78633017,35.56910125],[139.78692144,35.56826556],[139.7874052,35.56758463],[139.78744104,35.56758463],[139.78747687,35.56756915],[139.78749479,35.56756915],[139.78753062,35.56755368],[139.78754854,35.56755368],[139.78760229,35.56758463],[139.78758438,35.56758463],[139.78774563,35.56766201],[139.78774563,35.56764653],[139.78799647,35.56775486],[139.78803231,35.56770843],[139.78778146,35.5676001],[139.78779938,35.56758463],[139.78776355,35.56756915],[139.78776355,35.56755368],[139.78776355,35.56752273],[139.78776355,35.56750725],[139.78776355,35.5674763],[139.78778146,35.56742987],[139.78779938,35.56736797],[139.7878173,35.56733702],[139.78783522,35.56729059],[139.78783522,35.56725964],[139.78785313,35.56724416],[139.78785313,35.56722869],[139.78787105,35.56721321],[139.78787105,35.56719774],[139.78787105,35.56716679],[139.78788897,35.56715131],[139.78788897,35.56712036],[139.78790689,35.56708941],[139.78790689,35.56705846],[139.78790689,35.56704298],[139.7879248,35.56701203],[139.78794272,35.56698108],[139.78796064,35.56693465],[139.78797855,35.56688822],[139.78799647,35.56687275],[139.78799647,35.56674894],[139.78806814,35.56667156],[139.78812189,35.56656323],[139.78826523,35.56637753],[139.78921484,35.56506209],[139.78925067,35.56509304],[139.78928651,35.56510852],[139.78932234,35.56510852],[139.78941193,35.56510852],[139.78971652,35.56523232],[139.78975235,35.5651859],[139.78957318,35.56510852],[139.78955526,35.56509304],[139.78955526,35.56506209],[139.78955526,35.56501566],[139.78957318,35.56498471],[139.78957318,35.56493829],[139.7895911,35.56489186],[139.7895911,35.56484543],[139.78960902,35.564799],[139.78962693,35.56475258],[139.78964485,35.56470615],[139.78966277,35.56465972],[139.78968069,35.5646133],[139.7896986,35.56455139],[139.78973444,35.56447401],[139.78975235,35.56441211],[139.78978819,35.56438116],[139.78980611,35.56431926],[139.78982402,35.56428831],[139.78987777,35.56419545],[139.78993153,35.5642264],[139.79070196,35.56314311],[139.7908453,35.56294192],[139.79088114,35.56292645],[139.79091697,35.56289549],[139.7909528,35.56288002],[139.79102447,35.56284907],[139.79111406,35.56281812],[139.79120364,35.56281812],[139.79145449,35.56294192],[139.79149032,35.56289549],[139.7913649,35.56283359],[139.7913649,35.56281812],[139.7913649,35.56278716],[139.7913649,35.56275621],[139.79138282,35.56272526],[139.79140073,35.56266336],[139.79143657,35.56258598],[139.7914724,35.56252408],[139.79150824,35.56243122],[139.79154407,35.56235384],[139.79159782,35.56226099],[139.79163366,35.56216814],[139.79165157,35.56210623],[139.79166949,35.56209076],[139.79166949,35.56207528],[139.79168741,35.56202886],[139.79172324,35.56196695],[139.79175908,35.56185862],[139.79179491,35.56178124],[139.79183075,35.56170387],[139.79186658,35.56164196],[139.79190241,35.56156458],[139.79193825,35.56151816],[139.79197408,35.56144078],[139.79202783,35.56137888],[139.79204575,35.56133245],[139.79208159,35.56127055],[139.79213534,35.56119317],[139.79218909,35.56111579],[139.79224284,35.56100746],[139.79226076,35.56096103],[139.79227868,35.56091461],[139.79256535,35.56051224],[139.79258327,35.56051224],[139.7926191,35.56049676],[139.79265494,35.56048129],[139.79269077,35.56046581],[139.7927266,35.56043486],[139.79276244,35.56043486],[139.7930312,35.56055866],[139.79306703,35.56049676],[139.79285202,35.56038843],[139.79286994,35.56032653],[139.79286994,35.5602801],[139.79288786,35.56023367],[139.79290578,35.56017177],[139.79294161,35.56012535],[139.79297744,35.56006344],[139.79299536,35.56000154],[139.79301328,35.55995511],[139.79304911,35.55989321],[139.79308495,35.55986226],[139.79312078,35.55980036],[139.7931387,35.55975393],[139.79317453,35.5597075],[139.79321037,35.55966107],[139.7932462,35.5595837],[139.7932462,35.55955274],[139.79340746,35.55933608],[139.79396289,35.55853135],[139.79410623,35.55833016],[139.7942854,35.55809803],[139.79430332,35.55808255],[139.79433915,35.55806708],[139.7943929,35.55808255],[139.79469749,35.55822183],[139.79473333,35.55815993],[139.79453624,35.55806708],[139.79453624,35.5580516],[139.79453624,35.55800518],[139.79455416,35.55795875],[139.79460791,35.55786589],[139.79469749,35.55768019],[139.79478708,35.55749448],[139.7949125,35.55729329],[139.79496625,35.55715401],[139.79498417,35.55710758],[139.79503792,35.55703021],[139.79510959,35.55693735],[139.79545001,35.55642665],[139.79584419,35.55585405],[139.79584419,35.55583858],[139.79589794,35.55583858],[139.79591586,35.5558231],[139.79596961,35.55580763],[139.79598753,35.55577668],[139.79602336,35.5557612],[139.79607712,35.5557612],[139.79639962,35.55590048],[139.79643546,35.55583858],[139.79614878,35.55571477],[139.79614878,35.55565287],[139.79614878,35.55563739],[139.79614878,35.55559097],[139.7961667,35.55554454],[139.79620254,35.55545169],[139.79623837,35.5553124],[139.79625629,35.55526598],[139.79647129,35.55494099],[139.79691922,35.55430648],[139.79727757,35.55382674],[139.79760008,35.55336247],[139.79801217,35.5535327],[139.79806592,35.5534708],[139.79777925,35.55334699],[139.79777925,35.55333152],[139.79779716,35.55326961],[139.79781508,35.55319223],[139.79785092,35.5530839],[139.79790467,35.55297557],[139.79792258,35.55291367],[139.79817343,35.55257321],[139.79865719,35.55189228],[139.79921262,35.55111849],[139.79924846,35.55110302],[139.79928429,35.55108754],[139.79932012,35.55108754],[139.79939179,35.55108754],[139.79962472,35.55119587],[139.79967847,35.55111849],[139.79942763,35.55101016],[139.79942763,35.55094826],[139.79942763,35.55090183],[139.79944554,35.55080898],[139.79989347,35.55017447],[139.80000098,35.55001972],[139.80001889,35.55000424],[139.8003414,35.5495245],[139.8007535,35.54893642],[139.80084308,35.54888999],[139.80102226,35.54876619],[139.80107601,35.54875071],[139.80132685,35.54887452],[139.8013806,35.54881261],[139.80111184,35.54867333],[139.80111184,35.54864238],[139.80111184,35.54861143],[139.80111184,35.548565],[139.80114768,35.5485031],[139.80118351,35.54842572],[139.80121934,35.54837929],[139.80123726,35.54834834],[139.80125518,35.54830192],[139.80177478,35.5478686],[139.80261688,35.54715671],[139.80344107,35.54646031],[139.80396067,35.54602699],[139.80465944,35.54505202],[139.80525071,35.54421633],[139.80568072,35.54358183],[139.80573447,35.54350445],[139.80706034,35.54166284],[139.80783078,35.54059502],[139.80788453,35.54057954],[139.80792037,35.54056407],[139.80793828,35.54057954],[139.8079562,35.5406105],[139.80799204,35.54062597],[139.80800995,35.54062597],[139.80802787,35.54062597],[139.8080637,35.5406105],[139.80809954,35.5406105],[139.80813537,35.5406105],[139.80815329,35.54059502],[139.80820704,35.54057954],[139.80826079,35.54053312],[139.80831454,35.54047121],[139.80833246,35.54045574],[139.80835038,35.54044026],[139.80838621,35.54039384],[139.80843997,35.54033193],[139.8084758,35.54030098],[139.80849372,35.54028551],[139.80851163,35.54027003],[139.80852955,35.54020813],[139.80852955,35.54019265],[139.80852955,35.54017718],[139.80863705,35.53999147],[139.80867289,35.53992957],[139.80870872,35.53982124],[139.80874456,35.53974386],[139.80881623,35.53963553],[139.80888789,35.5395272],[139.80897748,35.53940339],[139.80906707,35.53926411],[139.80912082,35.53914031],[139.80917457,35.53906293],[139.80917457,35.5390165],[139.80917457,35.53897007],[139.80917457,35.53892365],[139.80917457,35.53889269],[139.80917457,35.53883079],[139.80917457,35.53878436],[139.80915665,35.53872246],[139.80912082,35.53866056],[139.8091029,35.53861413],[139.80906707,35.53858318],[139.80901331,35.53853675],[139.80897748,35.53849033],[139.80890581,35.5384439],[139.80878039,35.538382],[139.80869081,35.53833557],[139.8085833,35.53827367],[139.80845788,35.53821176],[139.80833246,35.53814986],[139.80831454,35.53813439],[139.80813537,35.53804153],[139.80799204,35.53796415],[139.80786662,35.53790225],[139.80766953,35.5378094],[139.80745452,35.53770107],[139.80738285,35.53767011],[139.8073291,35.53765464],[139.80727535,35.53765464],[139.80723951,35.53765464],[139.80720368,35.53765464],[139.80718576,35.53767011],[139.80716785,35.53768559],[139.80713201,35.53770107],[139.80709618,35.53770107],[139.80706034,35.53770107],[139.80700659,35.53770107],[139.80691701,35.53768559],[139.80682742,35.53765464],[139.80673783,35.53763916],[139.80661241,35.53760821],[139.8065945,35.53760821],[139.80657658,35.53759274],[139.80655866,35.53759274],[139.80645116,35.53757726],[139.80623615,35.53751536],[139.80362025,35.5362773],[139.80358441,35.53635468],[139.80311856,35.53612255],[139.80322607,35.53596779],[139.80313648,35.53593684],[139.8030469,35.53589041],[139.80283189,35.53578208],[139.80224062,35.53550352],[139.80186436,35.53533328],[139.8012731,35.53505472],[139.80111184,35.53497734],[139.8009685,35.53491544],[139.80087892,35.53488449],[139.80077142,35.53502377],[139.8003414,35.53482259],[139.8003414,35.53480711],[139.8003414,35.53479164],[139.8003414,35.53477616],[139.80035932,35.53476068],[139.8003414,35.53474521],[139.8003414,35.53472973],[139.80000098,35.53457498],[139.79738507,35.53333692],[139.79729548,35.53329049],[139.79725965,35.53327502],[139.79686547,35.53308931],[139.79636379,35.53285717],[139.79634587,35.53282622],[139.79631004,35.53281075],[139.79631004,35.53279527],[139.7949125,35.53212982],[139.79489458,35.53212982],[139.79458999,35.53222267],[139.79453624,35.53225362],[139.79166949,35.53312026],[139.79093489,35.53333692],[139.78977027,35.53367739],[139.78975235,35.53366191],[139.7895911,35.53370834],[139.7895911,35.53372381],[139.78923276,35.53384762],[139.78762021,35.53431189],[139.78769188,35.53443569],[139.78769188,35.53445117],[139.78715436,35.53508567],[139.78654518,35.53579756],[139.78636601,35.5357047],[139.78598975,35.53553447],[139.78572099,35.53541066],[139.78521931,35.53516305],[139.78516556,35.53516305],[139.78516556,35.53517853],[139.78512972,35.53516305],[139.78446679,35.53534876],[139.78444887,35.53539519],[139.78441304,35.53537971],[139.78333801,35.53691181],[139.78206589,35.53869151],[139.7820838,35.53870699],[139.78204797,35.53875341],[139.78201214,35.53876889],[139.78201214,35.53881532],[139.78195838,35.53883079],[139.78176129,35.53872246],[139.78170754,35.53864508],[139.78168963,35.53862961],[139.78160004,35.53859866],[139.78156421,35.5385677],[139.78151045,35.5385058],[139.78147462,35.5385058],[139.78097294,35.53824272],[139.77878704,35.53700466],[139.77649365,35.53446665],[139.77631447,35.53457498],[139.77500652,35.53533328],[139.77342981,35.53623088],[139.77108266,35.53760821],[139.77002555,35.53821176],[139.76920136,35.53870699],[139.76912969,35.53873794],[139.76807257,35.53934149],[139.76721255,35.53971291],[139.76667504,35.53996052],[139.76651378,35.54002242],[139.76585085,35.54025456],[139.76269742,35.54166284],[139.76190907,35.54201878],[139.7600636,35.5429628],[139.75888106,35.5435354],[139.75834355,35.54381396],[139.75832563,35.54381396],[139.75768061,35.54413895],[139.75759103,35.54418538],[139.75685642,35.5444949],[139.75648016,35.5445568],[139.75544097,35.5444949],[139.75398968,35.54444847],[139.75327299,35.54447942],[139.7518217,35.54454132],[139.75105126,35.5445568],[139.75008373,35.54458775],[139.74999415,35.54457227],[139.74931329,35.5444949],[139.74882953,35.54427824],[139.74787992,35.5439842],[139.74676906,35.54382944],[139.74642863,35.54386039],[139.74533568,35.54392229],[139.74474442,35.54399967],[139.74386647,35.54421633],[139.74340063,35.54434014],[139.74309604,35.54446394],[139.74293478,35.54452585],[139.74264811,35.5446187],[139.74246893,35.5446806],[139.74212851,35.54481988],[139.74184183,35.54488179],[139.74166266,35.54489726],[139.74130432,35.54492821],[139.74099973,35.54495917],[139.74069513,35.54499012],[139.74037263,35.54503654],[139.74022929,35.5450675],[139.73990678,35.5451294],[139.73960219,35.54516035],[139.7394051,35.5451294],[139.73863466,35.54480441],[139.73811506,35.54460323],[139.73766713,35.54438657],[139.73747004,35.54423181],[139.7372192,35.54396872],[139.73686086,35.54344255],[139.73618001,35.54259138],[139.7360725,35.5424521],[139.73535582,35.54166284],[139.73530207,35.54160094],[139.73494372,35.54121405],[139.73463913,35.54098191],[139.7342987,35.54090453],[139.73404786,35.54088906],[139.73365369,35.54085811],[139.73336701,35.54090453],[139.73333118,35.54090453],[139.73302658,35.54101286],[139.732937,35.54107477],[139.73273991,35.54119857],[139.7323099,35.54153904],[139.73214864,35.54166284],[139.73195155,35.54183308],[139.73153946,35.54214259],[139.73100194,35.54256043],[139.73098403,35.54256043],[139.73073319,35.54276162],[139.73035693,35.54291637],[139.72937148,35.54319494],[139.72870855,35.54334969],[139.72808144,35.5434735],[139.7276156,35.54356635],[139.72695266,35.5435973],[139.72655849,35.54358183],[139.72611056,35.5434735],[139.72523261,35.54308661],[139.72499969,35.54297828],[139.72431884,35.54265329],[139.7236559,35.54228187],[139.72340506,35.54212711],[139.72293922,35.54186403],[139.72261671,35.54166284],[139.72236587,35.54150809],[139.72111166,35.54054859],[139.72096833,35.54042479],[139.72014414,35.53966648],[139.71949912,35.53912483],[139.71865701,35.53853675],[139.71820908,35.53830462],[139.71729531,35.53801058],[139.71666821,35.53784035],[139.71595152,35.53767011],[139.71491232,35.53745345],[139.71444648,35.5373606],[139.71435689,35.53734512],[139.71278018,35.53698918],[139.71154389,35.53671062],[139.71075554,35.53654039],[139.7105047,35.53650944],[139.71014635,35.53646301],[139.70899966,35.53638563],[139.70833672,35.53635468],[139.70797838,35.5363392],[139.70681376,35.5362773],[139.70573873,35.53624635],[139.70478912,35.53629278],[139.70430536,35.53637016],[139.7040366,35.53643206],[139.70378576,35.53649396],[139.70346325,35.53658682],[139.70331991,35.53664872],[139.70314074,35.53671062],[139.70276448,35.53683443],[139.70222696,35.53702014],[139.70181487,35.53725227],[139.70113402,35.53756178],[139.70073984,35.53777844],[139.70030983,35.53807248],[139.70000523,35.53830462],[139.69993357,35.53836652],[139.69962897,35.53867603],[139.69943189,35.53890817],[139.69937813,35.53898555],[139.69919896,35.53924864],[139.6988227,35.53974386],[139.6988227,35.53975933],[139.69864353,35.5400998],[139.69841061,35.54050217],[139.69810601,35.54112119],[139.69794476,35.54144618],[139.69790893,35.54166284],[139.69783726,35.54203426],[139.69780142,35.54240568],[139.69776559,35.54328779],[139.69776559,35.54375206],[139.69787309,35.54427824],[139.69792684,35.54466513],[139.69807018,35.54495917],[139.69824935,35.54517583],[139.69844644,35.54540796],[139.69894812,35.54581033],[139.69941397,35.54619722],[139.69982606,35.54655316],[139.70000523,35.54672339],[139.70018441,35.54692458],[139.70077567,35.54745075],[139.70104443,35.54766741],[139.70147444,35.54802335],[139.70177904,35.54822454],[139.70260322,35.54873524],[139.70301532,35.54892094],[139.70330199,35.54918403],[139.70353492,35.54941617],[139.70369617,35.54967925],[139.70383951,35.55000424],[139.70394701,35.5502209],[139.70407243,35.55046851],[139.7041441,35.55074708],[139.70423369,35.55118039],[139.70423369,35.55144348],[139.70423369,35.55164467],[139.70417994,35.55183037],[139.7040366,35.55212441],[139.70373201,35.55260416],[139.70337366,35.55299105],[139.70306907,35.55331604],[139.70267489,35.55367198],[139.70229863,35.55396602],[139.70194029,35.55421363],[139.70142069,35.55453862],[139.70120569,35.5546779],[139.70088318,35.55489456],[139.70043525,35.5551267],[139.70000523,35.55532788],[139.6998619,35.55540526],[139.69928855,35.55562192],[139.69875103,35.55580763],[139.6983031,35.55597786],[139.69778351,35.55613262],[139.69728182,35.55620999],[139.69667264,35.55630285],[139.69654722,35.55631832],[139.69624263,35.5563338],[139.69552594,35.55638023],[139.69471967,35.55644213],[139.69382381,35.55650403],[139.69308921,35.55656594],[139.69206793,35.55664331],[139.69167375,35.55670522],[139.69136916,35.55675164],[139.69092123,35.5568445],[139.69065247,35.5569064],[139.69045538,35.55695283],[139.69000745,35.55712306],[139.68961327,35.55729329],[139.68923701,35.55749448],[139.68895034,35.55766471],[139.68844866,35.55800518],[139.68801865,35.55833016],[139.68753488,35.55860873],[139.68715862,35.55882539],[139.68608359,35.55936704],[139.68574317,35.55950632],[139.68568941,35.55952179],[139.68493689,35.5597694],[139.68380811,35.5601563],[139.68334226,35.56035748],[139.68284058,35.56057414],[139.68192681,35.56100746],[139.68155055,35.56119317],[139.68113845,35.56144078],[139.68081594,35.56162649],[139.68027843,35.56196695],[139.67984842,35.56224552],[139.67918548,35.56269431],[139.6787913,35.56298835],[139.67855838,35.56322048],[139.67823587,35.56354547],[139.67769835,35.56424188],[139.67710709,35.56504662],[139.67658749,35.56577397],[139.67640832,35.56603706],[139.67626498,35.56631562],[139.67608581,35.56667156],[139.67599622,35.56688822],[139.67554829,35.56797152],[139.6750287,35.56934886],[139.67501078,35.56942624],[139.67499286,35.56944171],[139.67492119,35.5696429],[139.67467035,35.5702774],[139.67432993,35.57125237],[139.67400742,35.5720571],[139.67339823,35.57343444],[139.67271738,35.57499749],[139.67250237,35.57552366],[139.67209028,35.57649863],[139.67166027,35.5775355],[139.67139151,35.57818548],[139.67126609,35.57852594],[139.67103317,35.5792533],[139.67101525,35.57936163],[139.67090775,35.57988781],[139.67081816,35.58044493],[139.67069274,35.58080087],[139.67060315,35.58111038],[139.6705494,35.58126514],[139.67053149,35.58132704],[139.67013731,35.58261153],[139.66985063,35.58333888],[139.66952812,35.58420552],[139.66931312,35.58471622],[139.66916978,35.58494836],[139.66906228,35.58510311],[139.66886519,35.5853662],[139.66870393,35.58558286],[139.66852476,35.58578404],[139.66811267,35.58621736],[139.66775432,35.5865733],[139.66753932,35.58689829],[139.66748557,35.58697567],[139.66743181,35.58703758],[139.66728848,35.58717686],[139.66707347,35.58737804],[139.6670018,35.58743994],[139.66666138,35.58773398],[139.66666138,35.58774946],[139.66608803,35.58826016],[139.66528175,35.58894109],[139.66463674,35.58942083],[139.6644934,35.58952916],[139.66442173,35.58957559],[139.66415297,35.58968392],[139.66379463,35.58980772],[139.66357962,35.58985415],[139.66332878,35.58986963],[139.66221792,35.58985415],[139.66089205,35.58974582],[139.6599066,35.58966844],[139.65987077,35.58951369],[139.65926158,35.58946726],[139.65879574,35.58943631],[139.65874199,35.58948273],[139.65870615,35.58957559],[139.65870615,35.58960654],[139.65863448,35.58979225],[139.65832989,35.5897613],[139.65782821,35.58974582],[139.65777446,35.58973035],[139.65757737,35.58973035],[139.65727278,35.58969939],[139.65720111,35.58969939],[139.65700402,35.58968392],[139.65696819,35.58968392],[139.65684277,35.58968392],[139.6564665,35.58971487],[139.65628733,35.58973035],[139.65609024,35.58977677],[139.65600066,35.58979225],[139.65549898,35.58997796],[139.65533772,35.59003986],[139.65523022,35.59010176],[139.65514063,35.59014819],[139.65540939,35.59051961],[139.65542731,35.59055056],[139.65557065,35.59075174],[139.65576774,35.59115411],[139.65603649,35.59166481],[139.65609024,35.59175766],[139.65652026,35.5925005],[139.65657401,35.59259335],[139.65691443,35.59316595],[139.65705777,35.59341356],[139.65716527,35.59339809],[139.65763112,35.59333618],[139.65782821,35.59332071],[139.65807905,35.59330523],[139.65811488,35.59335166],[139.65818655,35.59352189],[139.65784613,35.59367665],[139.65738028,35.59389331],[139.65730861,35.59392426],[139.65682485,35.59415639],[139.65598274,35.59451234],[139.65592899,35.59441948],[139.65591107,35.59440401],[139.65569607,35.59400164],[139.65533772,35.59420282],[139.65551689,35.59457424],[139.65557065,35.59468257],[139.65501521,35.59493018],[139.65488979,35.59497661],[139.65481812,35.59486828],[139.65463895,35.59465162],[139.65462104,35.59462066],[139.65411936,35.59482185],[139.65413727,35.5948528],[139.65419102,35.59494565],[139.65426269,35.59510041],[139.65428061,35.59511589],[139.65433436,35.59520874],[139.65426269,35.59523969],[139.65392227,35.59537897],[139.65324141,35.59564206],[139.65336683,35.59573491],[139.65297266,35.5959361],[139.65347434,35.59674083],[139.65374309,35.59720511],[139.65381476,35.59732891],[139.65392227,35.59725153],[139.65394018,35.59725153],[139.65401185,35.59720511],[139.65413727,35.59712773],[139.65485396,35.59689559],[139.65496146,35.59684916],[139.65512272,35.59677179],[139.65576774,35.59647775],[139.65601858,35.59688012],[139.65609024,35.59700392],[139.65616191,35.59709678],[139.65626942,35.59715868],[139.65634108,35.59720511],[139.656359,35.59723606],[139.65655609,35.59734439],[139.65660984,35.59739081],[139.65673526,35.59748367],[139.65648442,35.59774675],[139.65643067,35.59779318],[139.65643067,35.59782413],[139.65644859,35.59785508],[139.65657401,35.59794794],[139.6567711,35.59807174],[139.65689652,35.59814912],[139.65693235,35.59818007],[139.65709361,35.59825745],[139.6568786,35.59842769],[139.6569861,35.59848959],[139.65712944,35.59855149],[139.65723694,35.59859792],[139.65725486,35.59861339],[139.65730861,35.5987372],[139.65736236,35.598861],[139.65743403,35.59893838],[139.65745195,35.59893838],[139.65754154,35.59898481],[139.65763112,35.59898481],[139.65777446,35.59896933],[139.65789988,35.59898481],[139.65809697,35.59909314],[139.6582403,35.59917052],[139.65829406,35.59920147],[139.65832989,35.59920147],[139.65836573,35.59920147],[139.6585449,35.59921695],[139.65861657,35.59923242],[139.65874199,35.5992479],[139.65879574,35.59926337],[139.65884949,35.59929432],[139.65888532,35.59935623],[139.65892116,35.59961931],[139.65893907,35.59966574],[139.65899283,35.59968122],[139.65926158,35.59972764],[139.659387,35.59978955],[139.65951242,35.5998824],[139.65961993,35.59995978],[139.6596916,35.59997525],[139.65976326,35.59997525],[139.6599066,35.59995978],[139.66017536,35.59989788],[139.66073079,35.5997586],[139.66085621,35.59972764],[139.66092788,35.59969669],[139.6610533,35.59951098],[139.66117872,35.59938718],[139.66125039,35.5993098],[139.66132206,35.59926337],[139.66139373,35.5992479],[139.66141164,35.59923242],[139.66153706,35.59918599],[139.66166248,35.59912409],[139.66175207,35.59904671],[139.66178791,35.59898481],[139.66182374,35.59893838],[139.66184166,35.59893838],[139.66189541,35.59889196],[139.66243292,35.59855149],[139.66252251,35.59850506],[139.66255834,35.59847411],[139.6626121,35.59844316],[139.66263001,35.59842769],[139.66268376,35.59841221],[139.66273752,35.59841221],[139.66297044,35.59848959],[139.66300627,35.59850506],[139.66309586,35.59856697],[139.66311378,35.59858244],[139.66318544,35.59861339],[139.66325711,35.59865982],[139.66327503,35.59865982],[139.66341837,35.59876815],[139.66349004,35.598861],[139.66392005,35.5993717],[139.66404547,35.59948003],[139.66411714,35.59954194],[139.66422464,35.59958836],[139.66426048,35.59960384],[139.66431423,35.59963479],[139.66440381,35.59966574],[139.66451132,35.59943361],[139.66456507,35.59935623],[139.66456507,35.59934075],[139.66463674,35.59929432],[139.66467257,35.59923242],[139.66476216,35.59915504],[139.66506675,35.59896933],[139.66517425,35.59907766],[139.66547884,35.5992479],[139.66592677,35.59938718],[139.66607011,35.59944908],[139.66612386,35.59946456],[139.66619553,35.59948003],[139.66628512,35.59949551],[139.66657179,35.59952646],[139.66666138,35.59954194],[139.6668943,35.59955741],[139.66687638,35.59949551],[139.66687638,35.59946456],[139.66687638,35.59943361],[139.66684055,35.59893838],[139.66691222,35.59893838],[139.66714514,35.59893838],[139.66728848,35.59895386],[139.66730639,35.59895386],[139.6674139,35.59896933],[139.66757515,35.59895386],[139.66784391,35.59893838],[139.66805892,35.59890743],[139.6681485,35.59889196],[139.66813058,35.59881458],[139.66809475,35.5986753],[139.66809475,35.59853602],[139.66811267,35.59850506],[139.66823809,35.59844316],[139.66847101,35.59831936],[139.66857851,35.5982265],[139.6686681,35.59819555],[139.66868602,35.59819555],[139.66873977,35.59818007],[139.66879352,35.59821103],[139.66922353,35.5986753],[139.66951021,35.59898481],[139.66958188,35.59904671],[139.66967146,35.59909314],[139.66976105,35.59901576],[139.66999397,35.59875268],[139.67062107,35.59805627],[139.67065691,35.59802532],[139.67071066,35.59796341],[139.67115859,35.59743724],[139.6711765,35.59740629],[139.67123026,35.59735986],[139.67157068,35.59694202],[139.67183944,35.59663251],[139.67212611,35.59630752],[139.67214403,35.59629204],[139.67223362,35.59618371],[139.67252029,35.59585872],[139.67259196,35.59578134],[139.67278905,35.59554921],[139.67287864,35.59544088],[139.67303989,35.59525517],[139.67314739,35.59513136],[139.67320114,35.59506946],[139.6732549,35.59502303],[139.67330865,35.59496113],[139.67334448,35.59489923],[139.67377449,35.59440401],[139.67393575,35.5942183],[139.67429409,35.5937695],[139.6745091,35.59345999],[139.67452702,35.59341356],[139.67499286,35.59271715],[139.67501078,35.59271715],[139.67510036,35.59257787],[139.67510036,35.59254692],[139.6751362,35.5925005],[139.67522578,35.59237669],[139.67526162,35.59231479],[139.67538704,35.59216003],[139.6756558,35.59178861],[139.67583497,35.59189694],[139.67592455,35.59194337],[139.67603206,35.5919898],[139.67667708,35.59236121],[139.67682041,35.59245407],[139.67705334,35.59259335],[139.67708917,35.59260882],[139.67710709,35.5926243],[139.67746543,35.59284096],[139.6775371,35.59288739],[139.67791336,35.59310405],[139.67793128,35.59311952],[139.67852254,35.59347546],[139.67859421,35.59352189],[139.67864796,35.59355284],[139.67945424,35.59409449],[139.67952591,35.59412544],[139.679723,35.59426472],[139.68038593,35.59469804],[139.6804576,35.59474447],[139.68061885,35.5948528],[139.68067261,35.59489923],[139.68069052,35.59496113],[139.68069052,35.59499208],[139.68069052,35.59502303],[139.68069052,35.59506946],[139.68067261,35.59540993],[139.68067261,35.59547183],[139.68067261,35.59567301],[139.68067261,35.59588967],[139.68067261,35.5959361],[139.68069052,35.59613728],[139.68067261,35.59649322],[139.68065469,35.59655513],[139.68060094,35.59674083],[139.68060094,35.59675631],[139.68058302,35.59680274],[139.68054719,35.59686464],[139.68049343,35.59700392],[139.6804576,35.59706582],[139.68042176,35.5971432],[139.68038593,35.59723606],[139.68036801,35.59728248],[139.6803501,35.59731344],[139.68033218,35.59737534],[139.68033218,35.59745272],[139.68040385,35.59749914],[139.6804576,35.59754557],[139.68052927,35.59760747],[139.68069052,35.59770033],[139.68081594,35.59782413],[139.68081594,35.59787056],[139.68079803,35.59791699],[139.68069052,35.59797889],[139.68063677,35.59800984],[139.6805651,35.59804079],[139.68054719,35.59805627],[139.68043968,35.59813365],[139.68040385,35.59848959],[139.68040385,35.59858244],[139.6803501,35.59906219],[139.6803501,35.59913957],[139.68033218,35.59927885],[139.68033218,35.5993717],[139.68024259,35.59954194],[139.68022468,35.59968122],[139.68020676,35.59968122],[139.68020676,35.59978955],[139.68020676,35.59985145],[139.68018884,35.60000621],[139.68018884,35.60002168],[139.68018884,35.60009906],[139.68018884,35.60011454],[139.68020676,35.60023834],[139.68020676,35.6003312],[139.68020676,35.60036215],[139.68022468,35.60040857],[139.68024259,35.60048595],[139.68026051,35.60057881],[139.68027843,35.60062523],[139.68027843,35.60067166],[139.68092345,35.60064071],[139.68094136,35.60064071],[139.68079803,35.60073356],[139.68074427,35.60079547],[139.68069052,35.60085737],[139.68065469,35.60095022],[139.68063677,35.6010276],[139.68061885,35.60104308],[139.68061885,35.60112046],[139.68058302,35.60161568],[139.68063677,35.60220375],[139.68065469,35.60242041],[139.68069052,35.60265255],[139.68070844,35.60282278],[139.68074427,35.60293111],[139.68074427,35.60299301],[139.68072636,35.60308587],[139.68067261,35.603318],[139.68065469,35.60336443],[139.68058302,35.60362752],[139.68054719,35.6037668],[139.68052927,35.60381323],[139.68049343,35.60399893],[139.68047552,35.60409179],[139.68047552,35.60412274],[139.68040385,35.6044013],[139.68042176,35.6044013],[139.6804576,35.60441678],[139.68052927,35.60444773],[139.68054719,35.60446321],[139.68061885,35.60446321],[139.68069052,35.60446321],[139.68070844,35.60446321],[139.68106678,35.60449416],[139.6810847,35.60449416],[139.68144304,35.60450963],[139.68167597,35.60500486],[139.68178347,35.60528342],[139.68189097,35.60568579],[139.68190889,35.60573221],[139.68194472,35.60577864],[139.68198056,35.60580959],[139.68205223,35.60582507],[139.68208806,35.60584054],[139.68214181,35.60584054],[139.6822314,35.60584054],[139.68230307,35.60584054],[139.68237474,35.60584054],[139.68244641,35.60580959],[139.68251807,35.60577864],[139.68260766,35.60571674],[139.68267933,35.60563936],[139.68273308,35.60560841],[139.68278683,35.60559293],[139.68309142,35.6055465],[139.68334226,35.60550008],[139.68379019,35.60543817],[139.68409479,35.60539175],[139.68475772,35.60534532],[139.68491898,35.60633576],[139.68502648,35.60644409],[139.68502648,35.60673813],[139.68502648,35.60692384],[139.68502648,35.60710955],[139.68500856,35.60724883],[139.68500856,35.60732621],[139.68454271,35.60732621],[139.68454271,35.60741906],[139.68456063,35.60766667],[139.68456063,35.60769763],[139.68459647,35.60817737],[139.68461438,35.60833213],[139.68465022,35.60867259],[139.68470397,35.60909044],[139.68470397,35.60912139],[139.68470397,35.60922972],[139.68470397,35.60935352],[139.68443521,35.61032849],[139.68425604,35.61139632],[139.68425604,35.61142727],[139.68425604,35.61145822],[139.68423812,35.6115975],[139.68402312,35.61295936],[139.68402312,35.61300579],[139.6840052,35.61302126],[139.6840052,35.61309864],[139.68413062,35.61314507],[139.68416645,35.61316055],[139.68427396,35.61320697],[139.68447105,35.61308317],[139.68468605,35.61277365],[139.68502648,35.61251057],[139.68509815,35.61244866],[139.6851519,35.61240224],[139.68552816,35.61209272],[139.68585067,35.61187606],[139.6858865,35.61184511],[139.68594025,35.61181416],[139.68611943,35.61169035],[139.68662111,35.61169035],[139.6868182,35.6116594],[139.68685403,35.6116594],[139.68687195,35.6116594],[139.68699737,35.61162845],[139.6870332,35.61161298],[139.68764239,35.61138084],[139.68782156,35.61131894],[139.68839491,35.61117966],[139.68857408,35.61117966],[139.68862783,35.61116418],[139.68884284,35.61116418],[139.68925493,35.61117966],[139.68930868,35.61117966],[139.68936243,35.61117966],[139.68955952,35.61119513],[139.68975661,35.61117966],[139.68997162,35.61117966],[139.69018662,35.61116418],[139.69022246,35.61116418],[139.69056288,35.61114871],[139.69072414,35.61113323],[139.69092123,35.6110868],[139.69095706,35.61107133],[139.6909929,35.61105585],[139.69129749,35.61093205],[139.69149458,35.61080824],[139.69153041,35.61077729],[139.69162,35.61071539],[139.69167375,35.61068443],[139.69192459,35.6105142],[139.69271295,35.60997255],[139.69319671,35.60966304],[139.69325046,35.60963209],[139.69346547,35.60949281],[139.69364464,35.60938448],[139.69384173,35.60926067],[139.69427174,35.60890473],[139.69430757,35.6088583],[139.69468383,35.60853331],[139.69482717,35.60840951],[139.69488092,35.60833213],[139.69504218,35.6081619],[139.69540052,35.60749644]]]]}},{"type":"Feature","properties":{"OBJECTID":104,"N03_001":"東京都","N03_002":null,"N03_003":null,"N03_004":"世田谷区","N03_007":"13112","Shape_Leng":0.504650358052354,"Shape_Area":0.005777027786624,"id":"gci:13112A1968"},"geometry":{"type":"MultiPolygon","coordinates":[[[[139.59418641,35.68213571],[139.59440142,35.68215118],[139.59459851,35.68215118],[139.59531519,35.68210476],[139.59545853,35.68208928],[139.59549437,35.68208928],[139.59560187,35.68207381],[139.59572729,35.68205833],[139.59585271,35.68204286],[139.5960498,35.68202738],[139.5962648,35.6820119],[139.59655148,35.68198095],[139.59660523,35.68198095],[139.59716066,35.68190357],[139.59794902,35.68181072],[139.59816402,35.68177977],[139.59830736,35.68174882],[139.59854028,35.68170239],[139.5985582,35.68170239],[139.59911363,35.68160954],[139.59940031,35.68154763],[139.59965115,35.68148573],[139.59983032,35.68145478],[139.59999158,35.68140835],[139.60000949,35.68140835],[139.60061868,35.68123812],[139.60076201,35.68120717],[139.60131745,35.68105241],[139.60181913,35.68088218],[139.6018908,35.68085123],[139.60249998,35.68065004],[139.60289416,35.68065004],[139.60327042,35.68065004],[139.60337792,35.68052624],[139.60357501,35.68032505],[139.60373627,35.68018577],[139.60389752,35.68004649],[139.60447087,35.67962865],[139.60488296,35.67931913],[139.60511589,35.6791489],[139.60563549,35.67879296],[139.60610133,35.67828226],[139.60642384,35.67808108],[139.6065851,35.67798822],[139.60685385,35.67774061],[139.60688969,35.67758586],[139.60701511,35.67713706],[139.60714053,35.67681207],[139.60723011,35.67653351],[139.60733762,35.67602281],[139.60735553,35.67596091],[139.60746304,35.67611566],[139.60762429,35.67633232],[139.60769596,35.67636328],[139.60778555,35.67636328],[139.6078393,35.67637875],[139.60789305,35.67637875],[139.60791097,35.67637875],[139.6080543,35.6764097],[139.60823348,35.67644065],[139.60832306,35.6764097],[139.60834098,35.67639423],[139.6083589,35.67636328],[139.60837681,35.67636328],[139.60837681,35.67630137],[139.60839473,35.67617757],[139.60839473,35.67614662],[139.60839473,35.67608471],[139.60837681,35.67603829],[139.6083589,35.67599186],[139.60834098,35.675899],[139.60839473,35.675899],[139.60878891,35.67591448],[139.60882474,35.6757752],[139.60882474,35.67575972],[139.608986,35.67534188],[139.60905767,35.67500141],[139.6090935,35.67487761],[139.60918309,35.67489308],[139.609201,35.67467643],[139.609201,35.67452167],[139.609201,35.67399549],[139.60889641,35.67396454],[139.60875307,35.67394907],[139.60877099,35.67380979],[139.60877099,35.67359313],[139.60886058,35.67305148],[139.60884266,35.67281934],[139.60882474,35.67271101],[139.60882474,35.67264911],[139.60884266,35.6725253],[139.60880683,35.6718908],[139.60880683,35.67181342],[139.60878891,35.67162771],[139.60877099,35.67150391],[139.60882474,35.67099321],[139.60886058,35.6707456],[139.60887849,35.67063727],[139.60891433,35.67040513],[139.60891433,35.67035871],[139.60911142,35.67035871],[139.60914725,35.67037418],[139.60954143,35.67040513],[139.60943393,35.6706837],[139.60938017,35.67079203],[139.60946976,35.6708075],[139.60959518,35.67083845],[139.60970268,35.67085393],[139.61029395,35.67085393],[139.61052687,35.67085393],[139.61067021,35.67083845],[139.61095689,35.67076107],[139.61092105,35.67063727],[139.61092105,35.67062179],[139.61090313,35.67048251],[139.61088522,35.67025038],[139.61090313,35.670173],[139.61093897,35.67012657],[139.61099272,35.67008014],[139.61118981,35.67009562],[139.61131523,35.67012657],[139.61145857,35.670173],[139.61176316,35.67020395],[139.61221109,35.6702349],[139.61240818,35.67021943],[139.61247985,35.67020395],[139.6125336,35.67020395],[139.61335779,35.67014205],[139.61364446,35.6701111],[139.61423573,35.66992539],[139.61432531,35.66989444],[139.61484491,35.66952302],[139.61488075,35.66950754],[139.61491658,35.66950754],[139.61495242,35.66950754],[139.61502408,35.66956945],[139.61507784,35.6696004],[139.61513159,35.66964682],[139.61518534,35.66967778],[139.61525701,35.66969325],[139.61529284,35.66969325],[139.61565119,35.66964682],[139.61574077,35.66961587],[139.61572285,35.6695385],[139.61570494,35.66946112],[139.61572285,35.66943017],[139.61584827,35.66944564],[139.61600953,35.6696623],[139.61602745,35.66969325],[139.61613495,35.66983253],[139.6161887,35.66989444],[139.6161887,35.67000277],[139.6161887,35.67014205],[139.6161887,35.67052894],[139.6161887,35.67062179],[139.61620662,35.6706837],[139.61622453,35.67090036],[139.6162962,35.67134915],[139.61638579,35.67155034],[139.61645746,35.67173604],[139.61654704,35.67212294],[139.61656496,35.6725253],[139.61656496,35.67263363],[139.61611703,35.67269554],[139.61525701,35.67280387],[139.61328612,35.67289672],[139.61325028,35.67295862],[139.6133757,35.67398002],[139.61332195,35.67407287],[139.61308903,35.67421215],[139.61282027,35.67435144],[139.61242609,35.67453714],[139.61224692,35.67458357],[139.61210358,35.67463],[139.61204983,35.67467643],[139.612014,35.67470738],[139.6119065,35.67481571],[139.61172732,35.67500141],[139.61142273,35.67529545],[139.61111814,35.67566687],[139.61104647,35.67575972],[139.61072396,35.67623947],[139.61059854,35.6763478],[139.61056271,35.67639423],[139.61031187,35.67664184],[139.61052687,35.67661089],[139.61061646,35.67659541],[139.61072396,35.67657994],[139.61090313,35.67654898],[139.61179899,35.67636328],[139.61183483,35.67554306],[139.61213942,35.67549664],[139.61247985,35.67616209],[139.61298153,35.67586805],[139.61335779,35.67563592],[139.61369821,35.67551211],[139.61391322,35.67543473],[139.61412823,35.67535736],[139.61434323,35.67527998],[139.61470157,35.67515617],[139.614827,35.67509427],[139.61509575,35.67500141],[139.61531076,35.67492404],[139.61552576,35.67486213],[139.61579452,35.67478476],[139.61588411,35.6747538],[139.61600953,35.67470738],[139.61615287,35.67466095],[139.61627829,35.67463],[139.61654704,35.67453714],[139.61667246,35.67450619],[139.61686955,35.67445977],[139.61712039,35.67439786],[139.61719206,35.67438239],[139.61731748,35.67433596],[139.61792667,35.67415025],[139.61828501,35.6740574],[139.61844626,35.67401097],[139.61901961,35.67380979],[139.61930629,35.67370146],[139.61939587,35.67367051],[139.61961088,35.67357765],[139.61996922,35.67345385],[139.62061424,35.67317528],[139.62102634,35.67298957],[139.62111592,35.67294315],[139.62120551,35.67288124],[139.62163552,35.67264911],[139.62176094,35.67250983],[139.62195803,35.67235507],[139.6221372,35.67216936],[139.6222447,35.67204556],[139.6232839,35.67122535],[139.62326598,35.67097773],[139.62326598,35.67083845],[139.62353474,35.67079203],[139.62351682,35.67037418],[139.62409017,35.67026585],[139.62437685,35.67021943],[139.6244306,35.67020395],[139.62460977,35.670173],[139.62484269,35.67015752],[139.62489645,35.67014205],[139.6249502,35.67014205],[139.62500395,35.67014205],[139.62503978,35.67012657],[139.62502187,35.66989444],[139.62502187,35.66975515],[139.62500395,35.66970873],[139.62500395,35.66964682],[139.62502187,35.66938374],[139.62502187,35.66929088],[139.62503978,35.66924446],[139.62503978,35.66913613],[139.62602523,35.66905875],[139.62692109,35.66899685],[139.62710026,35.66896589],[139.62713609,35.66896589],[139.62792445,35.66882661],[139.6279782,35.66882661],[139.62835446,35.66876471],[139.6292324,35.66860995],[139.62932199,35.66859448],[139.62950116,35.66856353],[139.62962658,35.66854805],[139.62978783,35.6685171],[139.62993117,35.66850162],[139.63032535,35.66843972],[139.63140038,35.66828496],[139.63200956,35.66819211],[139.63260083,35.66808378],[139.6326725,35.66805283],[139.63272625,35.66803735],[139.63285167,35.66797545],[139.63290542,35.66795997],[139.63295917,35.66792902],[139.63299501,35.66792902],[139.63313835,35.66786712],[139.6332996,35.66782069],[139.63333543,35.66782069],[139.6343388,35.66760403],[139.63480464,35.6674338],[139.63482256,35.66741833],[139.63491215,35.66738737],[139.63553925,35.66717071],[139.63579009,35.66709334],[139.63598718,35.66698501],[139.63605884,35.66695405],[139.63639927,35.66678382],[139.63693679,35.66667549],[139.63693679,35.66666002],[139.63677553,35.66624217],[139.63675761,35.66621122],[139.63668595,35.66601004],[139.63679345,35.66599456],[139.6368472,35.66597909],[139.63688303,35.66597909],[139.63740263,35.66588623],[139.63768931,35.66585528],[139.63774306,35.6658398],[139.63781473,35.6658398],[139.63819099,35.66580885],[139.63874642,35.66580885],[139.63885392,35.66580885],[139.63896143,35.66582433],[139.63910476,35.6658398],[139.63974978,35.66608742],[139.63980353,35.66610289],[139.64021563,35.6662886],[139.64026938,35.66631955],[139.64052022,35.66648978],[139.64077106,35.66664454],[139.6408069,35.66666002],[139.64130858,35.6669231],[139.64127274,35.66720167],[139.64139816,35.66721714],[139.64145191,35.66721714],[139.64166692,35.66724809],[139.64247319,35.66734095],[139.64250903,35.66734095],[139.64265236,35.66735642],[139.64293904,35.66740285],[139.64361989,35.6674957],[139.64387073,35.66752665],[139.64499951,35.66765046],[139.64507118,35.66766594],[139.64521452,35.66768141],[139.64578787,35.66780522],[139.64587746,35.66782069],[139.64591329,35.66782069],[139.64602079,35.66785164],[139.64650456,35.66797545],[139.6469704,35.66811473],[139.64745417,35.66831592],[139.64749,35.66833139],[139.64756167,35.66836234],[139.64772292,35.66842425],[139.6480096,35.66859448],[139.64809919,35.66865638],[139.64845753,35.66885756],[139.64876212,35.6690278],[139.64881587,35.66905875],[139.64924588,35.66930636],[139.64931755,35.66933731],[139.64971173,35.66956945],[139.64983715,35.66963135],[139.64994465,35.66967778],[139.64999841,35.66970873],[139.65008799,35.66975515],[139.65032091,35.66990991],[139.65044633,35.66992539],[139.65110927,35.67004919],[139.65112719,35.67004919],[139.65116302,35.67004919],[139.6515572,35.6701111],[139.6520768,35.67018847],[139.65211263,35.67018847],[139.6521843,35.67020395],[139.65265015,35.67026585],[139.6527039,35.67028133],[139.65275765,35.67028133],[139.65282932,35.6702968],[139.65308016,35.67032776],[139.65316975,35.67034323],[139.65342059,35.67038966],[139.65352809,35.67038966],[139.6538506,35.67042061],[139.65388643,35.67042061],[139.65463895,35.67049799],[139.65496146,35.67052894],[139.65508688,35.67054442],[139.65512272,35.67054442],[139.65571398,35.67077655],[139.65605441,35.67090036],[139.6564665,35.67102416],[139.65652026,35.67105511],[139.65657401,35.67107059],[139.65660984,35.67108606],[139.6568786,35.67116344],[139.65703985,35.67122535],[139.65716527,35.67127177],[139.65741612,35.67134915],[139.65832989,35.67162771],[139.65840156,35.67164319],[139.65849115,35.67167414],[139.65858073,35.67168962],[139.65935117,35.6718908],[139.65987077,35.67201461],[139.66067704,35.67221579],[139.66082038,35.67224674],[139.66090996,35.67227769],[139.66096372,35.67229317],[139.66112497,35.67232412],[139.66133998,35.67238602],[139.66144748,35.67241697],[139.66159082,35.6724634],[139.66175207,35.6725253],[139.66173415,35.67238602],[139.66173415,35.67229317],[139.66173415,35.67218484],[139.66173415,35.67216936],[139.66175207,35.67207651],[139.66176999,35.67190628],[139.66176999,35.6718908],[139.66176999,35.67187532],[139.66185957,35.67164319],[139.66191333,35.67156581],[139.66194916,35.67153486],[139.66198499,35.67148843],[139.66205666,35.67144201],[139.66250459,35.67147296],[139.66275543,35.67147296],[139.66297044,35.67148843],[139.66309586,35.67148843],[139.66316753,35.67148843],[139.66370504,35.67151938],[139.66383046,35.67153486],[139.66424256,35.67155034],[139.66431423,35.67156581],[139.66486966,35.67159676],[139.66603428,35.67167414],[139.66607011,35.67168962],[139.66610594,35.67168962],[139.66628512,35.67168962],[139.66666138,35.67170509],[139.66685847,35.67170509],[139.6670018,35.67170509],[139.66705555,35.67170509],[139.66732431,35.67170509],[139.668256,35.67184437],[139.66847101,35.67187532],[139.66861435,35.67187532],[139.6686681,35.67185985],[139.66872185,35.67185985],[139.66915186,35.6718289],[139.6699223,35.67178247],[139.67006564,35.67179795],[139.67010147,35.67179795],[139.67013731,35.67181342],[139.67015522,35.67181342],[139.67026273,35.6718289],[139.67060315,35.67193723],[139.67078233,35.67196818],[139.67083608,35.67196818],[139.67085399,35.67196818],[139.67087191,35.67198365],[139.67144526,35.67206103],[139.67160652,35.67209198],[139.67162443,35.67209198],[139.6718036,35.67213841],[139.67212611,35.67220031],[139.67225153,35.67223127],[139.67239487,35.67224674],[139.67269946,35.67229317],[139.67269946,35.67227769],[139.67255613,35.67165867],[139.67250237,35.67139558],[139.67246654,35.67116344],[139.67241279,35.67066822],[139.67239487,35.67046704],[139.67239487,35.67042061],[139.67237695,35.67020395],[139.67234112,35.66998729],[139.67237695,35.66990991],[139.67239487,35.66983253],[139.67243071,35.66973968],[139.67246654,35.66952302],[139.67250237,35.66936826],[139.67252029,35.66933731],[139.67252029,35.66930636],[139.67257404,35.66905875],[139.67264571,35.66868733],[139.67264571,35.668579],[139.67264571,35.66840877],[139.67264571,35.66833139],[139.67268155,35.66813021],[139.67277113,35.66774331],[139.67277113,35.66772784],[139.67277113,35.66771236],[139.67280697,35.66748023],[139.67282488,35.66740285],[139.67286072,35.66731],[139.67291447,35.66715524],[139.67293239,35.66712429],[139.67311156,35.66666002],[139.67316531,35.66656716],[139.67329073,35.66630408],[139.67330865,35.66625765],[139.67334448,35.66619575],[139.67350574,35.66591718],[139.67355949,35.66580885],[139.67363116,35.66568505],[139.67370283,35.66554577],[139.67384616,35.66525173],[139.6739895,35.66500412],[139.67411492,35.66475651],[139.67418659,35.66460175],[139.67424034,35.66452437],[139.67429409,35.66441604],[139.67434784,35.66433866],[139.67443743,35.66426128],[139.67452702,35.66415295],[139.67470619,35.66401367],[139.67483161,35.66393629],[139.67499286,35.66388987],[139.67499286,35.66387439],[139.67501078,35.66387439],[139.6750287,35.66385892],[139.67522578,35.66362678],[139.67542287,35.66341012],[139.67560205,35.66327084],[139.67570955,35.66319346],[139.6758708,35.66302323],[139.67592455,35.66293037],[139.67596039,35.66277562],[139.67599622,35.66245063],[139.67599622,35.66243515],[139.67601414,35.66221849],[139.67613956,35.6618316],[139.67622915,35.66149113],[139.67637248,35.66135185],[139.67653374,35.66118162],[139.67665916,35.66104234],[139.67685625,35.66082568],[139.67705334,35.6606245],[139.67707125,35.66059354],[139.67732209,35.66026855],[139.67750127,35.66003642],[139.67751918,35.66002094],[139.67768044,35.65980428],[139.67777002,35.65968048],[139.67791336,35.65947929],[139.6780567,35.65929359],[139.67809253,35.65924716],[139.6781642,35.65913883],[139.67818212,35.65910788],[139.67825379,35.6590305],[139.67850463,35.65869003],[139.67882714,35.65833409],[139.67898839,35.65814838],[139.67923923,35.65771507],[139.67940049,35.65748293],[139.67949007,35.65732817],[139.67957966,35.65726627],[139.67974091,35.65712699],[139.68013509,35.65687938],[139.68047552,35.65667819],[139.68067261,35.65663177],[139.68069052,35.65653891],[139.68069052,35.65644606],[139.68069052,35.65643058],[139.68070844,35.65627583],[139.68074427,35.65613654],[139.68078011,35.65599726],[139.68079803,35.65596631],[139.68085178,35.65587346],[139.68094136,35.65574965],[139.68095928,35.6557187],[139.6809772,35.65570323],[139.68099511,35.65568775],[139.68121012,35.65551752],[139.68122804,35.65550204],[139.68146096,35.65531633],[139.68158638,35.655208],[139.68176555,35.65505325],[139.68205223,35.65479016],[139.68235682,35.65449612],[139.68251807,35.65434136],[139.68276891,35.65410923],[139.68284058,35.65403185],[139.68301976,35.65386162],[139.68305559,35.65383067],[139.68312726,35.65375329],[139.68316309,35.65372234],[139.68319893,35.65367591],[139.68334226,35.65350568],[139.6834856,35.65330449],[139.68362894,35.65310331],[139.68380811,35.65284022],[139.68382603,35.65280927],[139.68384394,35.65277832],[139.68391561,35.65268547],[139.68393353,35.65266999],[139.68407687,35.65249976],[139.68409479,35.65248428],[139.68420229,35.65226762],[139.68427396,35.65186525],[139.68425604,35.65169502],[139.68425604,35.65161764],[139.68425604,35.65147836],[139.68436354,35.65144741],[139.6845248,35.65140098],[139.68456063,35.65138551],[139.68457855,35.65135456],[139.68459647,35.65130813],[139.68459647,35.65118432],[139.68461438,35.65065815],[139.68461438,35.65064267],[139.68461438,35.6505653],[139.68461438,35.65047244],[139.68461438,35.65041054],[139.68461438,35.65036411],[139.68461438,35.65027126],[139.68461438,35.65022483],[139.68461438,35.65019388],[139.68459647,35.65014745],[139.68456063,35.65010102],[139.68454271,35.6500546],[139.68450688,35.65002365],[139.68447105,35.64999269],[139.68438146,35.64993079],[139.68434563,35.64989984],[139.68432771,35.64989984],[139.68429187,35.64986889],[139.68422021,35.64980699],[139.68416645,35.64976056],[139.6841127,35.64969866],[139.68407687,35.64962128],[139.6840052,35.64951295],[139.68395145,35.64942009],[139.68393353,35.64935819],[139.68391561,35.64931176],[139.68391561,35.64920343],[139.68396937,35.64892487],[139.68398728,35.64877012],[139.68402312,35.6483368],[139.68402312,35.64822847],[139.68402312,35.64819751],[139.68402312,35.64801181],[139.68402312,35.64784157],[139.68402312,35.64771777],[139.68407687,35.64765587],[139.68414854,35.64756301],[139.68422021,35.64748563],[139.68423812,35.64747016],[139.68432771,35.64736183],[139.68439938,35.64723802],[139.6845248,35.64689756],[139.68457855,35.64672732],[139.68459647,35.64669637],[139.68465022,35.64647971],[139.68466813,35.64624758],[139.68470397,35.64603092],[139.68470397,35.64590711],[139.68472189,35.64589164],[139.68472189,35.64578331],[139.68466813,35.64552022],[139.68461438,35.64521071],[139.68448896,35.64482381],[139.68447105,35.64468453],[139.68447105,35.6446381],[139.68445313,35.64446787],[139.68443521,35.64439049],[139.68441729,35.64415836],[139.68439938,35.64409646],[139.68430979,35.64377147],[139.68456063,35.64324529],[139.68457855,35.64316791],[139.68470397,35.64281197],[139.68470397,35.6427965],[139.68472189,35.64273459],[139.68479356,35.64254889],[139.68481147,35.64248698],[139.68482939,35.64244056],[139.68486522,35.6423477],[139.68486522,35.64231675],[139.68491898,35.64220842],[139.68509815,35.64188343],[139.68524148,35.64166677],[139.68529524,35.64155844],[139.68533107,35.64154297],[139.68534899,35.64151201],[139.68568941,35.64109417],[139.68570733,35.6410787],[139.68572525,35.64104774],[139.68586859,35.64086204],[139.68599401,35.64066085],[139.68602984,35.6406299],[139.68604776,35.64058347],[139.68608359,35.64053705],[139.68595817,35.64033586],[139.68597609,35.64028944],[139.68597609,35.64027396],[139.68606567,35.63997992],[139.68606567,35.63994897],[139.68610151,35.63984064],[139.68613734,35.63970136],[139.68633443,35.63968588],[139.68635235,35.63951565],[139.68637027,35.63937637],[139.68638818,35.63931447],[139.68638818,35.63922161],[139.68637027,35.638974],[139.68622693,35.63844783],[139.68620901,35.6384014],[139.68617318,35.63829307],[139.68610151,35.63804546],[139.68592234,35.63772047],[139.68581483,35.63756571],[139.68579692,35.63753476],[139.68538482,35.63696216],[139.68534899,35.63690026],[139.68533107,35.63686931],[139.68502648,35.63634313],[139.68499064,35.63629671],[139.68497273,35.6362348],[139.68486522,35.63608005],[139.68466813,35.63578601],[139.6846323,35.63573958],[139.6845248,35.63558482],[139.68430979,35.63522888],[139.68429187,35.63519793],[139.68429187,35.63516698],[139.68427396,35.63513603],[139.68416645,35.63493485],[139.6841127,35.63476461],[139.68407687,35.63460986],[139.68420229,35.63433129],[139.68423812,35.63425391],[139.6841127,35.63405273],[139.6838977,35.63374322],[139.68384394,35.63368131],[139.68375436,35.63355751],[139.68362894,35.63341823],[139.68361102,35.63340275],[139.6835931,35.6333718],[139.68355727,35.63334085],[139.68341393,35.63313967],[139.68336018,35.63307776],[139.68334226,35.63306229],[139.68334226,35.63304681],[139.68328851,35.63300038],[139.68316309,35.63281468],[139.68310934,35.6327373],[139.68309142,35.63269087],[139.68301976,35.63261349],[139.68300184,35.63256706],[139.68276891,35.6322266],[139.682751,35.63219565],[139.68273308,35.63218017],[139.68253599,35.63188613],[139.68239265,35.63166947],[139.68235682,35.63160757],[139.68210598,35.63123615],[139.68208806,35.6312052],[139.68207014,35.63117425],[139.68203431,35.63112782],[139.68167597,35.63040047],[139.68162222,35.63030761],[139.6816043,35.63027666],[139.68135346,35.62982787],[139.68133554,35.62981239],[139.68131762,35.62976596],[139.68121012,35.6294874],[139.68117429,35.62939455],[139.68101303,35.62902313],[139.6809772,35.62889933],[139.68086969,35.62866719],[139.68085178,35.62860529],[139.68063677,35.62807911],[139.6805651,35.62790888],[139.68054719,35.62787793],[139.68020676,35.62707319],[139.6800455,35.62670178],[139.6798305,35.62622203],[139.67977675,35.62606727],[139.67977675,35.6260518],[139.67975883,35.62600537],[139.67966924,35.62566491],[139.67963341,35.62543277],[139.67961549,35.62523159],[139.67961549,35.62518516],[139.67959758,35.62506135],[139.67943632,35.6250923],[139.67938257,35.6250923],[139.6792034,35.62512326],[139.67854046,35.62524706],[139.67825379,35.62529349],[139.67820004,35.62530896],[139.67809253,35.62532444],[139.67796711,35.62535539],[139.67793128,35.62540182],[139.67769835,35.62581966],[139.67760877,35.62591252],[139.67759085,35.62594347],[139.67721459,35.62643869],[139.67712501,35.62651607],[139.67710709,35.62654702],[139.67707125,35.62657797],[139.67676666,35.62691844],[139.67640832,35.62724343],[139.67635457,35.62727438],[139.67633665,35.62728985],[139.67624706,35.62735176],[139.67615748,35.62741366],[139.67597831,35.62752199],[139.67501078,35.62807911],[139.67499286,35.62807911],[139.67468827,35.62826482],[139.67420451,35.62852791],[139.67332656,35.62893028],[139.67327281,35.62896123],[139.6732549,35.6289767],[139.67282488,35.62916241],[139.67269946,35.62922431],[139.67266363,35.62923979],[139.67262779,35.62925527],[139.67241279,35.6293636],[139.67219778,35.62953383],[139.67217987,35.62956478],[139.67212611,35.62959573],[139.67200069,35.62970406],[139.67185736,35.62975049],[139.67139151,35.62988977],[139.67133776,35.62990525],[139.6709615,35.63002905],[139.67038815,35.63019928],[139.67035231,35.63021476],[139.67031648,35.63023023],[139.67011939,35.63027666],[139.66965354,35.63043142],[139.66961771,35.63044689],[139.66958188,35.63046237],[139.66922353,35.6305707],[139.66911603,35.63060165],[139.66908019,35.63061713],[139.66820225,35.63089569],[139.6681485,35.63092664],[139.6675214,35.63106592],[139.66710931,35.6311433],[139.66705555,35.63115878],[139.66676888,35.63122068],[139.66675096,35.63122068],[139.66666138,35.63123615],[139.66599844,35.63139091],[139.66553259,35.63153019],[139.66547884,35.63154567],[139.66544301,35.63156114],[139.66528175,35.63160757],[139.66452923,35.63179328],[139.6644934,35.63180876],[139.66415297,35.63190161],[139.6639738,35.63191709],[139.66384838,35.63194804],[139.66336462,35.63190161],[139.66252251,35.63182423],[139.66227167,35.63180876],[139.66185957,35.63176233],[139.66162665,35.63173138],[139.66153706,35.6317159],[139.66148331,35.63170043],[139.66164457,35.63135996],[139.6616804,35.63128258],[139.66176999,35.63109687],[139.66196708,35.63074093],[139.6622,35.63032309],[139.66221792,35.63029214],[139.66225375,35.63023023],[139.66227167,35.63016833],[139.66227167,35.62985882],[139.66225375,35.62967311],[139.66218208,35.62944097],[139.66216417,35.6294255],[139.66200291,35.6289767],[139.66200291,35.62888385],[139.66203875,35.62860529],[139.66212833,35.62812554],[139.66212833,35.62798626],[139.6620925,35.62790888],[139.66198499,35.62778508],[139.66191333,35.62767675],[139.66185957,35.62759937],[139.66180582,35.62749104],[139.66218208,35.62738271],[139.6626121,35.62727438],[139.66291669,35.62718152],[139.66300627,35.62711962],[139.66306002,35.62710414],[139.66314961,35.62704224],[139.66338253,35.62687201],[139.6634542,35.62677916],[139.66349004,35.62670178],[139.66350795,35.62659345],[139.66352587,35.62639226],[139.66354379,35.62629941],[139.66359754,35.62569586],[139.66365129,35.62530896],[139.66370504,35.62499945],[139.66375879,35.62470541],[139.66377671,35.62464351],[139.66379463,35.62450423],[139.66383046,35.62431852],[139.66384838,35.62422567],[139.6638663,35.62414829],[139.66393797,35.6239471],[139.66409922,35.62363759],[139.66447548,35.62306499],[139.6651205,35.62247691],[139.66531759,35.6222912],[139.66537134,35.6221674],[139.66542509,35.62209002],[139.66551468,35.62195074],[139.66558635,35.62181146],[139.66562218,35.62176503],[139.6656401,35.62161027],[139.66565801,35.62145552],[139.66567593,35.62130076],[139.66569385,35.62122338],[139.66576552,35.62113053],[139.66589094,35.62106862],[139.66607011,35.6210222],[139.66614178,35.62100672],[139.66619553,35.62097577],[139.66619553,35.62094482],[139.66617761,35.62091387],[139.66612386,35.62088292],[139.66601636,35.62086744],[139.66589094,35.62079006],[139.66576552,35.62072816],[139.66567593,35.62069721],[139.66589094,35.62038769],[139.66599844,35.62012461],[139.66601636,35.62007818],[139.66608803,35.61989247],[139.6661597,35.61975319],[139.6661597,35.61973771],[139.66619553,35.61962938],[139.66623136,35.61953653],[139.6662672,35.61944368],[139.66630303,35.6193663],[139.6663747,35.61914964],[139.66646429,35.61876275],[139.6664822,35.61863894],[139.66650012,35.61853061],[139.66639262,35.61851514],[139.66633887,35.61849966],[139.66596261,35.61845323],[139.66560426,35.61839133],[139.66555051,35.61839133],[139.66549676,35.61837585],[139.66476216,35.61826752],[139.66478007,35.61814372],[139.66476216,35.61791158],[139.66474424,35.61781873],[139.66474424,35.61780325],[139.6647084,35.61775683],[139.66469049,35.6177104],[139.66465465,35.61763302],[139.66452923,35.61743184],[139.66463674,35.6172616],[139.66481591,35.61693661],[139.66483382,35.61685924],[139.66483382,35.61682828],[139.66486966,35.61673543],[139.66479799,35.616689],[139.66476216,35.61667353],[139.66474424,35.61665805],[139.66433214,35.61637949],[139.66388421,35.61608545],[139.66388421,35.61602355],[139.6638663,35.61597712],[139.6638663,35.61594617],[139.66384838,35.61582236],[139.66372296,35.61582236],[139.66365129,35.61580689],[139.66350795,35.61580689],[139.66336462,35.61577594],[139.66327503,35.61572951],[139.66322128,35.61566761],[139.66320336,35.61563666],[139.66318544,35.61555928],[139.66318544,35.61552833],[139.66311378,35.61529619],[139.66291669,35.61455336],[139.66286294,35.6142748],[139.66284502,35.61425932],[139.66284502,35.61424384],[139.6628271,35.61413551],[139.66277335,35.61387243],[139.66275543,35.61377957],[139.66270168,35.61353196],[139.66270168,35.61351649],[139.66266585,35.61339268],[139.66263001,35.61302126],[139.66263001,35.61294389],[139.66263001,35.61291293],[139.66263001,35.61286651],[139.66263001,35.6128046],[139.66279127,35.61266532],[139.66300627,35.6126808],[139.66313169,35.61266532],[139.66314961,35.61264985],[139.66316753,35.61263437],[139.66318544,35.61260342],[139.66316753,35.61257247],[139.66313169,35.61254152],[139.66277335,35.61224748],[139.66273752,35.61212367],[139.6627196,35.61209272],[139.66270168,35.61206177],[139.66268376,35.61196892],[139.66280918,35.61189154],[139.66300627,35.61190701],[139.66313169,35.61190701],[139.66320336,35.61187606],[139.66322128,35.61186059],[139.6632392,35.61179868],[139.6632392,35.61169035],[139.66322128,35.61158202],[139.66322128,35.6115356],[139.66316753,35.61119513],[139.66356171,35.61093205],[139.66357962,35.61093205],[139.66359754,35.61091657],[139.66357962,35.61090109],[139.66354379,35.61085467],[139.66343629,35.61069991],[139.6632392,35.6105142],[139.6632392,35.61048325],[139.6632392,35.6104523],[139.66325711,35.6103904],[139.66332878,35.61025111],[139.66366921,35.60992613],[139.66375879,35.60984875],[139.66365129,35.60974042],[139.66361546,35.60970947],[139.66352587,35.60963209],[139.66298836,35.60946185],[139.6629346,35.60944638],[139.66288085,35.60941543],[139.66286294,35.60938448],[139.66284502,35.60933805],[139.66284502,35.6093071],[139.66288085,35.60927615],[139.66291669,35.60924519],[139.66304211,35.60921424],[139.66325711,35.60913687],[139.6633467,35.60912139],[139.66331086,35.60904401],[139.66329295,35.60901306],[139.66329295,35.60898211],[139.66318544,35.6087345],[139.66322128,35.60867259],[139.66340045,35.60853331],[139.66350795,35.60845593],[139.66354379,35.60844046],[139.66359754,35.60840951],[139.66372296,35.60833213],[139.66445756,35.60788333],[139.6644934,35.60786786],[139.66497716,35.60757382],[139.66510258,35.60748097],[139.66535342,35.60737264],[139.66538926,35.60735716],[139.66572968,35.6072024],[139.6664822,35.60693932],[139.66653596,35.60690837],[139.66655387,35.60690837],[139.66660762,35.60689289],[139.66666138,35.60686194],[139.66730639,35.60664528],[139.66744973,35.60659885],[139.66748557,35.60658338],[139.66791558,35.60653695],[139.66795141,35.60653695],[139.66830976,35.60649052],[139.66838142,35.60649052],[139.66850685,35.60652147],[139.66865018,35.6065679],[139.66967146,35.60690837],[139.67087191,35.60734168],[139.67123026,35.60748097],[139.67191111,35.6077131],[139.67257404,35.60794524],[139.67289655,35.60803809],[139.67300406,35.60806904],[139.6732549,35.60814642],[139.67339823,35.60817737],[139.67361324,35.60817737],[139.67379241,35.60819285],[139.67384616,35.60819285],[139.67386408,35.60819285],[139.67389991,35.60820832],[139.67438368,35.6082857],[139.67490328,35.60833213],[139.67499286,35.6083476],[139.67501078,35.6083476],[139.67520787,35.60836308],[139.67556621,35.60837856],[139.67574538,35.60836308],[139.67592455,35.60836308],[139.67610373,35.60833213],[139.67612164,35.60833213],[139.67644415,35.60827023],[139.67673083,35.60819285],[139.67699958,35.60808452],[139.67714292,35.60800714],[139.67725043,35.60794524],[139.67739376,35.60774405],[139.67760877,35.60746549],[139.67771627,35.60738811],[139.67785961,35.60729526],[139.67841504,35.60684646],[139.67854046,35.60675361],[139.67859421,35.60670718],[139.67863005,35.60661433],[139.67871963,35.60639767],[139.67875547,35.60630481],[139.67882714,35.60615006],[139.67888089,35.6060572],[139.67904214,35.60588697],[139.67918548,35.60576316],[139.6792034,35.60573221],[139.67923923,35.60567031],[139.67929298,35.60557746],[139.67929298,35.60556198],[139.6793109,35.60551555],[139.67936465,35.60511318],[139.67936465,35.60508223],[139.67940049,35.60495843],[139.6794184,35.60477272],[139.6794184,35.60474177],[139.6794184,35.60471082],[139.67945424,35.60438583],[139.67945424,35.60437035],[139.67945424,35.6043394],[139.67949007,35.60402989],[139.67949007,35.60398346],[139.67950799,35.60395251],[139.67954382,35.60381323],[139.67970508,35.60381323],[139.679723,35.60355014],[139.679723,35.60353466],[139.679723,35.60348824],[139.67974091,35.6031942],[139.67974091,35.60314777],[139.67975883,35.60311682],[139.6798305,35.60294659],[139.679938,35.60297754],[139.67997384,35.60299301],[139.68008134,35.60303944],[139.68022468,35.60302397],[139.68026051,35.60288469],[139.6803501,35.60195614],[139.68040385,35.60132164],[139.68040385,35.60125974],[139.68038593,35.60115141],[139.68036801,35.60107403],[139.68036801,35.60104308],[139.68036801,35.60101213],[139.6803501,35.60099665],[139.68027843,35.60067166],[139.68027843,35.60062523],[139.68026051,35.60057881],[139.68024259,35.60048595],[139.68022468,35.60040857],[139.68020676,35.60036215],[139.68020676,35.6003312],[139.68020676,35.60023834],[139.68018884,35.60011454],[139.68018884,35.60009906],[139.68018884,35.60002168],[139.68018884,35.60000621],[139.68020676,35.59985145],[139.68020676,35.59978955],[139.68020676,35.59968122],[139.68022468,35.59968122],[139.68024259,35.59954194],[139.68033218,35.5993717],[139.68033218,35.59927885],[139.6803501,35.59913957],[139.6803501,35.59906219],[139.68040385,35.59858244],[139.68040385,35.59848959],[139.68043968,35.59813365],[139.68054719,35.59805627],[139.6805651,35.59804079],[139.68063677,35.59800984],[139.68069052,35.59797889],[139.68079803,35.59791699],[139.68081594,35.59787056],[139.68081594,35.59782413],[139.68069052,35.59770033],[139.68052927,35.59760747],[139.6804576,35.59754557],[139.68040385,35.59749914],[139.68033218,35.59745272],[139.68033218,35.59737534],[139.6803501,35.59731344],[139.68036801,35.59728248],[139.68038593,35.59723606],[139.68042176,35.5971432],[139.6804576,35.59706582],[139.68049343,35.59700392],[139.68054719,35.59686464],[139.68058302,35.59680274],[139.68060094,35.59675631],[139.68060094,35.59674083],[139.68065469,35.59655513],[139.68067261,35.59649322],[139.68069052,35.59613728],[139.68067261,35.5959361],[139.68067261,35.59588967],[139.68067261,35.59567301],[139.68067261,35.59547183],[139.68067261,35.59540993],[139.68069052,35.59506946],[139.68069052,35.59502303],[139.68069052,35.59499208],[139.68069052,35.59496113],[139.68067261,35.59489923],[139.68061885,35.5948528],[139.6804576,35.59474447],[139.68038593,35.59469804],[139.679723,35.59426472],[139.67952591,35.59412544],[139.67945424,35.59409449],[139.67864796,35.59355284],[139.67859421,35.59352189],[139.67852254,35.59347546],[139.67793128,35.59311952],[139.67791336,35.59310405],[139.6775371,35.59288739],[139.67746543,35.59284096],[139.67710709,35.5926243],[139.67708917,35.59260882],[139.67705334,35.59259335],[139.67682041,35.59245407],[139.67667708,35.59236121],[139.67603206,35.5919898],[139.67592455,35.59194337],[139.67583497,35.59189694],[139.6756558,35.59178861],[139.67538704,35.59216003],[139.67526162,35.59231479],[139.67522578,35.59237669],[139.6751362,35.5925005],[139.67510036,35.59254692],[139.67510036,35.59257787],[139.67501078,35.59271715],[139.67499286,35.59271715],[139.67452702,35.59341356],[139.6745091,35.59345999],[139.67429409,35.5937695],[139.67393575,35.5942183],[139.67377449,35.59440401],[139.67334448,35.59489923],[139.67330865,35.59496113],[139.6732549,35.59502303],[139.67320114,35.59506946],[139.67314739,35.59513136],[139.67303989,35.59525517],[139.67287864,35.59544088],[139.67278905,35.59554921],[139.67259196,35.59578134],[139.67252029,35.59585872],[139.67223362,35.59618371],[139.67214403,35.59629204],[139.67212611,35.59630752],[139.67183944,35.59663251],[139.67157068,35.59694202],[139.67123026,35.59735986],[139.6711765,35.59740629],[139.67115859,35.59743724],[139.67071066,35.59796341],[139.67065691,35.59802532],[139.67062107,35.59805627],[139.66999397,35.59875268],[139.66976105,35.59901576],[139.66967146,35.59909314],[139.66958188,35.59904671],[139.66951021,35.59898481],[139.66922353,35.5986753],[139.66879352,35.59821103],[139.66873977,35.59818007],[139.66868602,35.59819555],[139.6686681,35.59819555],[139.66857851,35.5982265],[139.66847101,35.59831936],[139.66823809,35.59844316],[139.66811267,35.59850506],[139.66809475,35.59853602],[139.66809475,35.5986753],[139.66813058,35.59881458],[139.6681485,35.59889196],[139.66805892,35.59890743],[139.66784391,35.59893838],[139.66757515,35.59895386],[139.6674139,35.59896933],[139.66730639,35.59895386],[139.66728848,35.59895386],[139.66714514,35.59893838],[139.66691222,35.59893838],[139.66684055,35.59893838],[139.66687638,35.59943361],[139.66687638,35.59946456],[139.66687638,35.59949551],[139.6668943,35.59955741],[139.66666138,35.59954194],[139.66657179,35.59952646],[139.66628512,35.59949551],[139.66619553,35.59948003],[139.66612386,35.59946456],[139.66607011,35.59944908],[139.66592677,35.59938718],[139.66547884,35.5992479],[139.66517425,35.59907766],[139.66506675,35.59896933],[139.66476216,35.59915504],[139.66467257,35.59923242],[139.66463674,35.59929432],[139.66456507,35.59934075],[139.66456507,35.59935623],[139.66451132,35.59943361],[139.66440381,35.59966574],[139.66431423,35.59963479],[139.66426048,35.59960384],[139.66422464,35.59958836],[139.66411714,35.59954194],[139.66404547,35.59948003],[139.66392005,35.5993717],[139.66349004,35.598861],[139.66341837,35.59876815],[139.66327503,35.59865982],[139.66325711,35.59865982],[139.66318544,35.59861339],[139.66311378,35.59858244],[139.66309586,35.59856697],[139.66300627,35.59850506],[139.66297044,35.59848959],[139.66273752,35.59841221],[139.66268376,35.59841221],[139.66263001,35.59842769],[139.6626121,35.59844316],[139.66255834,35.59847411],[139.66252251,35.59850506],[139.66243292,35.59855149],[139.66189541,35.59889196],[139.66184166,35.59893838],[139.66182374,35.59893838],[139.66178791,35.59898481],[139.66175207,35.59904671],[139.66166248,35.59912409],[139.66153706,35.59918599],[139.66141164,35.59923242],[139.66139373,35.5992479],[139.66132206,35.59926337],[139.66125039,35.5993098],[139.66117872,35.59938718],[139.6610533,35.59951098],[139.66092788,35.59969669],[139.66085621,35.59972764],[139.66073079,35.5997586],[139.66017536,35.59989788],[139.6599066,35.59995978],[139.65976326,35.59997525],[139.6596916,35.59997525],[139.65961993,35.59995978],[139.65951242,35.5998824],[139.659387,35.59978955],[139.65926158,35.59972764],[139.65899283,35.59968122],[139.65893907,35.59966574],[139.65892116,35.59961931],[139.65888532,35.59935623],[139.65884949,35.59929432],[139.65879574,35.59926337],[139.65874199,35.5992479],[139.65861657,35.59923242],[139.6585449,35.59921695],[139.65836573,35.59920147],[139.65832989,35.59920147],[139.65829406,35.59920147],[139.6582403,35.59917052],[139.65809697,35.59909314],[139.65789988,35.59898481],[139.65777446,35.59896933],[139.65763112,35.59898481],[139.65754154,35.59898481],[139.65745195,35.59893838],[139.65743403,35.59893838],[139.65736236,35.598861],[139.65730861,35.5987372],[139.65725486,35.59861339],[139.65723694,35.59859792],[139.65712944,35.59855149],[139.6569861,35.59848959],[139.6568786,35.59842769],[139.65709361,35.59825745],[139.65693235,35.59818007],[139.65689652,35.59814912],[139.6567711,35.59807174],[139.65657401,35.59794794],[139.65644859,35.59785508],[139.65643067,35.59782413],[139.65643067,35.59779318],[139.65648442,35.59774675],[139.65673526,35.59748367],[139.65660984,35.59739081],[139.65655609,35.59734439],[139.656359,35.59723606],[139.65634108,35.59720511],[139.65626942,35.59715868],[139.65616191,35.59709678],[139.65609024,35.59700392],[139.65601858,35.59688012],[139.65576774,35.59647775],[139.65512272,35.59677179],[139.65496146,35.59684916],[139.65485396,35.59689559],[139.65413727,35.59712773],[139.65401185,35.59720511],[139.65394018,35.59725153],[139.65392227,35.59725153],[139.65381476,35.59732891],[139.65374309,35.59720511],[139.65347434,35.59674083],[139.65297266,35.5959361],[139.65336683,35.59573491],[139.65324141,35.59564206],[139.65392227,35.59537897],[139.65426269,35.59523969],[139.65433436,35.59520874],[139.65428061,35.59511589],[139.65426269,35.59510041],[139.65419102,35.59494565],[139.65413727,35.5948528],[139.65411936,35.59482185],[139.65462104,35.59462066],[139.65463895,35.59465162],[139.65481812,35.59486828],[139.65488979,35.59497661],[139.65501521,35.59493018],[139.65557065,35.59468257],[139.65551689,35.59457424],[139.65533772,35.59420282],[139.65569607,35.59400164],[139.65591107,35.59440401],[139.65592899,35.59441948],[139.65598274,35.59451234],[139.65682485,35.59415639],[139.65730861,35.59392426],[139.65738028,35.59389331],[139.65784613,35.59367665],[139.65818655,35.59352189],[139.65811488,35.59335166],[139.65807905,35.59330523],[139.65782821,35.59332071],[139.65763112,35.59333618],[139.65716527,35.59339809],[139.65705777,35.59341356],[139.65691443,35.59316595],[139.65657401,35.59259335],[139.65652026,35.5925005],[139.65609024,35.59175766],[139.65603649,35.59166481],[139.65576774,35.59115411],[139.65557065,35.59075174],[139.65542731,35.59055056],[139.65540939,35.59051961],[139.65514063,35.59014819],[139.65449562,35.5904577],[139.65429853,35.59056603],[139.65324141,35.59116959],[139.65252473,35.59151005],[139.6521843,35.59166481],[139.65170054,35.59189694],[139.65105552,35.59223741],[139.65071509,35.59242312],[139.65055384,35.59251597],[139.65042842,35.59257787],[139.65035675,35.59265525],[139.65021341,35.59281001],[139.65010591,35.59291834],[139.64999841,35.5930731],[139.64999841,35.59308857],[139.64980132,35.59338261],[139.64976548,35.59344451],[139.64940714,35.59404806],[139.64919213,35.59441948],[139.64912046,35.59455876],[139.64892338,35.59486828],[139.64885171,35.59497661],[139.64876212,35.59503851],[139.64835003,35.59528612],[139.64779459,35.59554921],[139.64691665,35.59596705],[139.64670165,35.59610633],[139.6463433,35.59633847],[139.64625372,35.59640037],[139.64575204,35.59669441],[139.64426491,35.59756105],[139.64374531,35.59785508],[139.64324363,35.59814912],[139.6422761,35.5987372],[139.64197151,35.59892291],[139.64166692,35.59909314],[139.64086065,35.59957289],[139.64048439,35.59977407],[139.64010813,35.60000621],[139.64009021,35.60000621],[139.64009021,35.60002168],[139.63998271,35.60006811],[139.63989312,35.60013001],[139.6397677,35.60022287],[139.63960645,35.60036215],[139.63953478,35.60043953],[139.63912268,35.6009657],[139.63892559,35.60116688],[139.63869267,35.60142997],[139.63829849,35.60180139],[139.63794015,35.60212638],[139.63767139,35.60240494],[139.63729513,35.60282278],[139.63715179,35.60294659],[139.63700846,35.60305492],[139.63690095,35.60308587],[139.63688303,35.60310134],[139.63672178,35.6031323],[139.63663219,35.60314777],[139.63652469,35.60316325],[139.63609468,35.60327158],[139.63600509,35.60328705],[139.63566467,35.60333348],[139.6354855,35.60336443],[139.63530632,35.60341086],[139.6351809,35.60345729],[139.63487631,35.60362752],[139.63426713,35.60402989],[139.63423129,35.60406084],[139.6338192,35.60435488],[139.63338919,35.60466439],[139.63333543,35.60471082],[139.63321001,35.60480367],[139.63195581,35.60568579],[139.63179456,35.60579412],[139.63174081,35.60587149],[139.63172289,35.6059334],[139.63172289,35.60601078],[139.63175872,35.6061191],[139.63211707,35.60655242],[139.63184831,35.60683099],[139.63136455,35.6071405],[139.63116746,35.60723335],[139.63073744,35.60741906],[139.63005659,35.60769763],[139.62960866,35.60788333],[139.62939366,35.60797619],[139.62930407,35.60800714],[139.6286053,35.6082238],[139.62853363,35.60800714],[139.62812154,35.60833213],[139.6279782,35.60844046],[139.6279782,35.60845593],[139.62769153,35.60868807],[139.62756611,35.60878092],[139.62736902,35.60888925],[139.62722568,35.60895116],[139.62686734,35.60904401],[139.62641941,35.60912139],[139.62597148,35.60919877],[139.62584606,35.60922972],[139.62573855,35.60927615],[139.62563105,35.60932257],[139.62543396,35.60941543],[139.62520104,35.60953923],[139.62500395,35.60967851],[139.6249502,35.60970947],[139.62487853,35.60975589],[139.62487853,35.60977137],[139.62478894,35.60983327],[139.62477103,35.6098797],[139.62475311,35.6098797],[139.62469936,35.60997255],[139.62464561,35.61003446],[139.6245381,35.61015826],[139.62428726,35.6105142],[139.62407226,35.61080824],[139.62405434,35.61083919],[139.62396475,35.61094752],[139.62385725,35.61105585],[139.62373183,35.61116418],[139.62340932,35.61136536],[139.62294347,35.61155107],[139.6225493,35.61167488],[139.62206553,35.61181416],[139.62181469,35.61192249],[139.62177886,35.61193797],[139.62147427,35.61207725],[139.62048882,35.61260342],[139.61936004,35.61329983],[139.61871502,35.61368672],[139.61864335,35.61373315],[139.61860752,35.61374862],[139.61851793,35.61377957],[139.61846418,35.61381052],[139.6183746,35.613826],[139.61830293,35.61385695],[139.61821334,35.61385695],[139.61812375,35.61387243],[139.61803417,35.61387243],[139.61794458,35.61387243],[139.61781916,35.61385695],[139.61756832,35.61381052],[139.61742499,35.61379505],[139.61685164,35.61364029],[139.61667246,35.61357839],[139.61645746,35.61351649],[139.61579452,35.61333078],[139.61557952,35.61333078],[139.61538243,35.61343911],[139.61520326,35.61353196],[139.61480908,35.61384148],[139.61457615,35.61398076],[139.61421781,35.61421289],[139.61394905,35.6143367],[139.61387738,35.61436765],[139.61346529,35.6144605],[139.61339362,35.61450693],[139.61323237,35.61461526],[139.61312486,35.61469264],[139.61307111,35.61473907],[139.61303528,35.61478549],[139.61299944,35.61486287],[139.61296361,35.61492477],[139.61287402,35.61514143],[139.6127486,35.61531167],[139.61269485,35.61538905],[139.61242609,35.61571403],[139.61219317,35.61585332],[139.61196025,35.61589974],[139.61093897,35.61614735],[139.60966685,35.61641044],[139.608986,35.61647234],[139.60875307,35.61644139],[139.60841265,35.61630211],[139.60834098,35.61625568],[139.60816181,35.61616283],[139.60814389,35.61614735],[139.6078393,35.61597712],[139.60782138,35.61597712],[139.60746304,35.61577594],[139.60719428,35.61563666],[139.60683594,35.61552833],[139.6065851,35.6154819],[139.60647759,35.61546642],[139.6060655,35.61543547],[139.60586841,35.61545095],[139.60534881,35.61557475],[139.60516964,35.61565213],[139.60473963,35.61582236],[139.60456046,35.61591522],[139.60350334,35.61645687],[139.60312708,35.61667353],[139.60301958,35.61671995],[139.60237456,35.61704494],[139.60217747,35.61715327],[139.60181913,35.61736993],[139.60160412,35.61749374],[139.6013712,35.61763302],[139.60069035,35.61803539],[139.60049326,35.61812824],[139.60020658,35.618283],[139.60006324,35.61839133],[139.60000949,35.61842228],[139.59999158,35.61842228],[139.59983032,35.61845323],[139.59954365,35.61849966],[139.59889863,35.61849966],[139.59841486,35.61846871],[139.59716066,35.61846871],[139.59662315,35.61849966],[139.59612147,35.61843776],[139.59581687,35.61839133],[139.59560187,35.61836038],[139.59540478,35.61825205],[139.59431183,35.61788063],[139.59422225,35.61786516],[139.59413266,35.6178342],[139.59391765,35.6177723],[139.59357723,35.61767945],[139.59309346,35.61757112],[139.59278887,35.61758659],[139.59234094,35.61763302],[139.59189301,35.6177104],[139.59167801,35.61778778],[139.59166009,35.61778778],[139.59158842,35.61781873],[139.59092549,35.61812824],[139.59022672,35.61843776],[139.59015505,35.6188556],[139.59015505,35.61887108],[139.5901013,35.61902583],[139.59002963,35.61922702],[139.58997588,35.61941273],[139.58994004,35.61955201],[139.58988629,35.61969129],[139.58983254,35.61996985],[139.58981462,35.6200627],[139.58959962,35.6205734],[139.58949211,35.62075911],[139.58943836,35.62086744],[139.58942044,35.62100672],[139.58940253,35.62105315],[139.58934878,35.62116148],[139.58933086,35.62122338],[139.58934878,35.62126981],[139.58936669,35.62130076],[139.58940253,35.62136266],[139.58942044,35.62139361],[139.58954586,35.62148647],[139.58961753,35.62164123],[139.58972504,35.62193526],[139.58974295,35.62218287],[139.58972504,35.62221383],[139.58970712,35.62227573],[139.58967128,35.62239953],[139.58965337,35.62249239],[139.58961753,35.62269357],[139.58959962,35.6228019],[139.5895817,35.62291023],[139.58956378,35.62295666],[139.58954586,35.62304951],[139.58951003,35.62328165],[139.58949211,35.62335903],[139.58951003,35.62346736],[139.58952795,35.62357569],[139.5895817,35.62380782],[139.58967128,35.62399353],[139.58977879,35.62417924],[139.58994004,35.6244578],[139.58995796,35.62447328],[139.59002963,35.6245197],[139.59008338,35.62453518],[139.5902088,35.62453518],[139.59024463,35.6245197],[139.59029839,35.6244578],[139.59038797,35.62438042],[139.59047756,35.62430304],[139.59071048,35.62414829],[139.59087173,35.62403996],[139.59099716,35.62399353],[139.59128383,35.62379235],[139.59139133,35.62373044],[139.59166009,35.62368402],[139.59167801,35.62368402],[139.59201843,35.62362211],[139.59207219,35.62368402],[139.5920901,35.62374592],[139.59216177,35.62386972],[139.59223344,35.62383877],[139.59232303,35.62383877],[139.59235886,35.6238233],[139.59239469,35.6238233],[139.59244845,35.62380782],[139.59248428,35.62380782],[139.5925022,35.6238233],[139.5925022,35.62383877],[139.59246636,35.62386972],[139.59243053,35.62391615],[139.59239469,35.62396258],[139.59235886,35.62399353],[139.59232303,35.62413281],[139.59228719,35.62422567],[139.59230511,35.62427209],[139.59232303,35.62434947],[139.59235886,35.62441137],[139.59244845,35.62456613],[139.59257387,35.62484469],[139.59268137,35.62499945],[139.59280679,35.62515421],[139.5930218,35.62555658],[139.59314722,35.62577324],[139.59321888,35.62591252],[139.5933443,35.6261137],[139.59336222,35.62623751],[139.59348764,35.62645417],[139.59354139,35.6265625],[139.59363098,35.6266244],[139.59379223,35.62660892],[139.59382807,35.62660892],[139.59393557,35.62659345],[139.59411474,35.62673273],[139.59411474,35.62682558],[139.59406099,35.62693391],[139.59400724,35.62705772],[139.59391765,35.62716605],[139.59370265,35.6273208],[139.5936489,35.62733628],[139.59355931,35.62738271],[139.59336222,35.62739818],[139.5932368,35.62741366],[139.5930218,35.62742913],[139.59293221,35.62736723],[139.59282471,35.62735176],[139.59275304,35.62733628],[139.59268137,35.62733628],[139.59262762,35.62736723],[139.59243053,35.62746009],[139.59239469,35.62749104],[139.59237678,35.62752199],[139.59239469,35.62761484],[139.59241261,35.6277077],[139.59244845,35.62780055],[139.59244845,35.6278315],[139.59248428,35.62792436],[139.59252011,35.62806364],[139.59252011,35.62807911],[139.59252011,35.62809459],[139.59255595,35.62818744],[139.59257387,35.62823387],[139.59255595,35.62843505],[139.59248428,35.62854338],[139.59234094,35.62869814],[139.59237678,35.62880647],[139.59241261,35.6288529],[139.59248428,35.62896123],[139.59266345,35.62910051],[139.59275304,35.62922431],[139.59278887,35.62927074],[139.59293221,35.62939455],[139.59295013,35.6294255],[139.59286054,35.6294874],[139.59278887,35.62953383],[139.59264554,35.62964216],[139.59259178,35.62978144],[139.5925022,35.6301219],[139.59248428,35.63018381],[139.59241261,35.63030761],[139.59234094,35.63044689],[139.59223344,35.6305088],[139.59196468,35.6306326],[139.59167801,35.63080284],[139.59166009,35.63080284],[139.591463,35.63092664],[139.59126591,35.63105045],[139.59126591,35.63126711],[139.59137342,35.63154567],[139.59144508,35.63170043],[139.59151675,35.63180876],[139.59155259,35.63196351],[139.59155259,35.63200994],[139.59144508,35.63208732],[139.59140925,35.63208732],[139.59139133,35.63211827],[139.59137342,35.63219565],[139.59139133,35.63262897],[139.59130175,35.63278372],[139.59140925,35.63306229],[139.59126591,35.63306229],[139.59119424,35.63304681],[139.59110466,35.63301586],[139.59099716,35.63300038],[139.59092549,35.63334085],[139.59080007,35.63346465],[139.59062089,35.63365036],[139.59051339,35.63374322],[139.59044172,35.63385155],[139.59037005,35.6339444],[139.59026255,35.63403726],[139.59013713,35.63413011],[139.58999379,35.63423844],[139.58976087,35.63442415],[139.58963545,35.6344551],[139.58952795,35.63450153],[139.5894742,35.634517],[139.58934878,35.63456343],[139.58931294,35.63456343],[139.58897251,35.63460986],[139.58882918,35.63462533],[139.58877543,35.63464081],[139.58870376,35.63467176],[139.58857834,35.63473366],[139.58829166,35.63485747],[139.58825583,35.63487294],[139.58809457,35.63488842],[139.58800499,35.63490389],[139.58798707,35.63490389],[139.58784373,35.63495032],[139.58778998,35.6349658],[139.58775415,35.63499675],[139.58771831,35.6350277],[139.58766456,35.63507413],[139.58764664,35.63518246],[139.58764664,35.63519793],[139.58762873,35.63529079],[139.58759289,35.63538364],[139.58734205,35.63567768],[139.58719871,35.63581696],[139.58687621,35.63620385],[139.58685829,35.6362348],[139.58667912,35.63646694],[139.58641036,35.6368074],[139.58623119,35.63702406],[139.58617744,35.63710144],[139.58608785,35.6372562],[139.58590868,35.63756571],[139.58571159,35.63792165],[139.58563992,35.63807641],[139.585622,35.63812284],[139.58560409,35.63815379],[139.58547867,35.63855616],[139.58547867,35.63863354],[139.58537116,35.63888115],[139.58531741,35.63898948],[139.58515616,35.63959303],[139.58503074,35.63994897],[139.5848874,35.64027396],[139.58451114,35.64093941],[139.58445739,35.64101679],[139.58443947,35.6410787],[139.58443947,35.6411406],[139.58443947,35.64117155],[139.5844753,35.6412025],[139.58452906,35.64123345],[139.58460072,35.64127988],[139.58465448,35.64132631],[139.58470823,35.64134178],[139.58474406,35.64135726],[139.58470823,35.64146559],[139.58467239,35.64166677],[139.58465448,35.64166677],[139.58465448,35.64174415],[139.58515616,35.64189891],[139.58517407,35.64189891],[139.58529949,35.64194533],[139.58553242,35.64203819],[139.58556825,35.64206914],[139.58563992,35.64208462],[139.58583701,35.64216199],[139.58589076,35.6422239],[139.58589076,35.64227032],[139.58587284,35.64261079],[139.58587284,35.64264174],[139.58601618,35.64265722],[139.58637452,35.64264174],[139.58658953,35.64264174],[139.58664328,35.64267269],[139.5867687,35.64309054],[139.58678662,35.64310601],[139.58678662,35.64315244],[139.58689412,35.64313696],[139.58703746,35.64313696],[139.58707329,35.64318339],[139.58710913,35.64333815],[139.58712705,35.64341553],[139.58707329,35.64361671],[139.58703746,35.64391075],[139.58707329,35.64417383],[139.58707329,35.64422026],[139.58716288,35.64434407],[139.5871808,35.64435954],[139.58734205,35.64452978],[139.58734205,35.64454525],[139.58737789,35.6445762],[139.58737789,35.64462263],[139.58721663,35.64488572],[139.58703746,35.64516428],[139.58709121,35.64538094],[139.5871808,35.64539641],[139.58730622,35.64541189],[139.58743164,35.64547379],[139.58764664,35.64556665],[139.58787957,35.64569045],[139.58787957,35.6457214],[139.58786165,35.64573688],[139.58773623,35.64584521],[139.58766456,35.64595354],[139.58762873,35.64606187],[139.58764664,35.6461702],[139.5878079,35.64609282],[139.58786165,35.64607734],[139.58814832,35.64595354],[139.58834541,35.64587616],[139.58847083,35.64582973],[139.5885425,35.64579878],[139.58859625,35.64578331],[139.58888293,35.64561307],[139.58913377,35.64542737],[139.58918752,35.64539641],[139.58945628,35.64521071],[139.58956378,35.64513333],[139.58977879,35.64516428],[139.5902088,35.64525713],[139.59063881,35.64539641],[139.59067465,35.64541189],[139.59078215,35.64545832],[139.59085382,35.64548927],[139.59139133,35.64569045],[139.59166009,35.64576783],[139.59167801,35.64576783],[139.59182135,35.64579878],[139.59200052,35.64581426],[139.59205427,35.64590711],[139.59205427,35.64634043],[139.59203635,35.64677375],[139.59205427,35.64692851],[139.59205427,35.6473773],[139.59205427,35.64757849],[139.59207219,35.64773324],[139.59207219,35.64810466],[139.59201843,35.64836775],[139.59200052,35.64859988],[139.59200052,35.64917248],[139.59203635,35.64971413],[139.59203635,35.64999269],[139.59205427,35.65051887],[139.59207219,35.65081291],[139.59205427,35.65098314],[139.5919826,35.65109147],[139.59196468,35.65135456],[139.59262762,35.65147836],[139.59275304,35.65147836],[139.59300388,35.65149384],[139.59303971,35.65150931],[139.59307555,35.65152479],[139.59309346,35.65160217],[139.59309346,35.6517724],[139.59307555,35.65184978],[139.59305763,35.65197358],[139.59305763,35.65203549],[139.59305763,35.65209739],[139.59298596,35.65256166],[139.59293221,35.65290213],[139.59291429,35.65302593],[139.59284262,35.65361401],[139.59286054,35.65403185],[139.59286054,35.65418661],[139.59277096,35.65444969],[139.59246636,35.65513062],[139.59237678,35.65534728],[139.59234094,35.65542466],[139.59225136,35.65547109],[139.59167801,35.65539371],[139.59166009,35.65539371],[139.59160634,35.65537824],[139.59142717,35.65536276],[139.59106882,35.65531633],[139.59103299,35.65531633],[139.59097924,35.65531633],[139.59092549,35.65536276],[139.5908359,35.65545561],[139.59049547,35.65604369],[139.5902088,35.65661629],[139.59013713,35.65677105],[139.58994004,35.65711151],[139.58988629,35.65725079],[139.58983254,35.65759126],[139.58976087,35.65814838],[139.58972504,35.65833409],[139.58965337,35.65865908],[139.58965337,35.65869003],[139.58967128,35.65895312],[139.58967128,35.65899955],[139.5896892,35.65913883],[139.5896892,35.65927811],[139.58974295,35.65946382],[139.58977879,35.65991261],[139.58981462,35.66002094],[139.5897967,35.66012927],[139.5897967,35.66022213],[139.58977879,35.66029951],[139.58974295,35.6608102],[139.58974295,35.66084116],[139.58974295,35.66093401],[139.5897967,35.66098044],[139.59001171,35.66115067],[139.59001171,35.66118162],[139.58995796,35.66122805],[139.58970712,35.66139828],[139.58913377,35.66172327],[139.58904418,35.6617697],[139.5889546,35.66181612],[139.58902627,35.66187803],[139.58909793,35.66190898],[139.58920544,35.66203278],[139.58920544,35.66206374],[139.58911585,35.66209469],[139.58902627,35.66209469],[139.58904418,35.66226492],[139.58904418,35.66237325],[139.58899043,35.66241968],[139.58897251,35.66245063],[139.58861417,35.66254348],[139.58859625,35.66254348],[139.5883275,35.66258991],[139.58798707,35.66265181],[139.58782582,35.66262086],[139.58759289,35.66257443],[139.58743164,35.66255896],[139.58734205,35.66258991],[139.58730622,35.66271371],[139.58719871,35.66294585],[139.58714496,35.66305418],[139.58691204,35.6634875],[139.5867687,35.66368868],[139.58669703,35.66373511],[139.5865537,35.66395177],[139.58696579,35.66423033],[139.58707329,35.66424581],[139.58721663,35.66426128],[139.58723455,35.66426128],[139.58752122,35.66432319],[139.5877004,35.66436961],[139.58778998,35.66446247],[139.58786165,35.66452437],[139.58787957,35.66455532],[139.58789748,35.6645708],[139.5880229,35.66483388],[139.58814832,35.66500412],[139.58825583,35.66505054],[139.58836333,35.66511245],[139.58848875,35.66515887],[139.5885425,35.66518983],[139.58882918,35.66536006],[139.58900835,35.66546839],[139.58929502,35.6656541],[139.5894742,35.6657779],[139.58961753,35.6657779],[139.58970712,35.6657779],[139.59011921,35.66579338],[139.59002963,35.66627312],[139.59001171,35.66639693],[139.58999379,35.66648978],[139.58995796,35.66662906],[139.58994004,35.66666002],[139.58959962,35.6674338],[139.5895817,35.66746475],[139.5895817,35.6674957],[139.58952795,35.66761951],[139.58951003,35.66763498],[139.58936669,35.6678826],[139.58913377,35.66831592],[139.58913377,35.66834687],[139.58913377,35.66843972],[139.58915169,35.66853258],[139.58915169,35.66868733],[139.5891696,35.66878019],[139.5891696,35.66888852],[139.5890621,35.66913613],[139.58891876,35.66935279],[139.58888293,35.66941469],[139.58888293,35.6695385],[139.58888293,35.66955397],[139.58886501,35.6696623],[139.58882918,35.66973968],[139.58875751,35.66981706],[139.58873959,35.66983253],[139.58866792,35.66989444],[139.58866792,35.66995634],[139.58859625,35.67026585],[139.58850667,35.67051346],[139.58764664,35.67085393],[139.58753914,35.67090036],[139.5872883,35.67099321],[139.58698371,35.67113249],[139.58685829,35.67117892],[139.58642828,35.67136463],[139.58590868,35.67156581],[139.58576534,35.67162771],[139.58555033,35.67172057],[139.58537116,35.67179795],[139.58508449,35.67192175],[139.58486948,35.67199913],[139.5847799,35.67204556],[139.58469031,35.67209198],[139.58454697,35.67216936],[139.5842603,35.67271101],[139.58332861,35.67311338],[139.58313152,35.67320623],[139.58304193,35.67323719],[139.58288068,35.67331456],[139.5824865,35.67339194],[139.58266567,35.67377883],[139.58268359,35.67379431],[139.58271942,35.67380979],[139.58275526,35.67384074],[139.58280901,35.67388716],[139.58297026,35.67394907],[139.58307776,35.67398002],[139.58314943,35.67399549],[139.58332861,35.67402645],[139.58345403,35.67404192],[139.58381237,35.6740574],[139.58391987,35.67404192],[139.58427822,35.67390264],[139.58443947,35.67387169],[139.58470823,35.67391812],[139.58490532,35.67394907],[139.58533533,35.67398002],[139.58617744,35.67396454],[139.58639244,35.67398002],[139.58664328,35.67398002],[139.58730622,35.67376336],[139.5873958,35.67402645],[139.58725247,35.67438239],[139.58723455,35.67441334],[139.58716288,35.6745681],[139.58675079,35.6745681],[139.58673287,35.67458357],[139.58671495,35.67459905],[139.58671495,35.67467643],[139.58669703,35.67470738],[139.58667912,35.67490856],[139.58667912,35.67500141],[139.58667912,35.67507879],[139.58667912,35.6752645],[139.58667912,35.67535736],[139.58667912,35.67538831],[139.58671495,35.67554306],[139.58675079,35.67566687],[139.5867687,35.67582163],[139.5867687,35.67592996],[139.58671495,35.67605376],[139.58662536,35.67619304],[139.58658953,35.67627042],[139.58653578,35.6764097],[139.58653578,35.67657994],[139.58649994,35.67693588],[139.58657161,35.67729182],[139.58664328,35.67760133],[139.58678662,35.67780252],[139.58692996,35.67789537],[139.58714496,35.6779418],[139.58755706,35.67817393],[139.58768248,35.67829774],[139.58778998,35.67840607],[139.58793332,35.67854535],[139.58834541,35.67893224],[139.5883275,35.67900962],[139.5883275,35.67928818],[139.5883275,35.67936556],[139.58827374,35.67964412],[139.58813041,35.68004649],[139.58805874,35.68007744],[139.58784373,35.68018577],[139.58773623,35.68024767],[139.58766456,35.68027863],[139.58757498,35.68030958],[139.58752122,35.68034053],[139.58734205,35.68043338],[139.58730622,35.68044886],[139.58721663,35.68049529],[139.58709121,35.68055719],[139.58712705,35.68078932],[139.58714496,35.68083575],[139.58716288,35.68103694],[139.58696579,35.68111431],[139.5867687,35.68116074],[139.58662536,35.68119169],[139.5861416,35.6813155],[139.58569367,35.68151668],[139.58542491,35.68177977],[139.58531741,35.68204286],[139.58547867,35.68204286],[139.58571159,35.6820119],[139.58599826,35.68198095],[139.58626702,35.68195],[139.58642828,35.68193453],[139.58669703,35.68190357],[139.5867687,35.6818881],[139.58692996,35.68187262],[139.58716288,35.6818262],[139.58730622,35.68181072],[139.58732413,35.68181072],[139.58755706,35.68177977],[139.58773623,35.68174882],[139.5880229,35.68173334],[139.58931294,35.68167144],[139.58954586,35.68167144],[139.58974295,35.68165596],[139.5902088,35.68165596],[139.59063881,35.68164049],[139.5907284,35.68164049],[139.59117633,35.68162501],[139.591248,35.68162501],[139.5913555,35.68162501],[139.59162426,35.68164049],[139.59166009,35.68165596],[139.59167801,35.68165596],[139.59180343,35.68167144],[139.59178551,35.68193453],[139.59167801,35.68199643],[139.59166009,35.68199643],[139.59164217,35.6820119],[139.5915705,35.68204286],[139.59112258,35.68208928],[139.59067465,35.68213571],[139.59051339,35.68215118],[139.59006546,35.68219761],[139.58959962,35.68224404],[139.58952795,35.68224404],[139.58942044,35.68227499],[139.58929502,35.68225951],[139.58913377,35.68224404],[139.5885425,35.68227499],[139.58836333,35.68230594],[139.58752122,35.68235237],[139.58732413,35.68238332],[139.58725247,35.6823988],[139.58700163,35.6824607],[139.58691204,35.6824607],[139.58675079,35.68244522],[139.58658953,35.68244522],[139.5862491,35.68247617],[139.58596243,35.6825226],[139.58549658,35.68263093],[139.58558617,35.68267736],[139.58585493,35.68273926],[139.58605202,35.68275474],[139.58621327,35.68278569],[139.58637452,35.68281664],[139.58667912,35.68280116],[139.58723455,35.68272379],[139.58727038,35.68270831],[139.58753914,35.68267736],[139.58764664,35.68266188],[139.58793332,35.68261546],[139.58839917,35.68255355],[139.58856042,35.68253808],[139.58865001,35.6825226],[139.58884709,35.68250713],[139.58924127,35.68244522],[139.58938461,35.68242975],[139.58986837,35.68235237],[139.59112258,35.68219761],[139.59158842,35.68210476],[139.59166009,35.68210476],[139.59167801,35.68210476],[139.59169592,35.68210476],[139.59189301,35.68210476],[139.59207219,35.68208928],[139.59225136,35.68205833],[139.59234094,35.68202738],[139.59237678,35.6820119],[139.59275304,35.68190357],[139.5930218,35.68181072],[139.59330847,35.68173334],[139.5933443,35.68176429],[139.59366681,35.68195],[139.59379223,35.68199643],[139.59404307,35.68210476],[139.59418641,35.68213571]]]]}},{"type":"Feature","properties":{"OBJECTID":105,"N03_001":"東京都","N03_002":null,"N03_003":null,"N03_004":"渋谷区","N03_007":"13113","Shape_Leng":0.223195307182127,"Shape_Area":0.001504177245096,"id":"gci:13113A1968"},"geometry":{"type":"MultiPolygon","coordinates":[[[[139.7165607,35.67343837],[139.71661445,35.67331456],[139.71666821,35.67322171],[139.71666821,35.67320623],[139.71681154,35.67292767],[139.71684738,35.67286577],[139.71690113,35.67277291],[139.71693696,35.67269554],[139.71700863,35.67257173],[139.71681154,35.67247888],[139.71666821,35.67241697],[139.7165607,35.67237055],[139.71654279,35.67237055],[139.71620236,35.67247888],[139.71613069,35.67250983],[139.71607694,35.67254078],[139.71570068,35.67271101],[139.71546776,35.67280387],[139.71493024,35.67298957],[139.71466148,35.67261816],[139.71455398,35.67255626],[139.71450023,35.6724634],[139.71433897,35.67220031],[139.71460773,35.67207651],[139.71453606,35.67192175],[139.71451814,35.6718908],[139.71451814,35.67184437],[139.71430314,35.67155034],[139.71423147,35.67142653],[139.71423147,35.67113249],[139.71401646,35.6708694],[139.71383729,35.67051346],[139.71372979,35.67031228],[139.71408813,35.67004919],[139.71417772,35.66998729],[139.71419564,35.66997181],[139.71430314,35.66990991],[139.71460773,35.66970873],[139.71471523,35.66958492],[139.71466148,35.6695385],[139.71453606,35.66936826],[139.71439272,35.66918255],[139.71381938,35.66935279],[139.71347895,35.66898137],[139.71288768,35.66834687],[139.71267268,35.66809926],[139.71179473,35.66712429],[139.71156181,35.6668612],[139.71150806,35.66681477],[139.71138264,35.66678382],[139.71127514,35.66666002],[139.7110243,35.66636598],[139.71100638,35.66636598],[139.71095263,35.6662886],[139.71084512,35.6662267],[139.7107197,35.66616479],[139.71070179,35.66616479],[139.7106122,35.66613384],[139.71055845,35.66611837],[139.71043303,35.66608742],[139.71025386,35.66602551],[139.71025386,35.66601004],[139.71016427,35.66596361],[139.70989551,35.6656541],[139.70959092,35.66532911],[139.70957301,35.66531363],[139.70953717,35.66528268],[139.70934008,35.66506602],[139.70932216,35.66503507],[139.70928633,35.66501959],[139.70871298,35.66438509],[139.70864131,35.66423033],[139.7086234,35.66419938],[139.70860548,35.66415295],[139.70856964,35.6640601],[139.70932216,35.6635494],[139.70994927,35.66314703],[139.71002093,35.66308513],[139.71003885,35.66306966],[139.71023594,35.66289942],[139.71027177,35.662853],[139.71054053,35.66252801],[139.71107805,35.6618935],[139.71154389,35.66136733],[139.7116514,35.661259],[139.71183057,35.66102686],[139.71200974,35.66087211],[139.712171,35.66073283],[139.71231433,35.66063997],[139.71236808,35.66060902],[139.71240392,35.66059354],[139.7127981,35.66034593],[139.71283393,35.66031498],[139.71286977,35.66028403],[139.71326394,35.6600519],[139.71378354,35.65975786],[139.71376562,35.65968048],[139.71344311,35.65910788],[139.71337145,35.65901502],[139.71328186,35.65890669],[139.71303102,35.65862813],[139.71286977,35.65844242],[139.71297727,35.658396],[139.71310269,35.65833409],[139.71319227,35.65828767],[139.71367604,35.65802458],[139.71369395,35.6580091],[139.7139448,35.6578234],[139.71428522,35.65751388],[139.71446439,35.65734365],[139.71458981,35.65728175],[139.71475107,35.65721984],[139.71498399,35.65714246],[139.71516316,35.65711151],[139.71521691,35.65709604],[139.71577235,35.65698771],[139.71618444,35.65694128],[139.71625611,35.65694128],[139.71630986,35.65692581],[139.71648903,35.65691033],[139.71666821,35.65689485],[139.71672196,35.65689485],[139.71751031,35.65667819],[139.71785074,35.65655439],[139.71804783,35.65698771],[139.71819117,35.65692581],[139.71847784,35.65683295],[139.72016205,35.6562294],[139.72154168,35.65574965],[139.72172085,35.65568775],[139.72197169,35.65561037],[139.72204336,35.6555949],[139.72209711,35.65561037],[139.72216878,35.65562585],[139.72227628,35.65570323],[139.72238378,35.65576513],[139.72252712,35.65585798],[139.72259879,35.65591989],[139.72265254,35.65596631],[139.72279588,35.65607464],[139.72276004,35.65593536],[139.72272421,35.65587346],[139.72270629,35.65581156],[139.72261671,35.6556568],[139.72252712,35.65551752],[139.72206127,35.65486754],[139.72163126,35.65398542],[139.72157751,35.65383067],[139.72155959,35.65373781],[139.72155959,35.65361401],[139.7216671,35.65304141],[139.72173877,35.65265451],[139.72181043,35.65248428],[139.7218821,35.65239143],[139.72195377,35.65236048],[139.72200752,35.65236048],[139.72216878,35.652345],[139.72218669,35.652345],[139.7224017,35.65232952],[139.72241962,35.65220572],[139.72249129,35.65104504],[139.7225092,35.65084386],[139.7225092,35.65079743],[139.72252712,35.65067363],[139.72254504,35.65051887],[139.72254504,35.65045697],[139.72258087,35.65028673],[139.72263462,35.64999269],[139.72263462,35.64996174],[139.72265254,35.64991532],[139.72270629,35.64968318],[139.72277796,35.64943557],[139.72295713,35.64877012],[139.7230288,35.64847608],[139.72311839,35.64822847],[139.72327964,35.64779515],[139.72326173,35.64773324],[139.72324381,35.64770229],[139.72311839,35.64743921],[139.72311839,35.64742373],[139.72308255,35.64734635],[139.72304672,35.64726897],[139.72301088,35.64720707],[139.72301088,35.64719159],[139.72297505,35.64711422],[139.72319006,35.64695946],[139.72336923,35.64682018],[139.72356632,35.64669637],[139.72349465,35.64658804],[139.72345881,35.64654162],[139.72331548,35.64634043],[139.72311839,35.64601544],[139.72293922,35.64570593],[139.72276004,35.64548927],[139.72279588,35.64531904],[139.7228138,35.64517975],[139.72284963,35.64499405],[139.72286755,35.64494762],[139.72276004,35.64477739],[139.72268838,35.64468453],[139.72263462,35.64459168],[139.72249129,35.64439049],[139.7224017,35.64439049],[139.72236587,35.64440597],[139.72231212,35.64440597],[139.72224045,35.64440597],[139.72222253,35.64440597],[139.72191794,35.64440597],[139.72190002,35.64440597],[139.72145209,35.64440597],[139.72143417,35.64440597],[139.72130875,35.64440597],[139.72095041,35.64395717],[139.72064582,35.64355481],[139.72060998,35.6434929],[139.7205204,35.64338457],[139.72017997,35.64290483],[139.72005455,35.64273459],[139.72001872,35.64270364],[139.71994705,35.64261079],[139.71969621,35.64225485],[139.71957079,35.64211557],[139.71955287,35.64211557],[139.71953495,35.64208462],[139.71944537,35.64200724],[139.71919453,35.64185248],[139.71888994,35.64168225],[139.71883618,35.64168225],[139.71880035,35.64166677],[139.71876451,35.6416513],[139.71867493,35.6416513],[139.71838825,35.64166677],[139.71763573,35.64166677],[139.71729531,35.6416513],[139.71725947,35.64166677],[139.71681154,35.64188343],[139.71666821,35.64194533],[139.71652487,35.64199176],[139.71647112,35.64205366],[139.71643528,35.64208462],[139.71639945,35.64211557],[139.71632778,35.64217747],[139.71613069,35.64237865],[139.7160411,35.64231675],[139.7159336,35.64223937],[139.71580818,35.6423477],[139.71575443,35.64240961],[139.7157186,35.64244056],[139.71564693,35.64245603],[139.71557526,35.64247151],[139.71552151,35.64254889],[139.71546776,35.64259531],[139.715414,35.64261079],[139.71539609,35.64261079],[139.71523483,35.64262626],[139.71494816,35.64257984],[139.71451814,35.64253341],[139.71430314,35.64250246],[139.71303102,35.64231675],[139.71261892,35.64223937],[139.71226058,35.64216199],[139.71213516,35.64214652],[139.71193807,35.64210009],[139.71188432,35.64210009],[139.7117589,35.64208462],[139.71163348,35.64205366],[139.71154389,35.64205366],[139.7110243,35.64197629],[139.71098846,35.64197629],[139.71095263,35.64196081],[139.71086304,35.64196081],[139.7107197,35.64192986],[139.71063012,35.64192986],[139.71054053,35.64185248],[139.71045095,35.64166677],[139.7103972,35.64157392],[139.71037928,35.64154297],[139.71034344,35.64146559],[139.71023594,35.64149654],[139.71011052,35.64157392],[139.7099851,35.64160487],[139.70971634,35.64166677],[139.70939383,35.64174415],[139.7086234,35.64200724],[139.70833672,35.64219295],[139.70796046,35.64244056],[139.70753045,35.64268817],[139.70742294,35.64281197],[139.70729752,35.64295125],[139.70674209,35.6433691],[139.7064375,35.64358576],[139.70615083,35.64375599],[139.70606124,35.64380242],[139.70546997,35.64412741],[139.7051833,35.64431312],[139.70475329,35.64459168],[139.7041441,35.64497857],[139.7034095,35.64550474],[139.70308699,35.64573688],[139.70258531,35.6461083],[139.70253156,35.64613925],[139.70244197,35.64621663],[139.70240614,35.6462321],[139.7021553,35.64640233],[139.70202988,35.64647971],[139.70201196,35.64649519],[139.70179695,35.64663447],[139.70177904,35.64664995],[139.70152819,35.64691303],[139.70131319,35.64706779],[139.70120569,35.64714517],[139.70109818,35.64723802],[139.70108027,35.64723802],[139.70027399,35.64774872],[139.70000523,35.64790348],[139.69987981,35.64798085],[139.69973648,35.64805823],[139.69970064,35.64808918],[139.6989302,35.64867726],[139.69869728,35.64886297],[139.69853603,35.64898677],[139.69821352,35.64928081],[139.69755058,35.64985341],[139.69738933,35.64999269],[139.69717432,35.65019388],[139.69686973,35.65045697],[139.69670848,35.65047244],[139.69658305,35.65048792],[139.69588429,35.6506891],[139.69593804,35.650751],[139.69588429,35.65095219],[139.69597387,35.65112242],[139.69600971,35.65116885],[139.69586637,35.6512617],[139.69565136,35.65141646],[139.6952751,35.65158669],[139.69518552,35.65172597],[139.69511385,35.65180335],[139.69495259,35.65214382],[139.69441508,35.65263904],[139.69427174,35.65276284],[139.69378798,35.65319616],[139.69375214,35.65321164],[139.69342963,35.6534902],[139.69321463,35.65366043],[139.69319671,35.65367591],[139.69312504,35.65372234],[139.69308921,35.65375329],[139.69303545,35.65379972],[139.69294587,35.65387709],[139.69289212,35.653939],[139.69289212,35.65395447],[139.69239044,35.65472826],[139.69231877,35.65485206],[139.6922471,35.65494492],[139.69196042,35.65537824],[139.691835,35.6555949],[139.69167375,35.65584251],[139.69167375,35.65585798],[139.69165583,35.65587346],[139.69163792,35.65590441],[139.69147666,35.65615202],[139.69113623,35.65664724],[139.69106457,35.65672462],[139.69106457,35.6567401],[139.69090331,35.65691033],[139.69079581,35.65701866],[139.69077789,35.65704961],[139.69040163,35.65754483],[139.69038371,35.65757578],[139.69032996,35.65766864],[139.69027621,35.65776149],[139.69020454,35.6578853],[139.69004329,35.65807101],[139.68982828,35.65833409],[139.68982828,35.65834957],[139.68963119,35.65848885],[139.68954161,35.65856623],[139.68950577,35.65861266],[139.6894341,35.65869003],[139.68934452,35.65884479],[139.68930868,35.65890669],[139.68927285,35.65893765],[139.68923701,35.65895312],[139.68920118,35.65895312],[139.68914743,35.65895312],[139.68912951,35.65895312],[139.68905784,35.65893765],[139.68900409,35.65892217],[139.6889145,35.65890669],[139.68884284,35.65890669],[139.68882492,35.65890669],[139.68878908,35.65890669],[139.68877117,35.65892217],[139.68873533,35.6589686],[139.68871742,35.65899955],[139.68868158,35.6590305],[139.68864575,35.6590924],[139.68841282,35.65952572],[139.68814407,35.66006737],[139.68830532,35.66019118],[139.68810823,35.66054712],[139.68803656,35.6607483],[139.68801865,35.66084116],[139.68782156,35.66104234],[139.68760655,35.66127447],[139.6874453,35.66146018],[139.68733779,35.66156851],[139.68717654,35.66169232],[139.68701528,35.66181612],[139.68687195,35.6618935],[139.68660319,35.66200183],[139.68653152,35.66201731],[139.6864061,35.66206374],[139.68626276,35.66209469],[139.68594025,35.66218754],[139.68565358,35.6623423],[139.68559983,35.66237325],[139.68540274,35.66251253],[139.68527732,35.66258991],[139.68502648,35.66266729],[139.68475772,35.66271371],[139.68443521,35.66277562],[139.68430979,35.66283752],[139.68423812,35.66286847],[139.68414854,35.6629149],[139.68398728,35.66293037],[139.68380811,35.66293037],[139.6834856,35.6629149],[139.68334226,35.66289942],[139.68325268,35.66288395],[139.68298392,35.66286847],[139.68271516,35.66288395],[139.68244641,35.66293037],[139.6822314,35.6629768],[139.68203431,35.6630387],[139.68187306,35.66310061],[139.68122804,35.66334822],[139.68106678,35.66341012],[139.68043968,35.6636113],[139.679938,35.66376606],[139.67965133,35.66381249],[139.67947215,35.66382796],[139.67934673,35.66384344],[139.67889881,35.66387439],[139.6787913,35.66388987],[139.67834337,35.66393629],[139.67787753,35.66395177],[139.67717876,35.66390534],[139.67646207,35.66384344],[139.67585289,35.66382796],[139.67544079,35.66381249],[139.67520787,35.66382796],[139.67504661,35.66385892],[139.6750287,35.66387439],[139.67501078,35.66387439],[139.67499286,35.66387439],[139.67499286,35.66388987],[139.67483161,35.66393629],[139.67470619,35.66401367],[139.67452702,35.66415295],[139.67443743,35.66426128],[139.67434784,35.66433866],[139.67429409,35.66441604],[139.67424034,35.66452437],[139.67418659,35.66460175],[139.67411492,35.66475651],[139.6739895,35.66500412],[139.67384616,35.66525173],[139.67370283,35.66554577],[139.67363116,35.66568505],[139.67355949,35.66580885],[139.67350574,35.66591718],[139.67334448,35.66619575],[139.67330865,35.66625765],[139.67329073,35.66630408],[139.67316531,35.66656716],[139.67311156,35.66666002],[139.67293239,35.66712429],[139.67291447,35.66715524],[139.67286072,35.66731],[139.67282488,35.66740285],[139.67280697,35.66748023],[139.67277113,35.66771236],[139.67277113,35.66772784],[139.67277113,35.66774331],[139.67268155,35.66813021],[139.67264571,35.66833139],[139.67264571,35.66840877],[139.67264571,35.668579],[139.67264571,35.66868733],[139.67257404,35.66905875],[139.67252029,35.66930636],[139.67252029,35.66933731],[139.67250237,35.66936826],[139.67246654,35.66952302],[139.67243071,35.66973968],[139.67239487,35.66983253],[139.67237695,35.66990991],[139.67234112,35.66998729],[139.67237695,35.67020395],[139.67239487,35.67042061],[139.67239487,35.67046704],[139.67241279,35.67066822],[139.67246654,35.67116344],[139.67250237,35.67139558],[139.67255613,35.67165867],[139.67269946,35.67227769],[139.67269946,35.67229317],[139.67239487,35.67224674],[139.67225153,35.67223127],[139.67212611,35.67220031],[139.6718036,35.67213841],[139.67162443,35.67209198],[139.67160652,35.67209198],[139.67144526,35.67206103],[139.67087191,35.67198365],[139.67085399,35.67196818],[139.67083608,35.67196818],[139.67078233,35.67196818],[139.67060315,35.67193723],[139.67026273,35.6718289],[139.67015522,35.67181342],[139.67013731,35.67181342],[139.67010147,35.67179795],[139.67006564,35.67179795],[139.6699223,35.67178247],[139.66915186,35.6718289],[139.66872185,35.67185985],[139.6686681,35.67185985],[139.66861435,35.67187532],[139.66847101,35.67187532],[139.668256,35.67184437],[139.66732431,35.67170509],[139.66705555,35.67170509],[139.6670018,35.67170509],[139.66685847,35.67170509],[139.66666138,35.67170509],[139.66628512,35.67168962],[139.66610594,35.67168962],[139.66607011,35.67168962],[139.66603428,35.67167414],[139.66486966,35.67159676],[139.66431423,35.67156581],[139.66424256,35.67155034],[139.66383046,35.67153486],[139.66370504,35.67151938],[139.66316753,35.67148843],[139.66309586,35.67148843],[139.66297044,35.67148843],[139.66275543,35.67147296],[139.66250459,35.67147296],[139.66205666,35.67144201],[139.66198499,35.67148843],[139.66194916,35.67153486],[139.66191333,35.67156581],[139.66185957,35.67164319],[139.66176999,35.67187532],[139.66176999,35.6718908],[139.66176999,35.67190628],[139.66175207,35.67207651],[139.66173415,35.67216936],[139.66173415,35.67218484],[139.66173415,35.67229317],[139.66173415,35.67238602],[139.66175207,35.6725253],[139.66180582,35.67280387],[139.66180582,35.67281934],[139.66182374,35.67298957],[139.66184166,35.67312886],[139.66189541,35.67326814],[139.66191333,35.67329909],[139.66198499,35.67334552],[139.6620925,35.67342289],[139.66214625,35.67367051],[139.6620925,35.67374788],[139.6620925,35.67376336],[139.66207458,35.67377883],[139.66196708,35.67421215],[139.66187749,35.67438239],[139.66185957,35.67444429],[139.66180582,35.67452167],[139.66166248,35.67445977],[139.66159082,35.67464547],[139.66159082,35.6747538],[139.66164457,35.67483118],[139.66180582,35.67500141],[139.66184166,35.67503237],[139.66187749,35.67512522],[139.66189541,35.67515617],[139.66191333,35.67521807],[139.66196708,35.6753264],[139.66196708,35.67548116],[139.66205666,35.67562044],[139.66218208,35.67569782],[139.66228959,35.67572877],[139.66232542,35.67574425],[139.66246876,35.67579068],[139.66311378,35.67599186],[139.66314961,35.67600733],[139.66318544,35.67602281],[139.66347212,35.67613114],[139.66383046,35.67625495],[139.6638663,35.67627042],[139.66390213,35.6762859],[139.6640813,35.6763478],[139.66411714,35.6763478],[139.6643859,35.67644065],[139.66469049,35.67659541],[139.6647084,35.67661089],[139.66474424,35.67662636],[139.66499508,35.67675017],[139.66538926,35.6769823],[139.66547884,35.67705968],[139.66551468,35.67712158],[139.66553259,35.67715254],[139.66555051,35.67718349],[139.6656401,35.67729182],[139.66598052,35.67786442],[139.6661597,35.6781275],[139.66621345,35.67818941],[139.66630303,35.67832869],[139.66666138,35.67873106],[139.66666138,35.67874653],[139.66667929,35.67876201],[139.66669721,35.67877748],[139.66716306,35.67931913],[139.66721681,35.67938104],[139.6676289,35.67976793],[139.6676289,35.6797834],[139.66768266,35.67979888],[139.66777224,35.67986078],[139.66784391,35.67995364],[139.66796933,35.68001554],[139.66813058,35.68007744],[139.66830976,35.6801703],[139.66838142,35.68018577],[139.66847101,35.6802322],[139.66890102,35.68052624],[139.66900853,35.68060362],[139.66922353,35.68069647],[139.66951021,35.68082028],[139.67008356,35.68108336],[139.67108692,35.68142383],[139.67112275,35.6814393],[139.67115859,35.6814393],[139.67130192,35.68148573],[139.67137359,35.68154763],[139.67140943,35.68157858],[139.67189319,35.68199643],[139.67191111,35.6820119],[139.67194694,35.68204286],[139.67212611,35.68219761],[139.67241279,35.6824607],[139.67243071,35.68247617],[139.67246654,35.68249165],[139.67280697,35.68280116],[139.67289655,35.68286307],[139.67291447,35.68289402],[139.6733624,35.68321901],[139.67339823,35.68328091],[139.67341615,35.68331186],[139.67343407,35.68332734],[139.67348782,35.68340472],[139.67354157,35.68351305],[139.67363116,35.68355947],[139.6739895,35.68365233],[139.67431201,35.68393089],[139.67449118,35.68413207],[139.6746166,35.68419398],[139.67465244,35.68422493],[139.67474202,35.68427135],[139.67499286,35.68447254],[139.67501078,35.68447254],[139.67506453,35.68450349],[139.67515412,35.68467372],[139.67518995,35.68472015],[139.6752437,35.684813],[139.67556621,35.6853856],[139.67583497,35.68586535],[139.67592455,35.68588083],[139.67613956,35.68611296],[139.67615748,35.68612844],[139.67621123,35.68617487],[139.67624706,35.68619034],[139.67631873,35.68626772],[139.6764979,35.68642248],[139.67653374,35.68643795],[139.67656957,35.68648438],[139.67678458,35.68667009],[139.67708917,35.68684032],[139.6775371,35.68718079],[139.67791336,35.6874284],[139.67796711,35.68745935],[139.67807462,35.68750577],[139.6781642,35.68758315],[139.67900631,35.68824861],[139.67916756,35.68844979],[139.67918548,35.68846527],[139.67923923,35.68854265],[139.67943632,35.68874383],[139.67947215,35.68875931],[139.67952591,35.68880573],[139.67956174,35.68882121],[139.67957966,35.68883668],[139.67963341,35.68886764],[139.67977675,35.68902239],[139.6798305,35.68909977],[139.67984842,35.68913072],[139.67986633,35.68916167],[139.67992008,35.68923905],[139.6800455,35.68936286],[139.68008134,35.68940928],[139.68009926,35.68947119],[139.68015301,35.68954857],[139.68033218,35.68979618],[139.68043968,35.68985808],[139.6804576,35.68987356],[139.68052927,35.68991998],[139.68072636,35.69002831],[139.68083386,35.69010569],[139.68104887,35.6902295],[139.68156846,35.69052353],[139.68178347,35.69066282],[139.68180139,35.69069377],[139.68190889,35.69075567],[139.68214181,35.69091043],[139.68255391,35.69114256],[139.68273308,35.69125089],[139.68293017,35.6913747],[139.68298392,35.69142113],[139.68301976,35.6914366],[139.68303767,35.69145208],[139.68321684,35.69160683],[139.68325268,35.69162231],[139.68330643,35.69166874],[139.68334226,35.69168421],[139.6833781,35.69171516],[139.68346768,35.69183897],[139.68362894,35.69196277],[139.68398728,35.69199373],[139.68445313,35.69202468],[139.68420229,35.69168421],[139.68423812,35.69166874],[139.68445313,35.69157588],[139.68448896,35.69156041],[139.6845248,35.69154493],[139.68481147,35.69142113],[139.68481147,35.69123542],[139.6847398,35.69101876],[139.68448896,35.69052353],[139.68448896,35.69049258],[139.68441729,35.69036878],[139.68429187,35.69038425],[139.68405895,35.69038425],[139.68387978,35.69002831],[139.68379019,35.68990451],[139.68375436,35.6898426],[139.68368269,35.6897188],[139.68336018,35.68937833],[139.68334226,35.68934738],[139.68334226,35.68931643],[139.68334226,35.68930096],[139.68332435,35.68928548],[139.68328851,35.68909977],[139.68325268,35.68900692],[139.68321684,35.68871288],[139.68334226,35.68844979],[139.68334226,35.68843432],[139.68334226,35.68841884],[139.68361102,35.68809385],[139.68364686,35.68803195],[139.68368269,35.688001],[139.68380811,35.68776886],[139.68384394,35.68775339],[139.68395145,35.68769148],[139.68418437,35.6875522],[139.68581483,35.68786172],[139.68586859,35.68787719],[139.68597609,35.68789267],[139.68611943,35.68735102],[139.68613734,35.68728912],[139.68592234,35.68721174],[139.68592234,35.68710341],[139.68594025,35.68682484],[139.68594025,35.68676294],[139.68594025,35.68674747],[139.68592234,35.68654628],[139.68592234,35.68648438],[139.68592234,35.6864689],[139.68590442,35.68645343],[139.68590442,35.68642248],[139.68579692,35.68619034],[139.68563566,35.68612844],[139.68559983,35.68611296],[139.68556399,35.68609749],[139.6852594,35.68598916],[139.6851519,35.68594273],[139.68500856,35.68588083],[139.68499064,35.68588083],[139.68493689,35.68574155],[139.68518773,35.68547846],[139.68522357,35.6853237],[139.68524148,35.6852618],[139.68542066,35.68458087],[139.68543857,35.68454992],[139.68561775,35.68393089],[139.68563566,35.68386899],[139.68565358,35.68379161],[139.68594025,35.68340472],[139.68601192,35.68332734],[139.68663902,35.68261546],[139.68701528,35.68218214],[139.68719446,35.68198095],[139.68723029,35.68195],[139.68737363,35.6818262],[139.68757072,35.68168691],[139.68758863,35.68167144],[139.68762447,35.68162501],[139.68767822,35.68159406],[139.68819782,35.68190357],[139.68834116,35.68198095],[139.68839491,35.68202738],[139.68852033,35.68212023],[139.68860991,35.68219761],[139.68864575,35.68221309],[139.688807,35.68233689],[139.68886075,35.68238332],[139.68889659,35.6823988],[139.68909368,35.68256903],[139.69015079,35.68332734],[139.69025829,35.68342019],[139.69031204,35.68345114],[139.69041955,35.68352852],[139.6904733,35.68355947],[139.69070622,35.68369875],[139.69088539,35.68380708],[139.69102873,35.68388446],[139.69124374,35.68400827],[139.69127957,35.68402374],[139.69133332,35.6840547],[139.69138707,35.68408565],[139.69167375,35.68428683],[139.69187084,35.68442611],[139.69203209,35.68454992],[139.69210376,35.68461182],[139.69244419,35.68484396],[139.69260544,35.68496776],[139.69283837,35.68515347],[139.69305337,35.68530823],[139.69346547,35.68558679],[139.69382381,35.6858344],[139.69446883,35.68628319],[139.69491676,35.68657723],[139.69502426,35.68665461],[139.69522135,35.68674747],[139.69545427,35.6868558],[139.69581262,35.68701055],[139.69597387,35.68707246],[139.69647555,35.68727364],[139.69661889,35.68732007],[139.69667264,35.68733554],[139.69688765,35.68741292],[139.69807018,35.68787719],[139.69814185,35.68790814],[139.69891229,35.68820218],[139.69903771,35.68824861],[139.69914521,35.68827956],[139.69919896,35.68831051],[139.69921688,35.68831051],[139.69959314,35.68843432],[139.69987981,35.68854265],[139.69998732,35.6885736],[139.70000523,35.6885736],[139.70016649,35.6886355],[139.70020232,35.68879026],[139.70036358,35.68882121],[139.70065025,35.68888311],[139.70082942,35.68892954],[139.70091901,35.68894501],[139.70127735,35.68902239],[139.70142069,35.68905334],[139.70149236,35.68906882],[139.70210154,35.68917715],[139.7022628,35.68855812],[139.70220905,35.68851169],[139.70219113,35.68844979],[139.70222696,35.68831051],[139.70235238,35.68798552],[139.70245989,35.688001],[139.70256739,35.688001],[139.70271073,35.68776886],[139.70292573,35.68779981],[139.7040366,35.68797005],[139.70405452,35.68797005],[139.70444869,35.68803195],[139.70452036,35.68804742],[139.70460995,35.6880629],[139.70462787,35.6880629],[139.70471745,35.68807838],[139.7047712,35.68809385],[139.70548789,35.6881248],[139.70559539,35.68809385],[139.70577456,35.68804742],[139.70584623,35.68797005],[139.70593582,35.68784624],[139.70609707,35.6875522],[139.70609707,35.68721174],[139.70618666,35.68702603],[139.70649125,35.68674747],[139.70670626,35.68654628],[139.70688543,35.6863451],[139.70711835,35.68614391],[139.70720794,35.68598916],[139.70720794,35.68592725],[139.70722586,35.68586535],[139.70724377,35.68581892],[139.70727961,35.68572607],[139.70729752,35.68537013],[139.70731544,35.68496776],[139.70733336,35.68461182],[139.70740503,35.68445706],[139.70770962,35.68436421],[139.70805005,35.6842404],[139.7083188,35.6841785],[139.70833672,35.6841785],[139.70865923,35.68422493],[139.70899966,35.68420945],[139.70921466,35.68413207],[139.70928633,35.6841166],[139.7094655,35.68397732],[139.70964467,35.68389994],[139.70982385,35.68383804],[139.7099851,35.68374518],[139.71016427,35.68363685],[139.71028969,35.68351305],[139.7103972,35.68346662],[139.71048678,35.68343567],[139.71055845,35.68340472],[139.71057637,35.68338924],[139.71077346,35.68337376],[139.71097054,35.68337376],[139.71116763,35.68337376],[139.71140056,35.68337376],[139.71145431,35.68332734],[139.71156181,35.68328091],[139.71184849,35.68304878],[139.71229642,35.68270831],[139.71263684,35.68247617],[139.71286977,35.68233689],[139.71321019,35.68210476],[139.71349687,35.68184167],[139.71356853,35.68176429],[139.71392688,35.68151668],[139.71408813,35.68139288],[139.71417772,35.68133097],[139.71444648,35.68111431],[139.71451814,35.68105241],[139.7147869,35.6808667],[139.71476899,35.68077385],[139.71473315,35.68058814],[139.71471523,35.68055719],[139.7146794,35.68046433],[139.71455398,35.6802322],[139.71448231,35.68009292],[139.71441064,35.67995364],[139.71430314,35.67976793],[139.71421355,35.67961317],[139.71396271,35.67917985],[139.71362229,35.6785763],[139.71349687,35.67835964],[139.7129056,35.67729182],[139.7129056,35.67704421],[139.7129056,35.67690492],[139.71292352,35.67656446],[139.71295935,35.67622399],[139.71295935,35.67610019],[139.71294143,35.67565139],[139.71292352,35.67524903],[139.71292352,35.67500141],[139.71288768,35.67461452],[139.71308477,35.67459905],[139.71369395,35.67461452],[139.71387313,35.67470738],[139.71466148,35.67500141],[139.71471523,35.67503237],[139.71485857,35.67507879],[139.71489441,35.67500141],[139.71509149,35.67464547],[139.71546776,35.67388716],[139.71600527,35.67401097],[139.71614861,35.67404192],[139.7165607,35.67343837]]]]}},{"type":"Feature","properties":{"OBJECTID":106,"N03_001":"東京都","N03_002":null,"N03_003":null,"N03_004":"中野区","N03_007":"13114","Shape_Leng":0.279366751357484,"Shape_Area":0.001553162558249,"id":"gci:13114A1968"},"geometry":{"type":"MultiPolygon","coordinates":[[[[139.67796711,35.73068296],[139.67796711,35.73066748],[139.67793128,35.73057463],[139.67791336,35.7305282],[139.67777002,35.73018774],[139.67750127,35.72973894],[139.6774296,35.72955323],[139.67734001,35.72936752],[139.6770175,35.72952228],[139.67699958,35.72936752],[139.67699958,35.72927467],[139.67698167,35.72919729],[139.67698167,35.72910444],[139.67696375,35.72901158],[139.67696375,35.72885683],[139.67694583,35.72876397],[139.67691,35.72845446],[139.67689208,35.72839256],[139.67687416,35.72834613],[139.67685625,35.7282997],[139.67683833,35.72822232],[139.67656957,35.72744854],[139.67647999,35.72727831],[139.67644415,35.7272164],[139.67642624,35.72716998],[139.67637248,35.72704617],[139.67619331,35.72672118],[139.67599622,35.72645809],[139.67592455,35.72630334],[139.67590664,35.72627239],[139.67579913,35.7260712],[139.67569163,35.72583907],[139.67561996,35.72562241],[139.67560205,35.72552955],[139.67556621,35.7254367],[139.67554829,35.72539027],[139.67551246,35.72528194],[139.67547663,35.72520456],[139.67545871,35.72515814],[139.67540496,35.72503433],[139.67538704,35.72500338],[139.67536912,35.72487957],[139.67536912,35.72475577],[139.67535121,35.72453911],[139.67522578,35.72404389],[139.67518995,35.72370342],[139.67526162,35.72353319],[139.67533329,35.72336296],[139.67554829,35.72291416],[139.67570955,35.72235704],[139.6757633,35.72195467],[139.67572747,35.72172253],[139.67569163,35.72150587],[139.67556621,35.72144397],[139.67501078,35.72147492],[139.67499286,35.72147492],[139.67463452,35.72150587],[139.6746166,35.72147492],[139.6746166,35.72145945],[139.67459868,35.72135112],[139.67458077,35.72125826],[139.67458077,35.72124279],[139.67445535,35.72071661],[139.67436576,35.72032972],[139.67436576,35.72026782],[139.67434784,35.72020591],[139.67434784,35.72019044],[139.67368491,35.72026782],[139.67352365,35.71963331],[139.67350574,35.71957141],[139.67348782,35.71955594],[139.67361324,35.71940118],[139.67372074,35.71927737],[139.67343407,35.71895238],[139.6734699,35.71885953],[139.67348782,35.71876667],[139.67352365,35.71865834],[139.6735774,35.71862739],[139.67499286,35.71907619],[139.67501078,35.71907619],[139.67522578,35.71915357],[139.6752437,35.71915357],[139.67527954,35.71918452],[139.67542287,35.71924642],[139.67542287,35.71947856],[139.67544079,35.71955594],[139.67544079,35.71981902],[139.67570955,35.71971069],[139.67574538,35.71947856],[139.6762829,35.71933928],[139.67635457,35.71950951],[139.67635457,35.71954046],[139.67637248,35.71958689],[139.67640832,35.71966426],[139.67678458,35.71954046],[139.6770175,35.71943213],[139.67721459,35.71929285],[139.67757293,35.71895238],[139.6780567,35.71848811],[139.67814628,35.71841073],[139.67828962,35.7182405],[139.67839712,35.71825598],[139.67846879,35.71825598],[139.67898839,35.71827145],[139.67909589,35.71827145],[139.67913173,35.7176679],[139.67923923,35.71720363],[139.67947215,35.71683221],[139.67954382,35.71666198],[139.67968716,35.71636794],[139.67961549,35.71605843],[139.67959758,35.71602748],[139.67959758,35.71599653],[139.67959758,35.71598105],[139.67954382,35.71565606],[139.67943632,35.71567154],[139.6794184,35.71568701],[139.67936465,35.71568701],[139.67929298,35.71570249],[139.6792034,35.71557868],[139.67914965,35.71540845],[139.67909589,35.71523822],[139.67911381,35.71511441],[139.67913173,35.71503703],[139.67916756,35.7149287],[139.67923923,35.71478942],[139.67927507,35.71469657],[139.6794184,35.71451086],[139.67959758,35.71434063],[139.67988425,35.71418587],[139.67992008,35.71421682],[139.679938,35.7142323],[139.68029634,35.71449538],[139.68070844,35.71449538],[139.68070844,35.71443348],[139.68070844,35.71409302],[139.68070844,35.71406206],[139.68085178,35.71403111],[139.68099511,35.71401564],[139.68129971,35.71401564],[139.68144304,35.71401564],[139.68146096,35.71395373],[139.68146096,35.71389183],[139.6814968,35.71362874],[139.68117429,35.71358232],[139.68117429,35.71328828],[139.68164013,35.71324185],[139.68185514,35.713149],[139.68183722,35.71311805],[139.68183722,35.7130871],[139.68183722,35.71305614],[139.68180139,35.71266925],[139.68162222,35.71222046],[139.68126387,35.71181809],[139.68121012,35.71175619],[139.68076219,35.71147762],[139.68043968,35.71132287],[139.6803501,35.71126096],[139.68038593,35.71121454],[139.68049343,35.71116811],[139.68051135,35.71115263],[139.68063677,35.71113716],[139.68069052,35.71112168],[139.68078011,35.71110621],[139.68083386,35.71109073],[139.68092345,35.71107526],[139.68121012,35.71101335],[139.68133554,35.71099788],[139.68144304,35.71096693],[139.68147888,35.71096693],[139.6817118,35.71087407],[139.68190889,35.71078122],[139.68194472,35.71076574],[139.68198056,35.71075027],[139.6821239,35.71067289],[139.68257183,35.71031695],[139.68262558,35.71025504],[139.68264349,35.71023957],[139.68267933,35.71022409],[139.68278683,35.71011576],[139.68307351,35.71019314],[139.68334226,35.71025504],[139.68405895,35.71039432],[139.6841127,35.7104098],[139.68416645,35.71042528],[139.68448896,35.71048718],[139.68457855,35.71050265],[139.6847398,35.71054908],[139.68488314,35.71058003],[139.68533107,35.71070384],[139.68542066,35.71071931],[139.68559983,35.71076574],[139.68604776,35.71087407],[139.68608359,35.71087407],[139.68610151,35.71088955],[139.68678236,35.7110443],[139.6868182,35.71105978],[139.68705112,35.71110621],[139.68746321,35.71119906],[139.68751697,35.71121454],[139.68785739,35.71129191],[139.68798281,35.71130739],[139.68857408,35.71138477],[139.68860991,35.71138477],[139.68896826,35.7114312],[139.68973869,35.71147762],[139.68977453,35.71147762],[139.68981036,35.71147762],[139.69007912,35.71147762],[139.6900612,35.71127644],[139.6900612,35.71126096],[139.6900612,35.71116811],[139.69004329,35.71082764],[139.69011496,35.71081217],[139.69015079,35.71079669],[139.69063455,35.71067289],[139.69104665,35.71051813],[139.6911004,35.71051813],[139.69129749,35.71053361],[139.69133332,35.71068836],[139.69142291,35.71096693],[139.69145874,35.71105978],[139.69145874,35.71107526],[139.69147666,35.71115263],[139.69153041,35.71132287],[139.69167375,35.71126096],[139.69178125,35.71121454],[139.691835,35.71119906],[139.69248002,35.7109205],[139.69262336,35.7108586],[139.69264128,35.7109205],[139.69273086,35.71116811],[139.69403882,35.71105978],[139.69421799,35.7110443],[139.69423591,35.7110443],[139.69430757,35.7110443],[139.69432549,35.7110443],[139.69430757,35.7109205],[139.69414632,35.71065741],[139.69398506,35.71042528],[139.69375214,35.71019314],[139.69346547,35.70993005],[139.69330421,35.70979077],[139.69321463,35.70971339],[139.69307129,35.70963602],[139.69242627,35.70943483],[139.69212168,35.70935745],[139.69203209,35.7093265],[139.69167375,35.70904794],[139.69147666,35.70890866],[139.69115415,35.70867652],[139.69077789,35.70847534],[139.69054497,35.70835153],[139.69052705,35.70833606],[139.69041955,35.70825868],[139.69011496,35.7081194],[139.68911159,35.70762418],[139.68898617,35.7075468],[139.68887867,35.70750037],[139.68877117,35.70740752],[139.68868158,35.70733014],[139.688592,35.70723728],[139.68846658,35.70708253],[139.68837699,35.70691229],[139.68830532,35.70677301],[139.68825157,35.70661826],[139.68821574,35.70657183],[139.68816198,35.70641707],[139.68809031,35.70613851],[139.68796489,35.70568971],[139.68792906,35.70556591],[139.68792906,35.70551948],[139.68792906,35.7053802],[139.68774989,35.70503973],[139.68762447,35.70462189],[139.68758863,35.70449809],[139.68757072,35.70437428],[139.68749905,35.70400286],[139.68746321,35.70316718],[139.68742738,35.70259458],[139.68739155,35.70222316],[139.68742738,35.70191364],[139.6874453,35.70178984],[139.68753488,35.70160413],[139.68764239,35.701372],[139.68789323,35.70096963],[139.68826949,35.70030417],[139.68837699,35.69999466],[139.68839491,35.69991728],[139.68841282,35.6997161],[139.68841282,35.69957682],[139.68841282,35.6993292],[139.68839491,35.6992054],[139.68837699,35.69906612],[139.6882874,35.69881851],[139.68819782,35.69864827],[139.68796489,35.69826138],[139.68746321,35.69770426],[139.68728404,35.69750307],[139.68719446,35.69734832],[139.68706904,35.69717808],[139.68665694,35.69637335],[139.68665694,35.69635787],[139.68654944,35.69614121],[139.68645985,35.6959555],[139.68624485,35.69546028],[139.68581483,35.69457817],[139.68568941,35.69434603],[139.68561775,35.69420675],[139.68542066,35.69399009],[139.68516982,35.69375795],[139.68506231,35.69363415],[139.68481147,35.69337106],[139.68459647,35.69318535],[139.68445313,35.69306155],[139.68402312,35.69276751],[139.68373644,35.69261275],[139.68380811,35.69255085],[139.68387978,35.69247347],[139.6838977,35.692458],[139.68391561,35.69244252],[139.68398728,35.69234967],[139.6840052,35.69221039],[139.6840052,35.69211753],[139.6840052,35.69210206],[139.68398728,35.69205563],[139.68398728,35.69199373],[139.68362894,35.69196277],[139.68346768,35.69183897],[139.6833781,35.69171516],[139.68334226,35.69168421],[139.68330643,35.69166874],[139.68325268,35.69162231],[139.68321684,35.69160683],[139.68303767,35.69145208],[139.68301976,35.6914366],[139.68298392,35.69142113],[139.68293017,35.6913747],[139.68273308,35.69125089],[139.68255391,35.69114256],[139.68214181,35.69091043],[139.68190889,35.69075567],[139.68180139,35.69069377],[139.68178347,35.69066282],[139.68156846,35.69052353],[139.68104887,35.6902295],[139.68083386,35.69010569],[139.68072636,35.69002831],[139.68052927,35.68991998],[139.6804576,35.68987356],[139.68043968,35.68985808],[139.68033218,35.68979618],[139.68015301,35.68954857],[139.68009926,35.68947119],[139.68008134,35.68940928],[139.6800455,35.68936286],[139.67992008,35.68923905],[139.67986633,35.68916167],[139.67984842,35.68913072],[139.6798305,35.68909977],[139.67977675,35.68902239],[139.67963341,35.68886764],[139.67957966,35.68883668],[139.67956174,35.68882121],[139.67952591,35.68880573],[139.67947215,35.68875931],[139.67943632,35.68874383],[139.67923923,35.68854265],[139.67918548,35.68846527],[139.67916756,35.68844979],[139.67900631,35.68824861],[139.6781642,35.68758315],[139.67807462,35.68750577],[139.67796711,35.68745935],[139.67791336,35.6874284],[139.6775371,35.68718079],[139.67708917,35.68684032],[139.67678458,35.68667009],[139.67656957,35.68648438],[139.67653374,35.68643795],[139.6764979,35.68642248],[139.67631873,35.68626772],[139.67624706,35.68619034],[139.67621123,35.68617487],[139.67615748,35.68612844],[139.67613956,35.68611296],[139.67592455,35.68588083],[139.67583497,35.68586535],[139.67556621,35.6853856],[139.6752437,35.684813],[139.67518995,35.68472015],[139.67515412,35.68467372],[139.67506453,35.68450349],[139.67501078,35.68447254],[139.67499286,35.68447254],[139.67474202,35.68427135],[139.67465244,35.68422493],[139.6746166,35.68419398],[139.67449118,35.68413207],[139.67431201,35.68393089],[139.6739895,35.68365233],[139.67363116,35.68355947],[139.67354157,35.68351305],[139.67348782,35.68340472],[139.67343407,35.68332734],[139.67341615,35.68331186],[139.67339823,35.68328091],[139.6733624,35.68321901],[139.67291447,35.68289402],[139.67289655,35.68286307],[139.67280697,35.68280116],[139.67246654,35.68249165],[139.67243071,35.68247617],[139.67241279,35.6824607],[139.67212611,35.68219761],[139.67194694,35.68204286],[139.67191111,35.6820119],[139.67189319,35.68199643],[139.67140943,35.68157858],[139.67137359,35.68154763],[139.67130192,35.68148573],[139.67115859,35.6814393],[139.67112275,35.6814393],[139.67108692,35.68142383],[139.67008356,35.68108336],[139.66951021,35.68082028],[139.66922353,35.68069647],[139.66900853,35.68060362],[139.66890102,35.68052624],[139.66847101,35.6802322],[139.66838142,35.68018577],[139.66830976,35.6801703],[139.66813058,35.68007744],[139.66796933,35.68001554],[139.66784391,35.67995364],[139.66777224,35.67986078],[139.66768266,35.67979888],[139.6676289,35.6797834],[139.6676289,35.67976793],[139.66721681,35.67938104],[139.66716306,35.67931913],[139.66669721,35.67877748],[139.66667929,35.67876201],[139.66666138,35.67874653],[139.66666138,35.67873106],[139.66630303,35.67832869],[139.66621345,35.67818941],[139.6661597,35.6781275],[139.66598052,35.67786442],[139.6656401,35.67729182],[139.66555051,35.67718349],[139.66553259,35.67715254],[139.66551468,35.67712158],[139.66547884,35.67705968],[139.66538926,35.6769823],[139.66499508,35.67675017],[139.66474424,35.67662636],[139.6647084,35.67661089],[139.66469049,35.67659541],[139.6643859,35.67644065],[139.66411714,35.6763478],[139.6640813,35.67650256],[139.6640813,35.67653351],[139.66406339,35.67656446],[139.66392005,35.67710611],[139.66390213,35.67716801],[139.66388421,35.67719896],[139.6638663,35.67722991],[139.66384838,35.67730729],[139.66357962,35.67727634],[139.66356171,35.67727634],[139.66352587,35.67727634],[139.66347212,35.67727634],[139.66329295,35.67729182],[139.6632392,35.67789537],[139.66336462,35.67786442],[139.66341837,35.67784894],[139.6634542,35.67784894],[139.6639738,35.67770966],[139.66458298,35.67763228],[139.66481591,35.67761681],[139.66486966,35.67766323],[139.66490549,35.67770966],[139.66490549,35.67825131],[139.66490549,35.67834416],[139.66492341,35.67870011],[139.66497716,35.67888581],[139.66497716,35.67891677],[139.66499508,35.67900962],[139.66456507,35.67900962],[139.66452923,35.67900962],[139.66415297,35.67900962],[139.66415297,35.67938104],[139.6640813,35.67941199],[139.66404547,35.67944294],[139.66402755,35.67944294],[139.66384838,35.67945841],[139.66381255,35.67945841],[139.66350795,35.67945841],[139.66327503,35.67944294],[139.66300627,35.67944294],[139.66257626,35.67942746],[139.66248667,35.67953579],[139.66246876,35.67955127],[139.66211041,35.67995364],[139.66173415,35.68026315],[139.66164457,35.68030958],[139.66159082,35.68032505],[139.6614654,35.68040243],[139.66137581,35.68037148],[139.66103538,35.6802941],[139.6608383,35.6802322],[139.66008577,35.67992269],[139.65992452,35.67986078],[139.6597991,35.67987626],[139.65965576,35.67992269],[139.65965576,35.68001554],[139.65965576,35.68006197],[139.65967368,35.68015482],[139.65967368,35.6802322],[139.65967368,35.68027863],[139.65967368,35.6802941],[139.6596916,35.68043338],[139.6599066,35.68055719],[139.66008577,35.68066552],[139.66019328,35.6807429],[139.66040828,35.6808667],[139.66047995,35.68092861],[139.6603187,35.68111431],[139.66008577,35.68119169],[139.65997827,35.68125359],[139.65992452,35.68134645],[139.65983493,35.68157858],[139.6597991,35.6818262],[139.6592795,35.68190357],[139.65929742,35.68202738],[139.65936909,35.68232142],[139.659387,35.68236784],[139.65940492,35.6824607],[139.65944076,35.68272379],[139.65945867,35.68281664],[139.65947659,35.68290949],[139.65947659,35.68295592],[139.65949451,35.6829714],[139.65951242,35.68318806],[139.65953034,35.68326543],[139.65954826,35.68332734],[139.65961993,35.6836059],[139.65961993,35.68365233],[139.65963784,35.68371423],[139.66008577,35.68369875],[139.66013953,35.68371423],[139.66024703,35.68383804],[139.66028286,35.68402374],[139.66040828,35.68413207],[139.6604262,35.68414755],[139.66046203,35.6841785],[139.66046203,35.68419398],[139.66047995,35.68422493],[139.66049787,35.68422493],[139.66055162,35.68428683],[139.66055162,35.68433326],[139.66056954,35.68442611],[139.66055162,35.6846892],[139.66047995,35.68484396],[139.66035453,35.68493681],[139.66030078,35.68496776],[139.66024703,35.68501419],[139.66019328,35.68506062],[139.65988868,35.68487491],[139.65985285,35.68484396],[139.65981702,35.68482848],[139.65965576,35.68473563],[139.65963784,35.68516895],[139.65965576,35.68537013],[139.65935117,35.6853856],[139.65936909,35.68574155],[139.659387,35.68584988],[139.659387,35.6858963],[139.659387,35.68605106],[139.65926158,35.68654628],[139.65924367,35.68660818],[139.65922575,35.68668556],[139.66055162,35.68674747],[139.66080246,35.68676294],[139.66092788,35.68677842],[139.66099955,35.68679389],[139.66123247,35.6868558],[139.66141164,35.68693317],[139.66148331,35.68696413],[139.66175207,35.68710341],[139.66189541,35.68718079],[139.66202083,35.68725816],[139.66223583,35.68735102],[139.66239709,35.6874284],[139.66266585,35.68758315],[139.66307794,35.68781529],[139.66318544,35.68787719],[139.6634542,35.6880629],[139.66352587,35.6881248],[139.66365129,35.68834146],[139.66375879,35.68855812],[139.66379463,35.6886974],[139.66383046,35.68880573],[139.66383046,35.68883668],[139.6638663,35.68891406],[139.66393797,35.68900692],[139.66411714,35.68919263],[139.66443965,35.68936286],[139.66472632,35.68951761],[139.66519217,35.68976523],[139.66551468,35.68995093],[139.66571177,35.69007474],[139.66641054,35.69043068],[139.66666138,35.69067829],[139.66676888,35.69078662],[139.66687638,35.69087948],[139.66685847,35.6909259],[139.66682263,35.69106518],[139.6667868,35.69114256],[139.6667868,35.69117351],[139.6667868,35.69121994],[139.66675096,35.69151398],[139.6670018,35.69154493],[139.66714514,35.69159136],[139.66732431,35.69166874],[139.66753932,35.69174611],[139.6675214,35.69183897],[139.6675214,35.69186992],[139.66746765,35.6920711],[139.66746765,35.69211753],[139.66744973,35.69214848],[139.66744973,35.69219491],[139.66739598,35.69247347],[139.66730639,35.69273656],[139.66730639,35.69276751],[139.66728848,35.69279846],[139.66727056,35.69293774],[139.66721681,35.69330916],[139.66736015,35.6935413],[139.66737806,35.69357225],[139.66744973,35.69368058],[139.66777224,35.69378891],[139.66771849,35.69385081],[139.66770057,35.69388176],[139.66768266,35.69391271],[139.66759307,35.69406747],[139.66750348,35.69403652],[139.66746765,35.69402104],[139.6674139,35.69400557],[139.66718097,35.69394366],[139.66707347,35.69391271],[139.66666138,35.69374248],[139.66662554,35.69381986],[139.66658971,35.69389724],[139.66658971,35.69391271],[139.6663747,35.69425318],[139.66630303,35.69437698],[139.66617761,35.69456269],[139.6661597,35.69460912],[139.66612386,35.69470197],[139.66608803,35.69476387],[139.66605219,35.69482578],[139.66599844,35.69496506],[139.66590885,35.69491863],[139.66587302,35.69488768],[139.66580135,35.69484125],[139.66572968,35.69482578],[139.66542509,35.69476387],[139.66510258,35.69542933],[139.66504883,35.69546028],[139.66483382,35.69539838],[139.66472632,35.69552218],[139.6647084,35.69555314],[139.66463674,35.69564599],[139.66436798,35.69549123],[139.66377671,35.69542933],[139.66374088,35.69542933],[139.66370504,35.69542933],[139.6632392,35.69539838],[139.66289877,35.69535195],[139.66277335,35.69533648],[139.66273752,35.69533648],[139.66270168,35.69533648],[139.66232542,35.69527457],[139.6620925,35.6952591],[139.66207458,35.6952591],[139.66202083,35.6952591],[139.66151915,35.69521267],[139.66150123,35.69521267],[139.66148331,35.69521267],[139.66144748,35.69521267],[139.6611608,35.69519719],[139.66114289,35.69535195],[139.66110705,35.69549123],[139.66103538,35.69567694],[139.66098163,35.69575432],[139.66096372,35.69578527],[139.6609458,35.69581622],[139.66080246,35.69601741],[139.66069496,35.69620311],[139.66069496,35.69621859],[139.66067704,35.69623407],[139.66060537,35.69643525],[139.66062329,35.6965281],[139.66080246,35.69655906],[139.66090996,35.69659001],[139.66090996,35.69663643],[139.66090996,35.69668286],[139.66090996,35.69680667],[139.66092788,35.69686857],[139.66098163,35.69688404],[139.66101747,35.69689952],[139.66103538,35.6969769],[139.66103538,35.69700785],[139.6610533,35.69705428],[139.66107122,35.69719356],[139.66133998,35.69722451],[139.66135789,35.69722451],[139.66141164,35.69723999],[139.6614654,35.69723999],[139.66171624,35.69727094],[139.66171624,35.69733284],[139.66175207,35.69741022],[139.66178791,35.69750307],[139.66182374,35.69759593],[139.66187749,35.69776616],[139.66202083,35.69810662],[139.66223583,35.69855542],[139.66239709,35.69892684],[139.66248667,35.69911254],[139.66252251,35.69918992],[139.66254043,35.69923635],[139.66212833,35.69943753],[139.66193124,35.69965419],[139.66191333,35.69973157],[139.66189541,35.6998399],[139.66196708,35.69997918],[139.66198499,35.69999466],[139.66198499,35.70001013],[139.66196708,35.70011846],[139.66185957,35.70022679],[139.66178791,35.70030417],[139.66175207,35.70033512],[139.66166248,35.70039703],[139.66164457,35.70050536],[139.66160873,35.70078392],[139.66160873,35.7008613],[139.66153706,35.70135652],[139.6614654,35.70138747],[139.66108914,35.7014339],[139.66101747,35.70216126],[139.66098163,35.70223863],[139.66096372,35.70228506],[139.66096372,35.70231601],[139.6609458,35.70236244],[139.66090996,35.70243982],[139.66099955,35.70253267],[139.66103538,35.70261005],[139.66103538,35.70267195],[139.66099955,35.70295052],[139.66099955,35.70299694],[139.66099955,35.70312075],[139.66098163,35.70326003],[139.66098163,35.70329098],[139.66098163,35.70333741],[139.66098163,35.70344574],[139.66098163,35.70356954],[139.66096372,35.70384811],[139.66096372,35.70392549],[139.66096372,35.70409572],[139.66092788,35.70442071],[139.66090996,35.70459094],[139.66090996,35.70468379],[139.6603187,35.70477665],[139.65931534,35.70490045],[139.6592795,35.70490045],[139.65868823,35.70497783],[139.65859865,35.70499331],[139.65832989,35.70502426],[139.65820447,35.70503973],[139.65818655,35.70516354],[139.65818655,35.70528735],[139.65816864,35.7053802],[139.65816864,35.70553496],[139.65815072,35.70567424],[139.65818655,35.70570519],[139.6582403,35.70576709],[139.65825822,35.70578257],[139.65832989,35.70585995],[139.65832989,35.70587542],[139.65834781,35.70592185],[139.65834781,35.7064016],[139.65834781,35.70647897],[139.65834781,35.70663373],[139.65832989,35.70680396],[139.65832989,35.70683492],[139.65829406,35.70726823],[139.65827614,35.70765513],[139.65825822,35.70833606],[139.65829406,35.70849081],[139.6582403,35.70907889],[139.65822239,35.70921817],[139.65795363,35.70924912],[139.6573982,35.70924912],[139.65680693,35.70928007],[139.65678901,35.70928007],[139.65664568,35.70929555],[139.65607233,35.70931103],[139.65601858,35.70931103],[139.65591107,35.70931103],[139.65566023,35.70931103],[139.65551689,35.70931103],[139.65548106,35.70931103],[139.65485396,35.70929555],[139.6546927,35.70928007],[139.65428061,35.70931103],[139.65410144,35.7093265],[139.65408352,35.7093265],[139.65402977,35.7093265],[139.65252473,35.70917175],[139.65205888,35.70909437],[139.65171845,35.70901699],[139.6516647,35.70901699],[139.65161095,35.70900151],[139.65157512,35.70898604],[139.65119886,35.70898604],[139.6510376,35.70900151],[139.65100177,35.70903246],[139.6509301,35.7092027],[139.65060759,35.70934198],[139.65012383,35.70946578],[139.64999841,35.70948126],[139.64998049,35.70949673],[139.64992674,35.70951221],[139.64921005,35.70971339],[139.64906671,35.70974435],[139.64822461,35.70997648],[139.64817085,35.70999196],[139.64813502,35.71000743],[139.64795585,35.71005386],[139.64749,35.71019314],[139.64745417,35.71019314],[139.64741833,35.71020862],[139.64736458,35.71022409],[139.64659414,35.71045623],[139.6462358,35.71056456],[139.6461283,35.71059551],[139.6456087,35.71073479],[139.64557286,35.71073479],[139.64553703,35.71075027],[139.64505327,35.71088955],[139.64490993,35.71093597],[139.64487409,35.71095145],[139.64485618,35.71095145],[139.64482034,35.71096693],[139.64428283,35.71109073],[139.64422908,35.71112168],[139.64419324,35.71112168],[139.64415741,35.71113716],[139.64378115,35.71126096],[139.64356614,35.71132287],[139.64353031,35.71133834],[139.64349447,35.71133834],[139.64344072,35.71136929],[139.64284945,35.71150857],[139.6427957,35.7116169],[139.64275987,35.71170976],[139.64272403,35.71180261],[139.64261653,35.7120038],[139.64252694,35.7121276],[139.64236569,35.71226688],[139.64232986,35.71229784],[139.64229402,35.71232879],[139.64198943,35.7125764],[139.64177442,35.71273115],[139.64166692,35.71280853],[139.64166692,35.71283948],[139.64166692,35.71285496],[139.64173859,35.71330376],[139.64179234,35.71389183],[139.64179234,35.71424777],[139.64179234,35.71430968],[139.64179234,35.71452633],[139.64179234,35.71460371],[139.64179234,35.71475847],[139.64166692,35.71478942],[139.64166692,35.7148049],[139.64161317,35.71482037],[139.64157733,35.71482037],[139.64136233,35.71489775],[139.64096815,35.71508346],[139.64087856,35.71509894],[139.6408069,35.71512989],[139.64057397,35.71519179],[139.64012604,35.7153156],[139.64009021,35.71533107],[139.64005437,35.71533107],[139.63915852,35.71557868],[139.63912268,35.71559416],[139.63908685,35.71560963],[139.63894351,35.71564058],[139.63878226,35.71568701],[139.63822682,35.71581082],[139.63819099,35.71584177],[139.63815515,35.71585724],[139.63794015,35.71596557],[139.63740263,35.71627509],[139.63724138,35.71639889],[139.63720554,35.71642985],[139.63702637,35.71647627],[139.63697262,35.71649175],[139.63688303,35.71650722],[139.63672178,35.71650722],[139.63661428,35.7165227],[139.63627385,35.71653817],[139.63607676,35.71655365],[139.63602301,35.71655365],[139.63586176,35.71656913],[139.63532424,35.71661555],[139.63525257,35.71663103],[139.63480464,35.71666198],[139.63428504,35.71670841],[139.63415962,35.71673936],[139.63412379,35.71673936],[139.63408796,35.71675483],[139.63387295,35.71678579],[139.63333543,35.71683221],[139.63299501,35.71686316],[139.63233207,35.71692507],[139.63218874,35.71694054],[139.6321529,35.71707982],[139.6321529,35.71712625],[139.63202748,35.71742029],[139.63188414,35.71757505],[139.63157955,35.71796194],[139.63150788,35.7181167],[139.63148997,35.71814765],[139.63140038,35.7183024],[139.63136455,35.71844169],[139.63134663,35.71851906],[139.63145413,35.71889048],[139.63170497,35.71912262],[139.63172289,35.71913809],[139.63184831,35.71929285],[139.63184831,35.71940118],[139.63186623,35.71943213],[139.63186623,35.71972617],[139.63184831,35.71974164],[139.63175872,35.7198345],[139.63172289,35.71986545],[139.63157955,35.72002021],[139.63150788,35.72008211],[139.63134663,35.72025234],[139.63107787,35.720469],[139.6307912,35.7205309],[139.63066578,35.72056186],[139.63064786,35.72056186],[139.63054036,35.72057733],[139.63030743,35.72054638],[139.63009243,35.72049995],[139.62993117,35.7204071],[139.62978783,35.720469],[139.62968033,35.72051543],[139.62925032,35.72084042],[139.62899948,35.72101065],[139.62876656,35.72136659],[139.62865905,35.72153682],[139.62864114,35.72156778],[139.6284978,35.72179991],[139.62837238,35.72189276],[139.62835446,35.72192372],[139.62831863,35.72198562],[139.62831863,35.72214038],[139.62828279,35.72224871],[139.62826487,35.72227966],[139.62822904,35.72238799],[139.62817529,35.72258917],[139.62812154,35.72279035],[139.62803195,35.72288321],[139.62799612,35.72296059],[139.6278707,35.72330105],[139.6278707,35.723332],[139.62778111,35.72350224],[139.62770944,35.72362604],[139.62763777,35.72376532],[139.62756611,35.72388913],[139.62729735,35.72427602],[139.62699276,35.72477124],[139.62688525,35.72500338],[139.62686734,35.72503433],[139.62679567,35.72515814],[139.62658066,35.72546765],[139.6263119,35.72597835],[139.62629399,35.7260093],[139.6262044,35.72616406],[139.6256848,35.72720093],[139.62555938,35.72732473],[139.62530854,35.7276033],[139.62529062,35.72771163],[139.62503978,35.7282378],[139.62500395,35.7282997],[139.62500395,35.72831518],[139.62480686,35.72865564],[139.62464561,35.72877945],[139.62439477,35.72927467],[139.62434101,35.72941395],[139.6243231,35.72956871],[139.62434101,35.72984727],[139.6245381,35.73014131],[139.62464561,35.73028059],[139.62478894,35.73043535],[139.62500395,35.73082224],[139.62500395,35.73083772],[139.6250577,35.73094605],[139.62511145,35.73100795],[139.62520104,35.73114723],[139.62527271,35.73125556],[139.62532646,35.73131746],[139.62554146,35.73176626],[139.62555938,35.73179721],[139.62566688,35.73199839],[139.62572064,35.73210672],[139.62595356,35.73232338],[139.62600731,35.73236981],[139.62602523,35.73238528],[139.62604315,35.73243171],[139.62616857,35.73267932],[139.62622232,35.73277218],[139.62632982,35.73295789],[139.62638357,35.73306622],[139.62643732,35.73314359],[139.62647316,35.7332055],[139.62650899,35.7333293],[139.62658066,35.73363882],[139.62720776,35.73382452],[139.62729735,35.73396381],[139.62729735,35.73397928],[139.62718984,35.73481497],[139.62717193,35.73489235],[139.62717193,35.73510901],[139.62738693,35.73515543],[139.62749444,35.73518639],[139.62769153,35.73523281],[139.62779903,35.73524829],[139.62785278,35.73524829],[139.62788861,35.73524829],[139.62833654,35.73529471],[139.62839029,35.73527924],[139.62842613,35.73527924],[139.62846196,35.73527924],[139.62856947,35.73527924],[139.62907115,35.73529471],[139.62914282,35.73531019],[139.62932199,35.73531019],[139.62966241,35.73531019],[139.62968033,35.73531019],[139.63036118,35.73531019],[139.63057619,35.73531019],[139.63088078,35.73532567],[139.63184831,35.73537209],[139.63197373,35.73538757],[139.632565,35.73532567],[139.63272625,35.73534114],[139.6331921,35.73535662],[139.63326377,35.73537209],[139.63333543,35.73535662],[139.63342502,35.73534114],[139.63349669,35.73531019],[139.63355044,35.73527924],[139.63356836,35.73524829],[139.63372961,35.7348614],[139.63374753,35.7348614],[139.63374753,35.73481497],[139.6338192,35.73467569],[139.63389087,35.73450545],[139.63401629,35.73428879],[139.63441047,35.7343507],[139.63446422,35.73410309],[139.63451797,35.73391738],[139.63460755,35.73374715],[139.63473297,35.7333293],[139.63489423,35.73283408],[139.6350734,35.73230791],[139.63519882,35.73219958],[139.63521674,35.7321841],[139.63528841,35.73213767],[139.63534216,35.73210672],[139.63609468,35.73221505],[139.63616635,35.73223053],[139.63643511,35.73227695],[139.63650677,35.73204482],[139.63659636,35.73171983],[139.63663219,35.73158055],[139.6367397,35.7311008],[139.6368472,35.73085319],[139.63699054,35.73048177],[139.63740263,35.72961514],[139.63765347,35.72949133],[139.63776098,35.72929015],[139.63785056,35.72913539],[139.63801182,35.72865564],[139.63801182,35.72856279],[139.63802973,35.72839256],[139.63802973,35.72828423],[139.6381014,35.72816042],[139.63828057,35.72802114],[139.63853141,35.72794376],[139.63865684,35.72789733],[139.6387285,35.72789733],[139.63883601,35.72788186],[139.63894351,35.72788186],[139.63906893,35.72786638],[139.63910476,35.72786638],[139.63919435,35.72786638],[139.6392481,35.72785091],[139.63940936,35.7276652],[139.6396602,35.72729378],[139.63969603,35.72727831],[139.63973187,35.72726283],[139.6397677,35.72724735],[139.63985729,35.7272164],[139.63982145,35.72690689],[139.63980353,35.72681404],[139.63983937,35.72638072],[139.63992895,35.72630334],[139.63998271,35.72630334],[139.64023355,35.72625691],[139.64075314,35.72614858],[139.64121899,35.72605573],[139.64127274,35.72604025],[139.64166692,35.7259474],[139.64168484,35.7259474],[139.64197151,35.72585454],[139.64241944,35.72569979],[139.64245528,35.72568431],[139.64356614,35.72531289],[139.6438349,35.72539027],[139.64388865,35.72540575],[139.6439424,35.7254367],[139.64408574,35.72548313],[139.64478451,35.72548313],[139.64499951,35.72548313],[139.64505327,35.72548313],[139.64542953,35.7254986],[139.64625372,35.72546765],[139.64628955,35.72546765],[139.6463433,35.72546765],[139.64740042,35.72548313],[139.64745417,35.72559146],[139.64740042,35.72596287],[139.6473825,35.72599382],[139.6473825,35.72608668],[139.64740042,35.72655095],[139.64743625,35.72675213],[139.64833211,35.72673666],[139.64847545,35.72673666],[139.64876212,35.72673666],[139.64888754,35.72673666],[139.64960423,35.72673666],[139.64999841,35.72673666],[139.65008799,35.72673666],[139.65035675,35.72684499],[139.65048217,35.72689141],[139.65078676,35.7266438],[139.65107344,35.72655095],[139.65179012,35.72633429],[139.65187971,35.72633429],[139.65223805,35.72634976],[139.65243514,35.72634976],[139.65358184,35.72627239],[139.65365351,35.72628786],[139.65372518,35.72648905],[139.65390435,35.72648905],[139.65411936,35.72647357],[139.65454937,35.72645809],[139.65456728,35.72645809],[139.65553481,35.72644262],[139.65564231,35.72642714],[139.65569607,35.72642714],[139.65574982,35.72642714],[139.65644859,35.72636524],[139.65682485,35.72627239],[139.6568786,35.72625691],[139.65691443,35.72624143],[139.65703985,35.72621048],[139.65752362,35.72604025],[139.65804322,35.72587002],[139.6581328,35.72585454],[139.65816864,35.72585454],[139.65822239,35.72585454],[139.65832989,35.72583907],[139.65834781,35.72582359],[139.65863448,35.72580812],[139.65961993,35.72582359],[139.65961993,35.72625691],[139.65961993,35.72662833],[139.65972743,35.72662833],[139.65976326,35.72662833],[139.66044412,35.72659738],[139.66087413,35.72659738],[139.66096372,35.72659738],[139.66101747,35.72661285],[139.66107122,35.72661285],[139.66169832,35.72669023],[139.66225375,35.72692236],[139.66243292,35.7270926],[139.66259418,35.72724735],[139.66255834,35.72730926],[139.66311378,35.72781996],[139.66320336,35.72789733],[139.66343629,35.72811399],[139.66349004,35.72820685],[139.66357962,35.72840803],[139.66361546,35.72860922],[139.66365129,35.7287485],[139.66375879,35.7288723],[139.66390213,35.72905801],[139.6639738,35.72919729],[139.66402755,35.7293211],[139.66415297,35.72972347],[139.6643859,35.73026511],[139.66463674,35.73083772],[139.6647084,35.730977],[139.66479799,35.73111628],[139.66499508,35.73125556],[139.66506675,35.73128651],[139.6651205,35.73131746],[139.665228,35.73133294],[139.66533551,35.73134841],[139.6658551,35.73136389],[139.66598052,35.73136389],[139.66607011,35.73136389],[139.66621345,35.73134841],[139.66641054,35.73128651],[139.66666138,35.73122461],[139.66667929,35.73122461],[139.66696597,35.73113175],[139.6670018,35.73120913],[139.66701972,35.73124008],[139.66701972,35.73127103],[139.66707347,35.73137936],[139.66709139,35.73141032],[139.66714514,35.73153412],[139.66807683,35.73141032],[139.66811267,35.73141032],[139.66816642,35.73139484],[139.66829184,35.73185911],[139.66830976,35.73190554],[139.66836351,35.73207577],[139.66843518,35.73210672],[139.66852476,35.7321222],[139.66888311,35.7321222],[139.66931312,35.7321841],[139.66934895,35.7321841],[139.6694027,35.732246],[139.66958188,35.73246266],[139.66959979,35.73246266],[139.66968938,35.73257099],[139.6698148,35.73252457],[139.66983272,35.73252457],[139.67017314,35.73241624],[139.67022689,35.73238528],[139.67038815,35.73232338],[139.67056732,35.73249361],[139.67067482,35.73257099],[139.67110484,35.73294241],[139.67115859,35.73305074],[139.6711765,35.73309717],[139.67119442,35.73314359],[139.67121234,35.73315907],[139.67131984,35.7333293],[139.67146318,35.73354596],[139.67207236,35.73354596],[139.67214403,35.73354596],[139.67235904,35.73354596],[139.67268155,35.73354596],[139.6728428,35.73354596],[139.67300406,35.73354596],[139.67323698,35.7333912],[139.67332656,35.73336025],[139.67368491,35.73340668],[139.67379241,35.7333293],[139.67381033,35.73331383],[139.67386408,35.73328287],[139.673882,35.7332674],[139.67422242,35.73314359],[139.67441951,35.73311264],[139.67447326,35.73309717],[139.6745091,35.73309717],[139.67468827,35.73306622],[139.67499286,35.73283408],[139.67501078,35.73283408],[139.67506453,35.73278765],[139.67508245,35.73277218],[139.6751362,35.73272575],[139.67540496,35.73243171],[139.67544079,35.73240076],[139.67547663,35.73238528],[139.67569163,35.73219958],[139.67570955,35.73216862],[139.67579913,35.7321222],[139.67581705,35.73210672],[139.67597831,35.73199839],[139.67656957,35.73150317],[139.67660541,35.73148769],[139.67662332,35.73145674],[139.67717876,35.73100795],[139.67725043,35.73094605],[139.67748335,35.73074486],[139.67766252,35.73068296],[139.67768044,35.73068296],[139.67782377,35.73068296],[139.67796711,35.73068296]]]]}},{"type":"Feature","properties":{"OBJECTID":107,"N03_001":"東京都","N03_002":null,"N03_003":null,"N03_004":"杉並区","N03_007":"13115","Shape_Leng":0.318179655849741,"Shape_Area":0.003391257168394,"id":"gci:13115A1968"},"geometry":{"type":"MultiPolygon","coordinates":[[[[139.66411714,35.6763478],[139.6640813,35.6763478],[139.66390213,35.6762859],[139.6638663,35.67627042],[139.66383046,35.67625495],[139.66347212,35.67613114],[139.66318544,35.67602281],[139.66314961,35.67600733],[139.66311378,35.67599186],[139.66246876,35.67579068],[139.66232542,35.67574425],[139.66228959,35.67572877],[139.66218208,35.67569782],[139.66205666,35.67562044],[139.66196708,35.67548116],[139.66196708,35.6753264],[139.66191333,35.67521807],[139.66189541,35.67515617],[139.66187749,35.67512522],[139.66184166,35.67503237],[139.66180582,35.67500141],[139.66164457,35.67483118],[139.66159082,35.6747538],[139.66159082,35.67464547],[139.66166248,35.67445977],[139.66180582,35.67452167],[139.66185957,35.67444429],[139.66187749,35.67438239],[139.66196708,35.67421215],[139.66207458,35.67377883],[139.6620925,35.67376336],[139.6620925,35.67374788],[139.66214625,35.67367051],[139.6620925,35.67342289],[139.66198499,35.67334552],[139.66191333,35.67329909],[139.66189541,35.67326814],[139.66184166,35.67312886],[139.66182374,35.67298957],[139.66180582,35.67281934],[139.66180582,35.67280387],[139.66175207,35.6725253],[139.66159082,35.6724634],[139.66144748,35.67241697],[139.66133998,35.67238602],[139.66112497,35.67232412],[139.66096372,35.67229317],[139.66090996,35.67227769],[139.66082038,35.67224674],[139.66067704,35.67221579],[139.65987077,35.67201461],[139.65935117,35.6718908],[139.65858073,35.67168962],[139.65849115,35.67167414],[139.65840156,35.67164319],[139.65832989,35.67162771],[139.65741612,35.67134915],[139.65716527,35.67127177],[139.65703985,35.67122535],[139.6568786,35.67116344],[139.65660984,35.67108606],[139.65657401,35.67107059],[139.65652026,35.67105511],[139.6564665,35.67102416],[139.65605441,35.67090036],[139.65571398,35.67077655],[139.65512272,35.67054442],[139.65508688,35.67054442],[139.65496146,35.67052894],[139.65463895,35.67049799],[139.65388643,35.67042061],[139.6538506,35.67042061],[139.65352809,35.67038966],[139.65342059,35.67038966],[139.65316975,35.67034323],[139.65308016,35.67032776],[139.65282932,35.6702968],[139.65275765,35.67028133],[139.6527039,35.67028133],[139.65265015,35.67026585],[139.6521843,35.67020395],[139.65211263,35.67018847],[139.6520768,35.67018847],[139.6515572,35.6701111],[139.65116302,35.67004919],[139.65112719,35.67004919],[139.65110927,35.67004919],[139.65044633,35.66992539],[139.65032091,35.66990991],[139.65008799,35.66975515],[139.64999841,35.66970873],[139.64994465,35.66967778],[139.64983715,35.66963135],[139.64971173,35.66956945],[139.64931755,35.66933731],[139.64924588,35.66930636],[139.64881587,35.66905875],[139.64876212,35.6690278],[139.64845753,35.66885756],[139.64809919,35.66865638],[139.6480096,35.66859448],[139.64772292,35.66842425],[139.64756167,35.66836234],[139.64749,35.66833139],[139.64745417,35.66831592],[139.6469704,35.66811473],[139.64650456,35.66797545],[139.64602079,35.66785164],[139.64591329,35.66782069],[139.64587746,35.66782069],[139.64578787,35.66780522],[139.64521452,35.66768141],[139.64507118,35.66766594],[139.64499951,35.66765046],[139.64387073,35.66752665],[139.64361989,35.6674957],[139.64293904,35.66740285],[139.64265236,35.66735642],[139.64250903,35.66734095],[139.64247319,35.66734095],[139.64166692,35.66724809],[139.64145191,35.66721714],[139.64139816,35.66721714],[139.64127274,35.66720167],[139.64130858,35.6669231],[139.6408069,35.66666002],[139.64077106,35.66664454],[139.64052022,35.66648978],[139.64026938,35.66631955],[139.64021563,35.6662886],[139.63980353,35.66610289],[139.63974978,35.66608742],[139.63910476,35.6658398],[139.63896143,35.66582433],[139.63885392,35.66580885],[139.63874642,35.66580885],[139.63819099,35.66580885],[139.63781473,35.6658398],[139.63774306,35.6658398],[139.63768931,35.66585528],[139.63740263,35.66588623],[139.63688303,35.66597909],[139.6368472,35.66597909],[139.63679345,35.66599456],[139.63668595,35.66601004],[139.63675761,35.66621122],[139.63677553,35.66624217],[139.63693679,35.66666002],[139.63693679,35.66667549],[139.63639927,35.66678382],[139.63605884,35.66695405],[139.63598718,35.66698501],[139.63579009,35.66709334],[139.63553925,35.66717071],[139.63491215,35.66738737],[139.63482256,35.66741833],[139.63480464,35.6674338],[139.6343388,35.66760403],[139.63333543,35.66782069],[139.6332996,35.66782069],[139.63313835,35.66786712],[139.63299501,35.66792902],[139.63295917,35.66792902],[139.63290542,35.66795997],[139.63285167,35.66797545],[139.63272625,35.66803735],[139.6326725,35.66805283],[139.63260083,35.66808378],[139.63200956,35.66819211],[139.63140038,35.66828496],[139.63032535,35.66843972],[139.62993117,35.66850162],[139.62978783,35.6685171],[139.62962658,35.66854805],[139.62950116,35.66856353],[139.62932199,35.66859448],[139.6292324,35.66860995],[139.62835446,35.66876471],[139.6279782,35.66882661],[139.62792445,35.66882661],[139.62713609,35.66896589],[139.62710026,35.66896589],[139.62692109,35.66899685],[139.62602523,35.66905875],[139.62503978,35.66913613],[139.62503978,35.66924446],[139.62502187,35.66929088],[139.62502187,35.66938374],[139.62500395,35.66964682],[139.62500395,35.66970873],[139.62502187,35.66975515],[139.62502187,35.66989444],[139.62503978,35.67012657],[139.62500395,35.67014205],[139.6249502,35.67014205],[139.62489645,35.67014205],[139.62484269,35.67015752],[139.62460977,35.670173],[139.6244306,35.67020395],[139.62437685,35.67021943],[139.62409017,35.67026585],[139.62351682,35.67037418],[139.62353474,35.67079203],[139.62326598,35.67083845],[139.62326598,35.67097773],[139.6232839,35.67122535],[139.6222447,35.67204556],[139.6221372,35.67216936],[139.62195803,35.67235507],[139.62176094,35.67250983],[139.62163552,35.67264911],[139.62120551,35.67288124],[139.62111592,35.67294315],[139.62102634,35.67298957],[139.62061424,35.67317528],[139.61996922,35.67345385],[139.61961088,35.67357765],[139.61939587,35.67367051],[139.61930629,35.67370146],[139.61901961,35.67380979],[139.61844626,35.67401097],[139.61828501,35.6740574],[139.61792667,35.67415025],[139.61731748,35.67433596],[139.61719206,35.67438239],[139.61712039,35.67439786],[139.61686955,35.67445977],[139.61667246,35.67450619],[139.61654704,35.67453714],[139.61627829,35.67463],[139.61615287,35.67466095],[139.61600953,35.67470738],[139.61588411,35.6747538],[139.61579452,35.67478476],[139.61552576,35.67486213],[139.61531076,35.67492404],[139.61509575,35.67500141],[139.614827,35.67509427],[139.61470157,35.67515617],[139.61434323,35.67527998],[139.61412823,35.67535736],[139.61391322,35.67543473],[139.61369821,35.67551211],[139.61335779,35.67563592],[139.61298153,35.67586805],[139.61247985,35.67616209],[139.61213942,35.67549664],[139.61183483,35.67554306],[139.61179899,35.67636328],[139.61090313,35.67654898],[139.61072396,35.67657994],[139.61061646,35.67659541],[139.61052687,35.67661089],[139.61031187,35.67664184],[139.61056271,35.67639423],[139.61059854,35.6763478],[139.61072396,35.67623947],[139.61104647,35.67575972],[139.61111814,35.67566687],[139.61142273,35.67529545],[139.61172732,35.67500141],[139.6119065,35.67481571],[139.612014,35.67470738],[139.61204983,35.67467643],[139.61210358,35.67463],[139.61224692,35.67458357],[139.61242609,35.67453714],[139.61282027,35.67435144],[139.61308903,35.67421215],[139.61332195,35.67407287],[139.6133757,35.67398002],[139.61325028,35.67295862],[139.61328612,35.67289672],[139.61525701,35.67280387],[139.61611703,35.67269554],[139.61656496,35.67263363],[139.61656496,35.6725253],[139.61654704,35.67212294],[139.61645746,35.67173604],[139.61638579,35.67155034],[139.6162962,35.67134915],[139.61622453,35.67090036],[139.61620662,35.6706837],[139.6161887,35.67062179],[139.6161887,35.67052894],[139.6161887,35.67014205],[139.6161887,35.67000277],[139.6161887,35.66989444],[139.61613495,35.66983253],[139.61602745,35.66969325],[139.61600953,35.6696623],[139.61584827,35.66944564],[139.61572285,35.66943017],[139.61570494,35.66946112],[139.61572285,35.6695385],[139.61574077,35.66961587],[139.61565119,35.66964682],[139.61529284,35.66969325],[139.61525701,35.66969325],[139.61518534,35.66967778],[139.61513159,35.66964682],[139.61507784,35.6696004],[139.61502408,35.66956945],[139.61495242,35.66950754],[139.61491658,35.66950754],[139.61488075,35.66950754],[139.61484491,35.66952302],[139.61432531,35.66989444],[139.61423573,35.66992539],[139.61364446,35.6701111],[139.61335779,35.67014205],[139.6125336,35.67020395],[139.61247985,35.67020395],[139.61240818,35.67021943],[139.61221109,35.6702349],[139.61176316,35.67020395],[139.61145857,35.670173],[139.61131523,35.67012657],[139.61118981,35.67009562],[139.61099272,35.67008014],[139.61093897,35.67012657],[139.61090313,35.670173],[139.61088522,35.67025038],[139.61090313,35.67048251],[139.61092105,35.67062179],[139.61092105,35.67063727],[139.61095689,35.67076107],[139.61067021,35.67083845],[139.61052687,35.67085393],[139.61029395,35.67085393],[139.60970268,35.67085393],[139.60959518,35.67083845],[139.60946976,35.6708075],[139.60938017,35.67079203],[139.60943393,35.6706837],[139.60954143,35.67040513],[139.60914725,35.67037418],[139.60911142,35.67035871],[139.60891433,35.67035871],[139.60891433,35.67040513],[139.60887849,35.67063727],[139.60886058,35.6707456],[139.60882474,35.67099321],[139.60877099,35.67150391],[139.60878891,35.67162771],[139.60880683,35.67181342],[139.60880683,35.6718908],[139.60884266,35.6725253],[139.60882474,35.67264911],[139.60882474,35.67271101],[139.60884266,35.67281934],[139.60886058,35.67305148],[139.60877099,35.67359313],[139.60877099,35.67380979],[139.60875307,35.67394907],[139.60889641,35.67396454],[139.609201,35.67399549],[139.609201,35.67452167],[139.609201,35.67467643],[139.60918309,35.67489308],[139.6090935,35.67487761],[139.60905767,35.67500141],[139.608986,35.67534188],[139.60882474,35.67575972],[139.60882474,35.6757752],[139.60878891,35.67591448],[139.60839473,35.675899],[139.60834098,35.675899],[139.6083589,35.67599186],[139.60837681,35.67603829],[139.60839473,35.67608471],[139.60839473,35.67614662],[139.60839473,35.67617757],[139.60837681,35.67630137],[139.60837681,35.67636328],[139.6083589,35.67636328],[139.60834098,35.67639423],[139.60832306,35.6764097],[139.60823348,35.67644065],[139.6080543,35.6764097],[139.60791097,35.67637875],[139.60789305,35.67637875],[139.6078393,35.67637875],[139.60778555,35.67636328],[139.60769596,35.67636328],[139.60762429,35.67633232],[139.60746304,35.67611566],[139.60735553,35.67596091],[139.60733762,35.67602281],[139.60723011,35.67653351],[139.60714053,35.67681207],[139.60701511,35.67713706],[139.60688969,35.67758586],[139.60685385,35.67774061],[139.6065851,35.67798822],[139.60642384,35.67808108],[139.60610133,35.67828226],[139.60563549,35.67879296],[139.60511589,35.6791489],[139.60488296,35.67931913],[139.60447087,35.67962865],[139.60389752,35.68004649],[139.60373627,35.68018577],[139.60357501,35.68032505],[139.60337792,35.68052624],[139.60327042,35.68065004],[139.60289416,35.68065004],[139.60249998,35.68065004],[139.6018908,35.68085123],[139.60181913,35.68088218],[139.60131745,35.68105241],[139.60076201,35.68120717],[139.60061868,35.68123812],[139.60000949,35.68140835],[139.59999158,35.68140835],[139.59983032,35.68145478],[139.59965115,35.68148573],[139.59940031,35.68154763],[139.59911363,35.68160954],[139.5985582,35.68170239],[139.59854028,35.68170239],[139.59830736,35.68174882],[139.59816402,35.68177977],[139.59794902,35.68181072],[139.59716066,35.68190357],[139.59660523,35.68198095],[139.59655148,35.68198095],[139.5962648,35.6820119],[139.5960498,35.68202738],[139.59585271,35.68204286],[139.59572729,35.68205833],[139.59560187,35.68207381],[139.59549437,35.68208928],[139.59545853,35.68208928],[139.59531519,35.68210476],[139.59459851,35.68215118],[139.59440142,35.68215118],[139.59418641,35.68213571],[139.59388182,35.6824607],[139.59361306,35.68261546],[139.59309346,35.68290949],[139.59309346,35.68294045],[139.5931293,35.6830952],[139.59318305,35.68332734],[139.59332639,35.68371423],[139.59361306,35.68413207],[139.59352348,35.68419398],[139.59327264,35.68436421],[139.59316513,35.68444159],[139.59293221,35.68450349],[139.5925022,35.68467372],[139.59252011,35.68479753],[139.59257387,35.68504514],[139.59196468,35.6853237],[139.59167801,35.68541656],[139.59166009,35.68543203],[139.59155259,35.68558679],[139.59142717,35.68575702],[139.59137342,35.6858344],[139.59133758,35.6858963],[139.59123008,35.68605106],[139.59106882,35.68626772],[139.59101507,35.6863451],[139.59080007,35.68665461],[139.59056714,35.68699508],[139.59078215,35.68724269],[139.59110466,35.68745935],[139.59164217,35.68778434],[139.59166009,35.68776886],[139.59167801,35.68776886],[139.59183926,35.68770696],[139.59203635,35.68781529],[139.59219761,35.68792362],[139.59230511,35.68795457],[139.59241261,35.68798552],[139.59252011,35.68798552],[139.5926097,35.68790814],[139.59275304,35.68792362],[139.59300388,35.68797005],[139.59316513,35.68798552],[139.59314722,35.68817123],[139.59291429,35.68855812],[139.59300388,35.6886974],[139.59311138,35.68886764],[139.59316513,35.68886764],[139.59336222,35.68886764],[139.59354139,35.68888311],[139.59377432,35.68889859],[139.59388182,35.68889859],[139.59406099,35.68899144],[139.5936489,35.68937833],[139.59361306,35.68942476],[139.59341597,35.68959499],[139.59291429,35.68996641],[139.59266345,35.69024497],[139.5925022,35.69036878],[139.59201843,35.69077115],[139.59189301,35.69087948],[139.59169592,35.69095685],[139.59167801,35.69097233],[139.59166009,35.69097233],[139.59133758,35.69123542],[139.59117633,35.69135922],[139.59071048,35.69162231],[139.59063881,35.69166874],[139.5903163,35.69183897],[139.59004755,35.69199373],[139.58992212,35.69205563],[139.58967128,35.69221039],[139.58913377,35.69250442],[139.58904418,35.69256633],[139.58891876,35.69262823],[139.58886501,35.69265918],[139.58868584,35.69275203],[139.58839917,35.69292227],[139.58775415,35.69320083],[139.5877004,35.69326273],[139.58759289,35.69337106],[139.58682245,35.69385081],[139.58671495,35.69395914],[139.58682245,35.69405199],[139.58684037,35.69408294],[139.58698371,35.69420675],[139.58727038,35.69450079],[139.58741372,35.69462459],[139.58804082,35.69524362],[139.58818416,35.69536743],[139.58829166,35.69561504],[139.58859625,35.69549123],[139.58886501,35.6953829],[139.5890621,35.69533648],[139.58931294,35.69521267],[139.58934878,35.69519719],[139.58963545,35.69505791],[139.59008338,35.69488768],[139.5901013,35.6948722],[139.59026255,35.69482578],[139.59037005,35.69519719],[139.59062089,35.69569242],[139.59078215,35.69603288],[139.59088965,35.69628049],[139.59090757,35.69631144],[139.5909434,35.69641977],[139.59105091,35.69663643],[139.59137342,35.69734832],[139.59140925,35.69744117],[139.59153467,35.69775068],[139.59160634,35.69795187],[139.59166009,35.69809115],[139.59167801,35.69809115],[139.59182135,35.69838519],[139.59201843,35.69883398],[139.59205427,35.69895779],[139.59230511,35.69948396],[139.59237678,35.69963872],[139.59252011,35.69999466],[139.59266345,35.70027322],[139.59282471,35.70059821],[139.59282471,35.70076844],[139.59284262,35.70084582],[139.59284262,35.70109343],[139.59289638,35.70124819],[139.59298596,35.70134104],[139.59332639,35.7020065],[139.59341597,35.70217673],[139.59346973,35.70226959],[139.59348764,35.70228506],[139.59382807,35.70290409],[139.59389974,35.70299694],[139.59391765,35.70302789],[139.59393557,35.70307432],[139.59406099,35.70330646],[139.59458059,35.70386358],[139.59506435,35.70471475],[139.59517186,35.7048695],[139.59520769,35.70493141],[139.59527936,35.70507069],[139.59533311,35.70516354],[139.59547645,35.7054421],[139.59540478,35.70555043],[139.59533311,35.70568971],[139.59529728,35.70573614],[139.59526144,35.70581352],[139.59520769,35.7058909],[139.5951181,35.70606113],[139.59493893,35.70618494],[139.59463434,35.70635517],[139.59447309,35.70643255],[139.59406099,35.70666468],[139.59391765,35.70674206],[139.59372057,35.70685039],[139.59355931,35.70692777],[139.59343389,35.70702062],[139.59320097,35.70717538],[139.59318305,35.70719086],[139.59300388,35.70736109],[139.59296804,35.70739204],[139.59235886,35.70794917],[139.59234094,35.70796464],[139.59230511,35.70799559],[139.59192885,35.70833606],[139.59167801,35.70856819],[139.59166009,35.70858367],[139.59144508,35.70876938],[139.59105091,35.70909437],[139.59074631,35.7093265],[139.59056714,35.70946578],[139.59053131,35.70948126],[139.59045964,35.70954316],[139.59017297,35.70968244],[139.58940253,35.71017767],[139.58875751,35.71061098],[139.5885425,35.71078122],[139.58825583,35.7109824],[139.58814832,35.71105978],[139.58793332,35.71121454],[139.5877004,35.71140024],[139.58723455,35.71164786],[139.58705538,35.71172523],[139.58691204,35.71178714],[139.58678662,35.71184904],[139.58664328,35.71191094],[139.5867687,35.7121276],[139.58682245,35.71222046],[139.58687621,35.71251449],[139.58687621,35.71276211],[139.58687621,35.71293234],[139.58685829,35.71307162],[139.58682245,35.71325733],[139.58671495,35.71348946],[139.58644619,35.71409302],[139.58632077,35.71430968],[139.58606993,35.71471204],[139.58587284,35.71497513],[139.58576534,35.71506798],[139.58556825,35.71536202],[139.58546075,35.71551678],[139.58544283,35.71559416],[139.58542491,35.71571796],[139.58537116,35.71582629],[139.58508449,35.71610486],[139.5849949,35.71630604],[139.58495907,35.71644532],[139.58495907,35.71666198],[139.58494115,35.71687864],[139.58492323,35.71718815],[139.58494115,35.71728101],[139.58495907,35.71743577],[139.5849949,35.71755957],[139.58501282,35.71769885],[139.58501282,35.71771433],[139.58504865,35.71780718],[139.58508449,35.71796194],[139.58510241,35.71802384],[139.58520991,35.71825598],[139.58531741,35.71836431],[139.58547867,35.71851906],[139.58580118,35.71892143],[139.58590868,35.71901429],[139.58608785,35.71915357],[139.58635661,35.71935475],[139.58669703,35.71966426],[139.58680454,35.71975712],[139.58692996,35.71978807],[139.58701954,35.71980355],[139.58709121,35.7198345],[139.58741372,35.71994283],[139.58773623,35.72005116],[139.58800499,35.72012854],[139.58813041,35.72017496],[139.58861417,35.72025234],[139.58882918,35.72026782],[139.5891696,35.72028329],[139.58945628,35.72028329],[139.58965337,35.72023687],[139.59002963,35.72020591],[139.59019088,35.72017496],[139.59049547,35.72009758],[139.59119424,35.71977259],[139.59142717,35.71963331],[139.59166009,35.71944761],[139.59167801,35.71944761],[139.59216177,35.71907619],[139.59226927,35.71898333],[139.59248428,35.7188131],[139.59278887,35.71856549],[139.59289638,35.71845716],[139.59303971,35.71833336],[139.59336222,35.71807027],[139.59359515,35.7181786],[139.59384599,35.71828693],[139.59422225,35.71890596],[139.59436558,35.71913809],[139.59468809,35.71977259],[139.59493893,35.72026782],[139.59517186,35.72063923],[139.59538686,35.72099517],[139.59565562,35.7215523],[139.59558395,35.72197014],[139.59565562,35.72217133],[139.59588854,35.7221868],[139.59617522,35.72221775],[139.59644398,35.72226418],[139.59651564,35.72229513],[139.59665898,35.72237251],[139.59674857,35.72243441],[139.59689191,35.72249632],[139.59694566,35.72254274],[139.59714275,35.7226975],[139.59755484,35.72297606],[139.59769818,35.72306892],[139.59791318,35.72316177],[139.59852237,35.72342486],[139.59861195,35.72347129],[139.59864779,35.72348676],[139.59879113,35.72354866],[139.59913155,35.72364152],[139.59941823,35.72376532],[139.59966907,35.72387365],[139.59979449,35.72392008],[139.59997366,35.72407484],[139.59999158,35.72410579],[139.60000949,35.72410579],[139.600117,35.72421412],[139.60018866,35.72427602],[139.60060076,35.72463196],[139.60106661,35.72500338],[139.60115619,35.72508076],[139.60181913,35.7254367],[139.60176538,35.72557598],[139.60178329,35.72563788],[139.60185496,35.72577716],[139.60185496,35.72579264],[139.60194455,35.7260093],[139.60206997,35.72604025],[139.60271499,35.72627239],[139.60284041,35.72631881],[139.6030375,35.72638072],[139.60348542,35.72661285],[139.60353918,35.7266438],[139.60389752,35.72682951],[139.60396919,35.72686046],[139.60427378,35.72698427],[139.60452462,35.72704617],[139.60524131,35.72724735],[139.60542048,35.72730926],[139.60556382,35.72734021],[139.60567132,35.72737116],[139.60576091,35.72740211],[139.60681802,35.72768067],[139.60710469,35.72774258],[139.6072122,35.72777353],[139.60771388,35.72791281],[139.60803639,35.72803661],[139.60834098,35.7281759],[139.60864557,35.7282997],[139.60882474,35.72837708],[139.60914725,35.72854731],[139.60955935,35.72870207],[139.6101327,35.7288723],[139.61068813,35.72899611],[139.61088522,35.72902706],[139.61144065,35.72918182],[139.61156607,35.72919729],[139.61179899,35.72925919],[139.61192441,35.72929015],[139.61296361,35.72958418],[139.61298153,35.72959966],[139.61348321,35.72973894],[139.61371613,35.72980084],[139.61382363,35.7298318],[139.61428948,35.7299556],[139.61436115,35.72997108],[139.61450449,35.73000203],[139.61471949,35.73006393],[139.61479116,35.73007941],[139.615042,35.73015678],[139.61540034,35.73028059],[139.6155616,35.73015678],[139.61572285,35.73003298],[139.61590203,35.7298937],[139.61599161,35.7298318],[139.61647537,35.7298318],[139.61667246,35.72987822],[139.6168158,35.72990917],[139.61695914,35.72992465],[139.61717414,35.72994013],[139.61823126,35.73000203],[139.61914503,35.73004845],[139.61939587,35.73007941],[139.61979005,35.73009488],[139.62020215,35.73018774],[139.62034548,35.73020321],[139.62054257,35.73023416],[139.62063216,35.73024964],[139.62081133,35.73026511],[139.62093675,35.73028059],[139.62138468,35.73037344],[139.62163552,35.73041987],[139.62177886,35.73045082],[139.62199386,35.73041987],[139.62305098,35.73031154],[139.62333765,35.73028059],[139.62355266,35.73023416],[139.62367808,35.73021869],[139.62416184,35.73017226],[139.62423351,35.73017226],[139.6245381,35.73014131],[139.62434101,35.72984727],[139.6243231,35.72956871],[139.62434101,35.72941395],[139.62439477,35.72927467],[139.62464561,35.72877945],[139.62480686,35.72865564],[139.62500395,35.72831518],[139.62500395,35.7282997],[139.62503978,35.7282378],[139.62529062,35.72771163],[139.62530854,35.7276033],[139.62555938,35.72732473],[139.6256848,35.72720093],[139.6262044,35.72616406],[139.62629399,35.7260093],[139.6263119,35.72597835],[139.62658066,35.72546765],[139.62679567,35.72515814],[139.62686734,35.72503433],[139.62688525,35.72500338],[139.62699276,35.72477124],[139.62729735,35.72427602],[139.62756611,35.72388913],[139.62763777,35.72376532],[139.62770944,35.72362604],[139.62778111,35.72350224],[139.6278707,35.723332],[139.6278707,35.72330105],[139.62799612,35.72296059],[139.62803195,35.72288321],[139.62812154,35.72279035],[139.62817529,35.72258917],[139.62822904,35.72238799],[139.62826487,35.72227966],[139.62828279,35.72224871],[139.62831863,35.72214038],[139.62831863,35.72198562],[139.62835446,35.72192372],[139.62837238,35.72189276],[139.6284978,35.72179991],[139.62864114,35.72156778],[139.62865905,35.72153682],[139.62876656,35.72136659],[139.62899948,35.72101065],[139.62925032,35.72084042],[139.62968033,35.72051543],[139.62978783,35.720469],[139.62993117,35.7204071],[139.63009243,35.72049995],[139.63030743,35.72054638],[139.63054036,35.72057733],[139.63064786,35.72056186],[139.63066578,35.72056186],[139.6307912,35.7205309],[139.63107787,35.720469],[139.63134663,35.72025234],[139.63150788,35.72008211],[139.63157955,35.72002021],[139.63172289,35.71986545],[139.63175872,35.7198345],[139.63184831,35.71974164],[139.63186623,35.71972617],[139.63186623,35.71943213],[139.63184831,35.71940118],[139.63184831,35.71929285],[139.63172289,35.71913809],[139.63170497,35.71912262],[139.63145413,35.71889048],[139.63134663,35.71851906],[139.63136455,35.71844169],[139.63140038,35.7183024],[139.63148997,35.71814765],[139.63150788,35.7181167],[139.63157955,35.71796194],[139.63188414,35.71757505],[139.63202748,35.71742029],[139.6321529,35.71712625],[139.6321529,35.71707982],[139.63218874,35.71694054],[139.63233207,35.71692507],[139.63299501,35.71686316],[139.63333543,35.71683221],[139.63387295,35.71678579],[139.63408796,35.71675483],[139.63412379,35.71673936],[139.63415962,35.71673936],[139.63428504,35.71670841],[139.63480464,35.71666198],[139.63525257,35.71663103],[139.63532424,35.71661555],[139.63586176,35.71656913],[139.63602301,35.71655365],[139.63607676,35.71655365],[139.63627385,35.71653817],[139.63661428,35.7165227],[139.63672178,35.71650722],[139.63688303,35.71650722],[139.63697262,35.71649175],[139.63702637,35.71647627],[139.63720554,35.71642985],[139.63724138,35.71639889],[139.63740263,35.71627509],[139.63794015,35.71596557],[139.63815515,35.71585724],[139.63819099,35.71584177],[139.63822682,35.71581082],[139.63878226,35.71568701],[139.63894351,35.71564058],[139.63908685,35.71560963],[139.63912268,35.71559416],[139.63915852,35.71557868],[139.64005437,35.71533107],[139.64009021,35.71533107],[139.64012604,35.7153156],[139.64057397,35.71519179],[139.6408069,35.71512989],[139.64087856,35.71509894],[139.64096815,35.71508346],[139.64136233,35.71489775],[139.64157733,35.71482037],[139.64161317,35.71482037],[139.64166692,35.7148049],[139.64166692,35.71478942],[139.64179234,35.71475847],[139.64179234,35.71460371],[139.64179234,35.71452633],[139.64179234,35.71430968],[139.64179234,35.71424777],[139.64179234,35.71389183],[139.64173859,35.71330376],[139.64166692,35.71285496],[139.64166692,35.71283948],[139.64166692,35.71280853],[139.64177442,35.71273115],[139.64198943,35.7125764],[139.64229402,35.71232879],[139.64232986,35.71229784],[139.64236569,35.71226688],[139.64252694,35.7121276],[139.64261653,35.7120038],[139.64272403,35.71180261],[139.64275987,35.71170976],[139.6427957,35.7116169],[139.64284945,35.71150857],[139.64344072,35.71136929],[139.64349447,35.71133834],[139.64353031,35.71133834],[139.64356614,35.71132287],[139.64378115,35.71126096],[139.64415741,35.71113716],[139.64419324,35.71112168],[139.64422908,35.71112168],[139.64428283,35.71109073],[139.64482034,35.71096693],[139.64485618,35.71095145],[139.64487409,35.71095145],[139.64490993,35.71093597],[139.64505327,35.71088955],[139.64553703,35.71075027],[139.64557286,35.71073479],[139.6456087,35.71073479],[139.6461283,35.71059551],[139.6462358,35.71056456],[139.64659414,35.71045623],[139.64736458,35.71022409],[139.64741833,35.71020862],[139.64745417,35.71019314],[139.64749,35.71019314],[139.64795585,35.71005386],[139.64813502,35.71000743],[139.64817085,35.70999196],[139.64822461,35.70997648],[139.64906671,35.70974435],[139.64921005,35.70971339],[139.64992674,35.70951221],[139.64998049,35.70949673],[139.64999841,35.70948126],[139.65012383,35.70946578],[139.65060759,35.70934198],[139.6509301,35.7092027],[139.65100177,35.70903246],[139.6510376,35.70900151],[139.65119886,35.70898604],[139.65157512,35.70898604],[139.65161095,35.70900151],[139.6516647,35.70901699],[139.65171845,35.70901699],[139.65205888,35.70909437],[139.65252473,35.70917175],[139.65402977,35.7093265],[139.65408352,35.7093265],[139.65410144,35.7093265],[139.65428061,35.70931103],[139.6546927,35.70928007],[139.65485396,35.70929555],[139.65548106,35.70931103],[139.65551689,35.70931103],[139.65566023,35.70931103],[139.65591107,35.70931103],[139.65601858,35.70931103],[139.65607233,35.70931103],[139.65664568,35.70929555],[139.65678901,35.70928007],[139.65680693,35.70928007],[139.6573982,35.70924912],[139.65795363,35.70924912],[139.65822239,35.70921817],[139.6582403,35.70907889],[139.65829406,35.70849081],[139.65825822,35.70833606],[139.65827614,35.70765513],[139.65829406,35.70726823],[139.65832989,35.70683492],[139.65832989,35.70680396],[139.65834781,35.70663373],[139.65834781,35.70647897],[139.65834781,35.7064016],[139.65834781,35.70592185],[139.65832989,35.70587542],[139.65832989,35.70585995],[139.65825822,35.70578257],[139.6582403,35.70576709],[139.65818655,35.70570519],[139.65815072,35.70567424],[139.65816864,35.70553496],[139.65816864,35.7053802],[139.65818655,35.70528735],[139.65818655,35.70516354],[139.65820447,35.70503973],[139.65832989,35.70502426],[139.65859865,35.70499331],[139.65868823,35.70497783],[139.6592795,35.70490045],[139.65931534,35.70490045],[139.6603187,35.70477665],[139.66090996,35.70468379],[139.66090996,35.70459094],[139.66092788,35.70442071],[139.66096372,35.70409572],[139.66096372,35.70392549],[139.66096372,35.70384811],[139.66098163,35.70356954],[139.66098163,35.70344574],[139.66098163,35.70333741],[139.66098163,35.70329098],[139.66098163,35.70326003],[139.66099955,35.70312075],[139.66099955,35.70299694],[139.66099955,35.70295052],[139.66103538,35.70267195],[139.66103538,35.70261005],[139.66099955,35.70253267],[139.66090996,35.70243982],[139.6609458,35.70236244],[139.66096372,35.70231601],[139.66096372,35.70228506],[139.66098163,35.70223863],[139.66101747,35.70216126],[139.66108914,35.7014339],[139.6614654,35.70138747],[139.66153706,35.70135652],[139.66160873,35.7008613],[139.66160873,35.70078392],[139.66164457,35.70050536],[139.66166248,35.70039703],[139.66175207,35.70033512],[139.66178791,35.70030417],[139.66185957,35.70022679],[139.66196708,35.70011846],[139.66198499,35.70001013],[139.66198499,35.69999466],[139.66196708,35.69997918],[139.66189541,35.6998399],[139.66191333,35.69973157],[139.66193124,35.69965419],[139.66212833,35.69943753],[139.66254043,35.69923635],[139.66252251,35.69918992],[139.66248667,35.69911254],[139.66239709,35.69892684],[139.66223583,35.69855542],[139.66202083,35.69810662],[139.66187749,35.69776616],[139.66182374,35.69759593],[139.66178791,35.69750307],[139.66175207,35.69741022],[139.66171624,35.69733284],[139.66171624,35.69727094],[139.6614654,35.69723999],[139.66141164,35.69723999],[139.66135789,35.69722451],[139.66133998,35.69722451],[139.66107122,35.69719356],[139.6610533,35.69705428],[139.66103538,35.69700785],[139.66103538,35.6969769],[139.66101747,35.69689952],[139.66098163,35.69688404],[139.66092788,35.69686857],[139.66090996,35.69680667],[139.66090996,35.69668286],[139.66090996,35.69663643],[139.66090996,35.69659001],[139.66080246,35.69655906],[139.66062329,35.6965281],[139.66060537,35.69643525],[139.66067704,35.69623407],[139.66069496,35.69621859],[139.66069496,35.69620311],[139.66080246,35.69601741],[139.6609458,35.69581622],[139.66096372,35.69578527],[139.66098163,35.69575432],[139.66103538,35.69567694],[139.66110705,35.69549123],[139.66114289,35.69535195],[139.6611608,35.69519719],[139.66144748,35.69521267],[139.66148331,35.69521267],[139.66150123,35.69521267],[139.66151915,35.69521267],[139.66202083,35.6952591],[139.66207458,35.6952591],[139.6620925,35.6952591],[139.66232542,35.69527457],[139.66270168,35.69533648],[139.66273752,35.69533648],[139.66277335,35.69533648],[139.66289877,35.69535195],[139.6632392,35.69539838],[139.66370504,35.69542933],[139.66374088,35.69542933],[139.66377671,35.69542933],[139.66436798,35.69549123],[139.66463674,35.69564599],[139.6647084,35.69555314],[139.66472632,35.69552218],[139.66483382,35.69539838],[139.66504883,35.69546028],[139.66510258,35.69542933],[139.66542509,35.69476387],[139.66572968,35.69482578],[139.66580135,35.69484125],[139.66587302,35.69488768],[139.66590885,35.69491863],[139.66599844,35.69496506],[139.66605219,35.69482578],[139.66608803,35.69476387],[139.66612386,35.69470197],[139.6661597,35.69460912],[139.66617761,35.69456269],[139.66630303,35.69437698],[139.6663747,35.69425318],[139.66658971,35.69391271],[139.66658971,35.69389724],[139.66662554,35.69381986],[139.66666138,35.69374248],[139.66707347,35.69391271],[139.66718097,35.69394366],[139.6674139,35.69400557],[139.66746765,35.69402104],[139.66750348,35.69403652],[139.66759307,35.69406747],[139.66768266,35.69391271],[139.66770057,35.69388176],[139.66771849,35.69385081],[139.66777224,35.69378891],[139.66744973,35.69368058],[139.66737806,35.69357225],[139.66736015,35.6935413],[139.66721681,35.69330916],[139.66727056,35.69293774],[139.66728848,35.69279846],[139.66730639,35.69276751],[139.66730639,35.69273656],[139.66739598,35.69247347],[139.66744973,35.69219491],[139.66744973,35.69214848],[139.66746765,35.69211753],[139.66746765,35.6920711],[139.6675214,35.69186992],[139.6675214,35.69183897],[139.66753932,35.69174611],[139.66732431,35.69166874],[139.66714514,35.69159136],[139.6670018,35.69154493],[139.66675096,35.69151398],[139.6667868,35.69121994],[139.6667868,35.69117351],[139.6667868,35.69114256],[139.66682263,35.69106518],[139.66685847,35.6909259],[139.66687638,35.69087948],[139.66676888,35.69078662],[139.66666138,35.69067829],[139.66641054,35.69043068],[139.66571177,35.69007474],[139.66551468,35.68995093],[139.66519217,35.68976523],[139.66472632,35.68951761],[139.66443965,35.68936286],[139.66411714,35.68919263],[139.66393797,35.68900692],[139.6638663,35.68891406],[139.66383046,35.68883668],[139.66383046,35.68880573],[139.66379463,35.6886974],[139.66375879,35.68855812],[139.66365129,35.68834146],[139.66352587,35.6881248],[139.6634542,35.6880629],[139.66318544,35.68787719],[139.66307794,35.68781529],[139.66266585,35.68758315],[139.66239709,35.6874284],[139.66223583,35.68735102],[139.66202083,35.68725816],[139.66189541,35.68718079],[139.66175207,35.68710341],[139.66148331,35.68696413],[139.66141164,35.68693317],[139.66123247,35.6868558],[139.66099955,35.68679389],[139.66092788,35.68677842],[139.66080246,35.68676294],[139.66055162,35.68674747],[139.65922575,35.68668556],[139.65924367,35.68660818],[139.65926158,35.68654628],[139.659387,35.68605106],[139.659387,35.6858963],[139.659387,35.68584988],[139.65936909,35.68574155],[139.65935117,35.6853856],[139.65965576,35.68537013],[139.65963784,35.68516895],[139.65965576,35.68473563],[139.65981702,35.68482848],[139.65985285,35.68484396],[139.65988868,35.68487491],[139.66019328,35.68506062],[139.66024703,35.68501419],[139.66030078,35.68496776],[139.66035453,35.68493681],[139.66047995,35.68484396],[139.66055162,35.6846892],[139.66056954,35.68442611],[139.66055162,35.68433326],[139.66055162,35.68428683],[139.66049787,35.68422493],[139.66047995,35.68422493],[139.66046203,35.68419398],[139.66046203,35.6841785],[139.6604262,35.68414755],[139.66040828,35.68413207],[139.66028286,35.68402374],[139.66024703,35.68383804],[139.66013953,35.68371423],[139.66008577,35.68369875],[139.65963784,35.68371423],[139.65961993,35.68365233],[139.65961993,35.6836059],[139.65954826,35.68332734],[139.65953034,35.68326543],[139.65951242,35.68318806],[139.65949451,35.6829714],[139.65947659,35.68295592],[139.65947659,35.68290949],[139.65945867,35.68281664],[139.65944076,35.68272379],[139.65940492,35.6824607],[139.659387,35.68236784],[139.65936909,35.68232142],[139.65929742,35.68202738],[139.6592795,35.68190357],[139.6597991,35.6818262],[139.65983493,35.68157858],[139.65992452,35.68134645],[139.65997827,35.68125359],[139.66008577,35.68119169],[139.6603187,35.68111431],[139.66047995,35.68092861],[139.66040828,35.6808667],[139.66019328,35.6807429],[139.66008577,35.68066552],[139.6599066,35.68055719],[139.6596916,35.68043338],[139.65967368,35.6802941],[139.65967368,35.68027863],[139.65967368,35.6802322],[139.65967368,35.68015482],[139.65965576,35.68006197],[139.65965576,35.68001554],[139.65965576,35.67992269],[139.6597991,35.67987626],[139.65992452,35.67986078],[139.66008577,35.67992269],[139.6608383,35.6802322],[139.66103538,35.6802941],[139.66137581,35.68037148],[139.6614654,35.68040243],[139.66159082,35.68032505],[139.66164457,35.68030958],[139.66173415,35.68026315],[139.66211041,35.67995364],[139.66246876,35.67955127],[139.66248667,35.67953579],[139.66257626,35.67942746],[139.66300627,35.67944294],[139.66327503,35.67944294],[139.66350795,35.67945841],[139.66381255,35.67945841],[139.66384838,35.67945841],[139.66402755,35.67944294],[139.66404547,35.67944294],[139.6640813,35.67941199],[139.66415297,35.67938104],[139.66415297,35.67900962],[139.66452923,35.67900962],[139.66456507,35.67900962],[139.66499508,35.67900962],[139.66497716,35.67891677],[139.66497716,35.67888581],[139.66492341,35.67870011],[139.66490549,35.67834416],[139.66490549,35.67825131],[139.66490549,35.67770966],[139.66486966,35.67766323],[139.66481591,35.67761681],[139.66458298,35.67763228],[139.6639738,35.67770966],[139.6634542,35.67784894],[139.66341837,35.67784894],[139.66336462,35.67786442],[139.6632392,35.67789537],[139.66329295,35.67729182],[139.66347212,35.67727634],[139.66352587,35.67727634],[139.66356171,35.67727634],[139.66357962,35.67727634],[139.66384838,35.67730729],[139.6638663,35.67722991],[139.66388421,35.67719896],[139.66390213,35.67716801],[139.66392005,35.67710611],[139.66406339,35.67656446],[139.6640813,35.67653351],[139.6640813,35.67650256],[139.66411714,35.6763478]]]]}},{"type":"Feature","properties":{"OBJECTID":108,"N03_001":"東京都","N03_002":null,"N03_003":null,"N03_004":"豊島区","N03_007":"13116","Shape_Leng":0.255113880481806,"Shape_Area":0.001296301219699,"id":"gci:13116A1968"},"geometry":{"type":"MultiPolygon","coordinates":[[[[139.71951704,35.7450444],[139.71951704,35.74488964],[139.71949912,35.74482774],[139.71946328,35.74465751],[139.7194812,35.74448728],[139.71962454,35.74399205],[139.71962454,35.7439611],[139.71964246,35.74394563],[139.71964246,35.74393015],[139.71982163,35.74337303],[139.71991121,35.74283138],[139.71991121,35.74280043],[139.71991121,35.74272305],[139.7198933,35.74259924],[139.7198933,35.74256829],[139.7198933,35.74247544],[139.71991121,35.74232068],[139.71998288,35.74193379],[139.72001872,35.74177903],[139.72016205,35.74168618],[139.72021581,35.7416707],[139.72023372,35.74165522],[139.72037706,35.74162427],[139.72107583,35.74143857],[139.72141626,35.74136119],[139.72159543,35.74131476],[139.7218821,35.74122191],[139.72195377,35.74119095],[139.72211503,35.74112905],[139.72290338,35.74069573],[139.72297505,35.7406493],[139.72310047,35.74057193],[139.72329756,35.74041717],[139.72349465,35.74021599],[139.7235484,35.74016956],[139.72358423,35.74003028],[139.72362007,35.73993742],[139.72370965,35.73990647],[139.72379924,35.73987552],[139.72405008,35.73979814],[139.72431884,35.73975171],[139.72451593,35.73975171],[139.72453384,35.73975171],[139.72473093,35.73986004],[139.72494594,35.7400767],[139.72499969,35.74010766],[139.72499969,35.74012313],[139.72501761,35.74012313],[139.72507136,35.74016956],[139.72535803,35.73998385],[139.72534012,35.7400767],[139.72499969,35.74038622],[139.72487427,35.74051002],[139.72478469,35.7405874],[139.72460551,35.74072668],[139.72449801,35.74081954],[139.72489219,35.7410981],[139.72499969,35.74120643],[139.72553721,35.7416707],[139.72587763,35.74198021],[139.72593138,35.74202664],[139.72596722,35.74205759],[139.72598514,35.74205759],[139.72598514,35.74208854],[139.72600305,35.7421814],[139.72602097,35.74221235],[139.72612847,35.74235163],[139.72616431,35.74239806],[139.72620014,35.74244449],[139.72625389,35.74252186],[139.72650473,35.74297066],[139.72675557,35.74328017],[139.72680933,35.74334208],[139.72682724,35.74335755],[139.72686308,35.7433885],[139.72713183,35.74366706],[139.72741851,35.74393015],[139.72757976,35.74403848],[139.72766935,35.74416229],[139.72774102,35.74433252],[139.72777685,35.7444099],[139.72790227,35.74471941],[139.72827853,35.74475036],[139.72842187,35.74476584],[139.72881605,35.74485869],[139.72894147,35.74487417],[139.72910272,35.7449206],[139.7292819,35.74495155],[139.72946107,35.74499797],[139.72971191,35.7450444],[139.73058985,35.7450444],[139.73066152,35.74502893],[139.73114528,35.74516821],[139.7312707,35.74516821],[139.73134237,35.74515273],[139.73177238,35.74513726],[139.73182613,35.74513726],[139.7324174,35.7451063],[139.73263241,35.74509083],[139.73266824,35.74495155],[139.73270408,35.74484322],[139.73268616,35.7445337],[139.73213073,35.74377539],[139.73209489,35.74372897],[139.7317903,35.74331112],[139.73187989,35.74323375],[139.73193364,35.74321827],[139.73196947,35.74317184],[139.73213073,35.74306351],[139.73216656,35.74304804],[139.73218448,35.74301709],[139.73236365,35.74289328],[139.73270408,35.74266114],[139.73273991,35.74264567],[139.73275783,35.74261472],[139.732937,35.74250639],[139.73333118,35.74215045],[139.73333118,35.74213497],[139.73386869,35.7416707],[139.73394036,35.74159332],[139.73404786,35.74143857],[139.73406578,35.74137666],[139.73426287,35.74106715],[139.73440621,35.74086596],[139.73456746,35.74068026],[139.73485414,35.74061835],[139.7349258,35.74061835],[139.73497956,35.74060288],[139.73499747,35.7405874],[139.73519456,35.7405874],[139.73530207,35.7405255],[139.73555291,35.74054097],[139.73641293,35.74078859],[139.7364846,35.74081954],[139.73675336,35.74089692],[139.73712962,35.74100525],[139.7372192,35.7410362],[139.73770297,35.74120643],[139.73788214,35.74126833],[139.73818673,35.74134571],[139.73824048,35.74136119],[139.73827632,35.74137666],[139.73884967,35.74153142],[139.73886758,35.74153142],[139.73890342,35.74154689],[139.73933343,35.7416707],[139.73956635,35.7417326],[139.73969177,35.74176355],[139.7401397,35.74196474],[139.74017554,35.74198021],[139.74021137,35.74198021],[139.74040846,35.74207307],[139.74099973,35.74232068],[139.74105348,35.74235163],[139.74116098,35.74232068],[139.74119682,35.7423052],[139.74123265,35.7423052],[139.74166266,35.7421814],[139.74189559,35.7421195],[139.74259435,35.7416707],[139.74264811,35.74162427],[139.74270186,35.74159332],[139.74273769,35.74156237],[139.74366939,35.74134571],[139.74374105,35.74123738],[139.74375897,35.74119095],[139.74379481,35.74116],[139.74390231,35.74100525],[139.74406356,35.74098977],[139.74413523,35.74098977],[139.7442069,35.74098977],[139.74429649,35.74080406],[139.74442191,35.74078859],[139.74440399,35.74063383],[139.74429649,35.74054097],[139.74427857,35.7405255],[139.74424273,35.74049455],[139.74413523,35.74040169],[139.74402773,35.74003028],[139.74400981,35.73999933],[139.74399189,35.73996837],[139.74388439,35.73959696],[139.74411731,35.73941125],[139.74402773,35.73896245],[139.74433232,35.73891603],[139.74440399,35.73933387],[139.74456524,35.7393184],[139.74460108,35.7393184],[139.74513859,35.73927197],[139.74565819,35.73919459],[139.74596278,35.73916364],[139.7459807,35.73897793],[139.74599862,35.73888508],[139.74615987,35.73883865],[139.74632113,35.73921007],[139.74632113,35.73924102],[139.74657197,35.73984457],[139.74669739,35.73978267],[139.74676906,35.73973624],[139.74678697,35.73972076],[139.74687656,35.73967434],[139.74737824,35.73936482],[139.74762908,35.73917911],[139.74766491,35.73916364],[139.74770075,35.73914816],[139.7481666,35.7388077],[139.74820243,35.73879222],[139.74823826,35.73877675],[139.74834577,35.73869937],[139.74847119,35.73848271],[139.7484891,35.73845176],[139.74850702,35.7384208],[139.74870411,35.73806486],[139.74877578,35.73791011],[139.74884745,35.7377863],[139.74891912,35.73767797],[139.74909829,35.73735298],[139.74927746,35.73702799],[139.74929538,35.73701252],[139.74945663,35.73671848],[139.74947455,35.73668753],[139.74949247,35.73665658],[139.74956414,35.73654825],[139.74999415,35.73620778],[139.75001206,35.73619231],[139.75008373,35.73614588],[139.75038833,35.7360066],[139.75042416,35.73599112],[139.75096167,35.73574351],[139.75121251,35.73574351],[139.75137377,35.73572803],[139.75155294,35.73572803],[139.7520367,35.735434],[139.75216213,35.73537209],[139.75218004,35.73535662],[139.75221588,35.73534114],[139.75275339,35.73506258],[139.75248463,35.73496973],[139.75241297,35.73493877],[139.75173211,35.73470664],[139.75155294,35.73462926],[139.75105126,35.73442808],[139.75065708,35.73444355],[139.75037041,35.73422689],[139.75031666,35.73419594],[139.75028082,35.73416499],[139.75019124,35.73410309],[139.7505675,35.73391738],[139.75031666,35.73357691],[139.75028082,35.73356144],[139.75024499,35.73353049],[139.75022707,35.73351501],[139.75001206,35.73337573],[139.74999415,35.73337573],[139.74992248,35.7333293],[139.74943871,35.73303526],[139.7494208,35.73301979],[139.74918787,35.73288051],[139.74888328,35.73325192],[139.74884745,35.73328287],[139.74881161,35.7333293],[139.74865036,35.73353049],[139.74854286,35.73353049],[139.7483816,35.73351501],[139.7482741,35.73351501],[139.74811284,35.73349953],[139.74694823,35.73509353],[139.74691239,35.73513996],[139.74689448,35.73517091],[139.74676906,35.73534114],[139.74667947,35.73515543],[139.74664364,35.73510901],[139.74662572,35.73506258],[139.74605237,35.73534114],[139.74601653,35.73537209],[139.74564027,35.7355578],[139.74549694,35.7356197],[139.74531777,35.73571256],[139.74513859,35.73580541],[139.74504901,35.73585184],[139.74495942,35.73585184],[139.74481608,35.73580541],[139.74470858,35.73583636],[139.744619,35.73583636],[139.74456524,35.73575899],[139.74443982,35.73552685],[139.74435024,35.73534114],[139.74424273,35.73512448],[139.7440994,35.73483044],[139.74399189,35.73467569],[139.74381272,35.73452093],[139.74365147,35.73453641],[139.74340063,35.73458283],[139.74320354,35.73461378],[139.74311395,35.73456736],[139.74302437,35.73444355],[139.74286311,35.73427332],[139.74282728,35.73421142],[139.74266602,35.73402571],[139.74255852,35.73391738],[139.74245102,35.73379357],[139.7425406,35.73368524],[139.74263019,35.73360786],[139.74291686,35.73349953],[139.74313187,35.73337573],[139.74318562,35.7333293],[139.74332896,35.73325192],[139.74322146,35.73311264],[139.74352605,35.73289598],[139.74341854,35.73283408],[139.74271978,35.73229243],[139.74257644,35.7321841],[139.74250477,35.73213767],[139.74166266,35.73151865],[139.74155516,35.73142579],[139.74153724,35.73142579],[139.74146557,35.73136389],[139.74153724,35.73130199],[139.74157308,35.73127103],[139.74159099,35.73124008],[139.74166266,35.7311627],[139.741806,35.73102342],[139.74166266,35.73089962],[139.74159099,35.73082224],[139.74157308,35.73082224],[139.74148349,35.73072939],[139.74144766,35.73071391],[139.74112515,35.7305282],[139.74105348,35.73049725],[139.74099973,35.7304663],[139.74098181,35.73043535],[139.74085639,35.73035797],[139.74062347,35.7305901],[139.7405518,35.73065201],[139.74053388,35.73066748],[139.74017554,35.73099247],[139.7401397,35.73102342],[139.74010387,35.73105438],[139.73983511,35.73128651],[139.7395126,35.73156507],[139.73935135,35.7316734],[139.73933343,35.73168888],[139.73908259,35.73184364],[139.73886758,35.73162698],[139.73881383,35.73156507],[139.73834798,35.73122461],[139.73833007,35.73120913],[139.73831215,35.73119366],[139.73806131,35.73099247],[139.73786422,35.73083772],[139.73782839,35.73082224],[139.73781047,35.73079129],[139.73734462,35.73041987],[139.73732671,35.7304044],[139.73729087,35.73038892],[139.73689669,35.73007941],[139.73686086,35.73006393],[139.73682503,35.73004845],[139.73680711,35.7300175],[139.73652043,35.72981632],[139.73618001,35.72952228],[139.73614417,35.72950681],[139.735965,35.72935205],[139.73643085,35.72885683],[139.73686086,35.72839256],[139.73691461,35.72814494],[139.73689669,35.72791281],[139.73693253,35.72783543],[139.73704003,35.72768067],[139.73714753,35.72752592],[139.73716545,35.72749497],[139.73725504,35.72737116],[139.73678919,35.72726283],[139.73680711,35.72712355],[139.73727295,35.72710807],[139.73739837,35.72689141],[139.73727295,35.72686046],[139.7372192,35.72684499],[139.73698628,35.72676761],[139.73632334,35.72653547],[139.73612626,35.72644262],[139.7360725,35.72641167],[139.73582166,35.72628786],[139.73566041,35.72624143],[139.73562457,35.72622596],[139.73548124,35.72617953],[139.73553499,35.72608668],[139.73555291,35.72605573],[139.73557082,35.72604025],[139.73603667,35.72529742],[139.73601875,35.72529742],[139.73578583,35.72525099],[139.73574999,35.72525099],[139.73564249,35.72525099],[139.73540957,35.72523551],[139.73531998,35.72532837],[139.73530207,35.72534384],[139.7352304,35.72534384],[139.73514081,35.72531289],[139.73503331,35.72526647],[139.73483622,35.72520456],[139.73480038,35.72518909],[139.73476455,35.72517361],[139.73449579,35.72506528],[139.73438829,35.72515814],[139.73437037,35.72517361],[139.73435246,35.72518909],[139.73415537,35.72557598],[139.73404786,35.72552955],[139.73401203,35.72551408],[139.73397619,35.7254986],[139.73381494,35.7254367],[139.73361785,35.72531289],[139.73358202,35.72528194],[139.73333118,35.72512718],[139.73333118,35.72511171],[139.73320576,35.72503433],[139.73316992,35.72501885],[139.733152,35.72500338],[139.73302658,35.724926],[139.73291908,35.72500338],[139.73288325,35.72501885],[139.73286533,35.72500338],[139.7328295,35.7249879],[139.73291908,35.7248022],[139.73265032,35.72470934],[139.7325249,35.72466291],[139.73239948,35.72467839],[139.7324174,35.72438435],[139.7324174,35.7243534],[139.7324174,35.72424507],[139.73223823,35.72419864],[139.73222031,35.72418317],[139.73218448,35.72418317],[139.73196947,35.72410579],[139.73170071,35.72424507],[139.73139612,35.72424507],[139.73114528,35.72436888],[139.73112736,35.72449268],[139.73112736,35.72453911],[139.73100194,35.7248022],[139.73089444,35.7248641],[139.73076902,35.7248641],[139.73073319,35.72500338],[139.7306436,35.72523551],[139.73062568,35.72532837],[139.73060777,35.72540575],[139.73058985,35.72540575],[139.73057193,35.72546765],[139.73044651,35.72565336],[139.73039276,35.72571526],[139.73015984,35.72599382],[139.72987316,35.72628786],[139.72983733,35.72624143],[139.72972982,35.7261331],[139.72962232,35.7260712],[139.72951482,35.72602477],[139.7293894,35.72596287],[139.72937148,35.7259474],[139.72917439,35.72573074],[139.72915648,35.72571526],[139.72869063,35.72596287],[139.72793811,35.72638072],[139.72768727,35.72650452],[139.72766935,35.72652],[139.72765143,35.72653547],[139.72759768,35.72655095],[139.727096,35.72684499],[139.72675557,35.72695332],[139.72664807,35.72699974],[139.72648682,35.72704617],[139.72620014,35.7265819],[139.72611056,35.72665928],[139.7258418,35.72678308],[139.72571638,35.72672118],[139.72566263,35.72670571],[139.72562679,35.72669023],[139.72550137,35.7266438],[139.72525053,35.72667475],[139.72516095,35.72665928],[139.72512511,35.72665928],[139.72499969,35.72665928],[139.72482052,35.7266438],[139.72491011,35.72648905],[139.72492802,35.72645809],[139.72498177,35.72639619],[139.72499969,35.72634976],[139.72503553,35.72630334],[139.72526845,35.72631881],[139.72534012,35.7261331],[139.72516095,35.72602477],[139.72499969,35.72597835],[139.72430092,35.72582359],[139.72437259,35.72551408],[139.72401425,35.7254367],[139.72399633,35.7254367],[139.72394258,35.72542122],[139.72356632,35.72534384],[139.72290338,35.72520456],[139.72274213,35.72514266],[139.7228138,35.72503433],[139.72283171,35.72501885],[139.72283171,35.72500338],[139.72284963,35.72497243],[139.7230288,35.72466291],[139.72311839,35.7244153],[139.72313631,35.7242915],[139.72317214,35.72395103],[139.72319006,35.72368795],[139.72327964,35.72331653],[139.72329756,35.72323915],[139.72333339,35.72309987],[139.72333339,35.72303797],[139.72335131,35.72302249],[139.72336923,35.72289868],[139.72338715,35.7226975],[139.72338715,35.72268203],[139.72340506,35.72252727],[139.72345881,35.72240346],[139.72363799,35.72229513],[139.72405008,35.72195467],[139.72390674,35.72172253],[139.72388883,35.72159873],[139.72387091,35.72150587],[139.72388883,35.72142849],[139.72419342,35.72084042],[139.72435467,35.72054638],[139.72465926,35.72012854],[139.72473093,35.72000473],[139.72460551,35.71998925],[139.72444426,35.71994283],[139.72410383,35.71988092],[139.7235484,35.71971069],[139.72320797,35.71958689],[139.72308255,35.71949403],[139.72293922,35.71937023],[139.72283171,35.71924642],[139.72279588,35.71916904],[139.72272421,35.71896786],[139.72261671,35.718875],[139.72245545,35.71878215],[139.72233003,35.7187512],[139.72227628,35.7187512],[139.72224045,35.71873572],[139.72220461,35.71873572],[139.72202544,35.71884405],[139.72200752,35.718875],[139.72197169,35.71889048],[139.72186419,35.71896786],[139.72179252,35.71890596],[139.72170293,35.7188131],[139.72127292,35.71855002],[139.72095041,35.71853454],[139.72089666,35.71853454],[139.72084291,35.71851906],[139.72032331,35.71841073],[139.71976788,35.71839526],[139.71962454,35.71839526],[139.71953495,35.71837978],[139.7194812,35.71828693],[139.71946328,35.71825598],[139.71942745,35.71819407],[139.71939162,35.71813217],[139.7193737,35.71810122],[139.71931995,35.71800837],[139.71912286,35.71771433],[139.71901536,35.71749767],[139.71899744,35.71745124],[139.71890785,35.71751314],[139.71831659,35.71776075],[139.71802991,35.71738934],[139.71810158,35.71723458],[139.71815533,35.7170334],[139.71819117,35.71686316],[139.71815533,35.71681674],[139.71813741,35.71680126],[139.71806575,35.71672388],[139.71801199,35.71666198],[139.71790449,35.71655365],[139.71783282,35.71647627],[139.7178149,35.71605843],[139.71779699,35.7158882],[139.71758198,35.71523822],[139.71747448,35.71478942],[139.71747448,35.71461919],[139.71761782,35.71449538],[139.71779699,35.71443348],[139.71785074,35.714418],[139.71788657,35.71440253],[139.71806575,35.71434063],[139.71847784,35.7142942],[139.71919453,35.71413944],[139.71935578,35.71410849],[139.71939162,35.71409302],[139.71942745,35.71407754],[139.71980371,35.71398469],[139.72032331,35.71376803],[139.72035914,35.71373707],[139.72039498,35.7137216],[139.72077124,35.71356684],[139.72130875,35.71322638],[139.72152376,35.71311805],[139.72175668,35.71299424],[139.72238378,35.71265378],[139.72261671,35.71249902],[139.72265254,35.71243712],[139.72254504,35.71231331],[139.7225092,35.71226688],[139.7224017,35.71234426],[139.72234795,35.71239069],[139.72224045,35.71243712],[139.72209711,35.71249902],[139.72200752,35.71252997],[139.72168501,35.71254545],[139.72109375,35.71245259],[139.72091458,35.71243712],[139.72086082,35.71248354],[139.72082499,35.71251449],[139.72080707,35.71252997],[139.72071749,35.71262282],[139.7206279,35.71265378],[139.72055623,35.7126383],[139.72048456,35.71256092],[139.72043081,35.71248354],[139.72043081,35.71245259],[139.72039498,35.71240616],[139.72034123,35.71232879],[139.72016205,35.71229784],[139.72012622,35.71242164],[139.7201083,35.71246807],[139.72005455,35.71259187],[139.72001872,35.71271568],[139.7198933,35.71276211],[139.71974996,35.71276211],[139.71966037,35.71276211],[139.7195887,35.71277758],[139.71939162,35.7127002],[139.71924828,35.7125764],[139.71923036,35.71256092],[139.71912286,35.71246807],[139.71876451,35.71256092],[139.71871076,35.71256092],[139.71865701,35.71254545],[139.71792241,35.7127002],[139.71761782,35.71282401],[139.71745656,35.71288591],[139.71727739,35.71291686],[139.71713405,35.71293234],[139.71688321,35.71297877],[139.71682946,35.71304067],[139.71679363,35.71307162],[139.71666821,35.71319543],[139.7163457,35.71352041],[139.71623819,35.71362874],[139.71613069,35.7137216],[139.71611277,35.71373707],[139.71600527,35.71379898],[139.7159336,35.71379898],[139.71587985,35.71381445],[139.71570068,35.71373707],[139.71553942,35.71361327],[139.71546776,35.71358232],[139.71534233,35.71352041],[139.71507358,35.71339661],[139.71484065,35.71328828],[139.71462565,35.71322638],[139.71448231,35.71319543],[139.71441064,35.71317995],[139.71428522,35.71324185],[139.7142673,35.71324185],[139.71390896,35.71339661],[139.71376562,35.71348946],[139.7136402,35.71358232],[139.71355062,35.71369065],[139.71331769,35.71389183],[139.71328186,35.71393826],[139.7129056,35.71420135],[139.71231433,35.71461919],[139.71211724,35.71475847],[139.71192015,35.71478942],[139.7116514,35.71482037],[139.71161556,35.7148049],[139.71159765,35.7148049],[139.71129305,35.71477395],[139.71107805,35.71465014],[139.7110243,35.71446443],[139.71095263,35.71424777],[139.71091679,35.71413944],[139.71073762,35.71389183],[139.71059428,35.7136597],[139.71057637,35.71362874],[139.71054053,35.71353589],[139.71041511,35.71345851],[139.71032553,35.71347399],[139.71023594,35.71350494],[139.71002093,35.71355137],[139.70960884,35.71358232],[139.70914299,35.71358232],[139.70912508,35.71358232],[139.70878465,35.71370612],[139.70876673,35.71370612],[139.70876673,35.7137216],[139.7087309,35.71376803],[139.70867715,35.71381445],[139.70833672,35.71381445],[139.70806796,35.71382993],[139.70774545,35.71381445],[139.70753045,35.71382993],[139.70735128,35.71386088],[139.70727961,35.71379898],[139.70722586,35.71376803],[139.70719002,35.71375255],[139.70702877,35.71364422],[139.70649125,35.71355137],[139.70638375,35.71348946],[139.70627625,35.71342756],[139.70607916,35.71342756],[139.70604332,35.71342756],[139.70600749,35.71344304],[139.70588207,35.71344304],[139.70536247,35.71370612],[139.70548789,35.71413944],[139.70538039,35.71443348],[139.70530872,35.71444896],[139.70527288,35.71446443],[139.70493246,35.71454181],[139.70484287,35.71455729],[139.70484287,35.71460371],[139.70482495,35.71466562],[139.70480704,35.71474299],[139.70478912,35.71474299],[139.70471745,35.71506798],[139.7046637,35.71534655],[139.7046637,35.7153775],[139.7045562,35.71587272],[139.70480704,35.71602748],[139.70482495,35.71604295],[139.70491454,35.71610486],[139.70525497,35.71630604],[139.70538039,35.71649175],[139.7053983,35.71656913],[139.70543414,35.71666198],[139.70557748,35.71712625],[139.70559539,35.7171572],[139.70561331,35.71731196],[139.70561331,35.71738934],[139.70566706,35.71759052],[139.70572081,35.71793099],[139.70573873,35.71799289],[139.7058104,35.71831788],[139.7058104,35.71834883],[139.70588207,35.71862739],[139.70593582,35.71884405],[139.70593582,35.71885953],[139.7053983,35.71904524],[139.70520122,35.71940118],[139.70514746,35.71949403],[139.70509371,35.71961784],[139.70500413,35.71975712],[139.70498621,35.71991188],[139.70496829,35.71998925],[139.70491454,35.72020591],[139.70489662,35.72028329],[139.70486079,35.72043805],[139.70498621,35.72049995],[139.70516538,35.72059281],[139.70520122,35.72060828],[139.70503996,35.72079399],[139.70503996,35.72082494],[139.70505788,35.72085589],[139.70507579,35.72088684],[139.70536247,35.72147492],[139.70502204,35.72170706],[139.70500413,35.72173801],[139.70495037,35.72176896],[139.70478912,35.72187729],[139.70446661,35.72207847],[139.70437703,35.72210942],[139.70432327,35.72214038],[139.70426952,35.72217133],[139.70416202,35.72221775],[139.70417994,35.72226418],[139.70432327,35.72251179],[139.70437703,35.72262012],[139.70443078,35.72271298],[139.70450245,35.72283678],[139.70453828,35.72289868],[139.70459203,35.72300701],[139.70435911,35.72306892],[139.70373201,35.7232082],[139.70344533,35.7232701],[139.70287198,35.72334748],[139.70281823,35.72336296],[139.70265698,35.72337843],[139.70210154,35.72345581],[139.70199404,35.72345581],[139.70188654,35.72347129],[139.70176112,35.72347129],[139.70168945,35.72347129],[139.70134902,35.72348676],[139.70129527,35.72348676],[139.70102651,35.72350224],[139.70090109,35.72350224],[139.70084734,35.72350224],[139.70081151,35.72350224],[139.700489,35.72351771],[139.7000769,35.72353319],[139.70000523,35.72353319],[139.69980815,35.72354866],[139.69980815,35.72351771],[139.69979023,35.72348676],[139.69964689,35.72325463],[139.69961106,35.72319272],[139.69961106,35.72317725],[139.69952147,35.72300701],[139.69950355,35.72299154],[139.6994498,35.72291416],[139.69937813,35.72282131],[139.69912729,35.72255822],[139.69896604,35.72243441],[139.6988227,35.72240346],[139.6986077,35.72238799],[139.69848228,35.72232608],[139.69842852,35.72231061],[139.69839269,35.72229513],[139.69812393,35.7221868],[139.697676,35.72209395],[139.69735349,35.72207847],[139.69731766,35.722063],[139.69713849,35.72204752],[139.69581262,35.72207847],[139.69577678,35.72197014],[139.69575886,35.72189276],[139.69572303,35.72173801],[139.69565136,35.72175348],[139.69559761,35.72175348],[139.69509593,35.72181539],[139.69493467,35.72183086],[139.69450466,35.72198562],[139.69421799,35.72209395],[139.69393131,35.7221868],[139.69282045,35.72232608],[139.69226502,35.72237251],[139.69167375,35.72241894],[139.69165583,35.72241894],[139.69140499,35.72244989],[139.69106457,35.72246537],[139.69077789,35.72249632],[139.69025829,35.72252727],[139.68939827,35.72260465],[139.68902201,35.72260465],[139.68896826,35.72260465],[139.68848449,35.72260465],[139.68843074,35.72260465],[139.68803656,35.72260465],[139.68769614,35.72262012],[139.68719446,35.72266655],[139.68705112,35.72268203],[139.68687195,35.7226975],[139.68667486,35.72272845],[139.68665694,35.72272845],[139.68662111,35.72272845],[139.68583275,35.7226975],[139.685779,35.7226975],[139.68574317,35.7226975],[139.68545649,35.72268203],[139.68518773,35.7226356],[139.68513398,35.7226356],[139.68508023,35.72262012],[139.68441729,35.72251179],[139.68439938,35.72252727],[139.68434563,35.72272845],[139.68432771,35.72280583],[139.68432771,35.72292964],[139.68432771,35.72300701],[139.68418437,35.72348676],[139.68416645,35.72362604],[139.68416645,35.72365699],[139.68414854,35.72379627],[139.6838977,35.72374985],[139.68352144,35.72368795],[139.68334226,35.72367247],[139.68330643,35.72367247],[139.68328851,35.72367247],[139.68271516,35.72364152],[139.68269725,35.72370342],[139.68255391,35.72410579],[139.68253599,35.72412126],[139.68246432,35.72416769],[139.68246432,35.72418317],[139.68230307,35.72457006],[139.68228515,35.72460101],[139.68226723,35.72470934],[139.68224932,35.72474029],[139.68219557,35.72495695],[139.68217765,35.72500338],[139.68208806,35.72526647],[139.6818193,35.7260093],[139.68178347,35.72608668],[139.68176555,35.72614858],[139.68158638,35.72659738],[139.68151471,35.72675213],[139.68147888,35.72679856],[139.68146096,35.72684499],[139.68135346,35.72704617],[139.68133554,35.72704617],[139.68122804,35.72710807],[139.68079803,35.72735568],[139.68072636,35.72741759],[139.68069052,35.72743306],[139.68063677,35.72746401],[139.68018884,35.72777353],[139.68017092,35.727789],[139.68011717,35.72781996],[139.68006342,35.72785091],[139.67907798,35.72842351],[139.67889881,35.72851636],[139.67880922,35.72856279],[139.67837921,35.72879492],[139.67818212,35.72890325],[139.67812837,35.72894968],[139.67809253,35.72894968],[139.67807462,35.72896516],[139.67803878,35.72899611],[139.6779492,35.72904253],[139.6775371,35.72927467],[139.67746543,35.72930562],[139.67734001,35.72936752],[139.6774296,35.72955323],[139.67750127,35.72973894],[139.67777002,35.73018774],[139.67791336,35.7305282],[139.67793128,35.73057463],[139.67796711,35.73066748],[139.67796711,35.73068296],[139.67811045,35.73079129],[139.67818212,35.73089962],[139.67834337,35.73111628],[139.67843296,35.73122461],[139.67796711,35.73168888],[139.67820004,35.73199839],[139.67821795,35.73202934],[139.67823587,35.7320603],[139.67848671,35.73240076],[139.67882714,35.73257099],[139.67893464,35.73271027],[139.67895256,35.73274123],[139.67902423,35.73283408],[139.67906006,35.73289598],[139.67918548,35.73317454],[139.6792034,35.73323645],[139.67922131,35.73329835],[139.67923923,35.7333293],[139.67923923,35.73337573],[139.67927507,35.73359239],[139.67923923,35.73371619],[139.67909589,35.7339019],[139.67907798,35.73391738],[139.67904214,35.73394833],[139.67895256,35.73407214],[139.67884505,35.73425784],[139.67880922,35.73431975],[139.67873755,35.73442808],[139.6787913,35.73455188],[139.67880922,35.73456736],[139.67884505,35.73466021],[139.67897047,35.73481497],[139.67902423,35.73489235],[139.67906006,35.7350471],[139.67909589,35.73534114],[139.67916756,35.7354959],[139.67918548,35.73554233],[139.67929298,35.73574351],[139.67938257,35.73582089],[139.67952591,35.73589827],[139.67975883,35.73602207],[139.67992008,35.73614588],[139.679938,35.73620778],[139.67995592,35.73626968],[139.68006342,35.73645539],[139.68009926,35.73656372],[139.68011717,35.73661015],[139.68017092,35.73671848],[139.68036801,35.73736846],[139.6804576,35.73749226],[139.68051135,35.73753869],[139.68052927,35.73756964],[139.68063677,35.73763154],[139.68065469,35.73770892],[139.68065469,35.7377863],[139.68074427,35.73787916],[139.68086969,35.73786368],[139.68129971,35.73780178],[139.6809772,35.73825057],[139.68083386,35.738297],[139.68078011,35.73859104],[139.68078011,35.73862199],[139.68078011,35.73865294],[139.68076219,35.73876127],[139.68110262,35.7388077],[139.68115637,35.73882317],[139.68128179,35.73883865],[139.68140721,35.73885412],[139.68144304,35.73885412],[139.68147888,35.7388696],[139.68201639,35.73896245],[139.68215973,35.73899341],[139.68228515,35.73902436],[139.68232099,35.73903983],[139.68258974,35.73910174],[139.68321684,35.73928744],[139.68325268,35.73930292],[139.68328851,35.7393184],[139.68334226,35.73933387],[139.68391561,35.7395041],[139.68425604,35.73964338],[139.68436354,35.73967434],[139.68445313,35.73970529],[139.6847398,35.73978267],[139.68491898,35.73984457],[139.68495481,35.73984457],[139.68547441,35.73999933],[139.68615526,35.74020051],[139.68622693,35.74023146],[139.68626276,35.74023146],[139.6862986,35.74024694],[139.68665694,35.74037074],[139.68669278,35.74037074],[139.68723029,35.74055645],[139.68733779,35.7405874],[139.68742738,35.74061835],[139.6875528,35.7406493],[139.68819782,35.74083501],[139.68825157,35.74083501],[139.68837699,35.74088144],[139.688592,35.74094334],[139.68909368,35.74112905],[139.68961327,35.74133024],[139.68977453,35.74145404],[139.68989995,35.74159332],[139.69002537,35.7416707],[139.69027621,35.74185641],[139.69133332,35.74253734],[139.69136916,35.74255281],[139.69156625,35.74272305],[139.69162,35.74276947],[139.69167375,35.74280043],[139.69178125,35.74289328],[139.69179917,35.74292423],[139.69187084,35.74298613],[139.69192459,35.74303256],[139.69196042,35.74307899],[139.69226502,35.74335755],[139.69244419,35.74351231],[139.69248002,35.74354326],[139.69249794,35.74357421],[139.69256961,35.74363611],[139.69262336,35.74360516],[139.69265919,35.74357421],[139.69269503,35.74355874],[139.6927667,35.74351231],[139.69337588,35.74310994],[139.69342963,35.74307899],[139.69346547,35.74304804],[139.69357297,35.74297066],[139.69414632,35.74300161],[139.69428966,35.74300161],[139.69450466,35.74304804],[139.69448675,35.74295518],[139.69448675,35.74289328],[139.69446883,35.74286233],[139.69446883,35.7428159],[139.6945405,35.74222783],[139.69466592,35.74222783],[139.6956872,35.74225878],[139.69572303,35.74225878],[139.69613513,35.74225878],[139.69647555,35.74227425],[139.69651139,35.74227425],[139.69658305,35.74228973],[139.69755058,35.74233616],[139.69758642,35.74233616],[139.69762225,35.74233616],[139.69866145,35.74238258],[139.69885854,35.74239806],[139.69887645,35.74227425],[139.69887645,35.74222783],[139.69887645,35.74219687],[139.69891229,35.74187188],[139.6989302,35.7416707],[139.6989302,35.74165522],[139.69900187,35.74133024],[139.69901979,35.74126833],[139.69903771,35.74116],[139.69909146,35.74066478],[139.69909146,35.74055645],[139.69909146,35.7405255],[139.69907354,35.74041717],[139.69914521,35.74023146],[139.69918104,35.74013861],[139.69919896,35.739891],[139.69919896,35.73987552],[139.69921688,35.73972076],[139.70000523,35.73978267],[139.70032774,35.73981362],[139.70057858,35.73984457],[139.70079359,35.73987552],[139.70082942,35.73987552],[139.70086526,35.739891],[139.70099068,35.73990647],[139.7012236,35.73936482],[139.70138486,35.73908626],[139.70140277,35.73905531],[139.70142069,35.73902436],[139.70147444,35.73891603],[139.70197612,35.73786368],[139.70197612,35.7378482],[139.70199404,35.73781725],[139.70204779,35.73770892],[139.70220905,35.73733751],[139.70224488,35.7372756],[139.7022628,35.73724465],[139.70228072,35.73722918],[139.70235238,35.73712085],[139.70199404,35.73696609],[139.70197612,35.73690419],[139.70206571,35.7365792],[139.70210154,35.73647087],[139.70210154,35.73645539],[139.70213738,35.73637801],[139.7021553,35.73636254],[139.7022628,35.73623873],[139.70233447,35.73614588],[139.7023703,35.73614588],[139.70238822,35.7361304],[139.70260322,35.73608398],[139.70265698,35.73608398],[139.70344533,35.73591374],[139.70357075,35.73586732],[139.70360659,35.73586732],[139.70371409,35.73586732],[139.70382159,35.73586732],[139.70385743,35.73609945],[139.70391118,35.73626968],[139.70391118,35.73631611],[139.7039291,35.73634706],[139.70396493,35.73650182],[139.70400076,35.7366411],[139.70400076,35.73682681],[139.7040366,35.73704347],[139.70405452,35.7371518],[139.70412618,35.73729108],[139.70419785,35.73738393],[139.70421577,35.73739941],[139.7042516,35.73743036],[139.70444869,35.73769345],[139.70471745,35.73795653],[139.70473537,35.73797201],[139.7047712,35.73800296],[139.70491454,35.73814224],[139.70527288,35.73848271],[139.70530872,35.73851366],[139.70534455,35.73854461],[139.70572081,35.73897793],[139.70579248,35.73903983],[139.7058104,35.73907078],[139.70584623,35.73910174],[139.70650917,35.73978267],[139.706545,35.73979814],[139.70701085,35.74027789],[139.70726169,35.74054097],[139.70742294,35.74071121],[139.70754836,35.74085049],[139.70756628,35.74085049],[139.70760212,35.74089692],[139.7076917,35.74098977],[139.70783504,35.74112905],[139.70788879,35.74120643],[139.70799629,35.74131476],[139.70801421,35.74133024],[139.70815755,35.74146952],[139.70830089,35.74163975],[139.7083188,35.7416707],[139.70833672,35.74168618],[139.70833672,35.74170165],[139.70848006,35.74193379],[139.70849797,35.74196474],[139.7086234,35.74216592],[139.70869506,35.74225878],[139.70869506,35.7423052],[139.70880257,35.74267662],[139.70891007,35.74300161],[139.70903549,35.74329565],[139.70905341,35.7433266],[139.70908924,35.74345041],[139.70912508,35.74380635],[139.70916091,35.74391468],[139.70916091,35.74393015],[139.70917883,35.74397658],[139.70919674,35.74403848],[139.70944759,35.74442537],[139.70959092,35.74468846],[139.70960884,35.74471941],[139.70964467,35.74476584],[139.70966259,35.74479679],[139.70969843,35.74488964],[139.70982385,35.74505988],[139.70989551,35.74513726],[139.70991343,35.74516821],[139.70993135,35.74519916],[139.71043303,35.74578723],[139.71068387,35.74577176],[139.7107197,35.74577176],[139.71079137,35.74575628],[139.71086304,35.74575628],[139.71150806,35.74564795],[139.71177682,35.74560153],[139.71183057,35.74558605],[139.7118664,35.74558605],[139.71211724,35.74553962],[139.71267268,35.74544677],[139.71270851,35.74544677],[139.71274434,35.74544677],[139.71286977,35.74541582],[139.71360437,35.74530749],[139.71362229,35.74530749],[139.71378354,35.74527654],[139.71433897,35.74529201],[139.71439272,35.74530749],[139.71446439,35.74533844],[139.71448231,35.74533844],[139.71473315,35.74544677],[139.7147869,35.74570986],[139.71480482,35.74574081],[139.7160411,35.7454932],[139.71623819,35.74544677],[139.71666821,35.74540034],[139.71691905,35.74536939],[139.71695488,35.74536939],[139.71725947,35.74533844],[139.71745656,35.74532296],[139.7174924,35.74532296],[139.71776115,35.74530749],[139.71858534,35.74523011],[139.71890785,35.74515273],[139.71924828,35.74509083],[139.71951704,35.7450444]]]]}},{"type":"Feature","properties":{"OBJECTID":109,"N03_001":"東京都","N03_002":null,"N03_003":null,"N03_004":"北区","N03_007":"13117","Shape_Leng":0.321407901830027,"Shape_Area":0.002053993651268,"id":"gci:13117A1968"},"geometry":{"type":"MultiPolygon","coordinates":[[[[139.73804339,35.78022065],[139.7381509,35.78000399],[139.73822256,35.77983376],[139.73829423,35.77969448],[139.73831215,35.77947782],[139.73829423,35.77929211],[139.73827632,35.77878141],[139.73827632,35.77875046],[139.73818673,35.77825524],[139.73788214,35.77743503],[139.73739837,35.77652196],[139.73725504,35.77622792],[139.73696836,35.77568627],[139.73662794,35.77506725],[139.7365921,35.77500534],[139.73618001,35.77416966],[139.73591125,35.77342682],[139.73589333,35.77331849],[139.73573208,35.77259114],[139.73571416,35.77234352],[139.73569624,35.77220424],[139.73574999,35.77163164],[139.73589333,35.77105904],[139.73618001,35.77062572],[139.73639501,35.77042454],[139.73653835,35.77033168],[139.73673544,35.77022335],[139.73745213,35.76996027],[139.7376313,35.76991384],[139.73847341,35.76975908],[139.73902884,35.7696198],[139.73917217,35.76957338],[139.73978136,35.76940314],[139.73999636,35.76932576],[139.74042638,35.76918648],[139.7412864,35.76879959],[139.74166266,35.76862936],[139.74205684,35.76845913],[139.74273769,35.76816509],[139.74302437,35.76805676],[139.74463691,35.76748416],[139.74572986,35.76712822],[139.74641071,35.76700441],[139.74676906,35.76700441],[139.74707365,35.76701989],[139.74753949,35.76712822],[139.747647,35.76714369],[139.74809493,35.76717464],[139.74906245,35.76720559],[139.74956414,35.76723655],[139.74986873,35.76723655],[139.74999415,35.76725202],[139.75001206,35.76725202],[139.7501554,35.76725202],[139.75062125,35.76734488],[139.75128418,35.76743773],[139.75142752,35.76746868],[139.75169628,35.76754606],[139.75218004,35.76768534],[139.75262797,35.76780915],[139.75312965,35.76793295],[139.75338049,35.76797938],[139.75382842,35.76805676],[139.75431219,35.76816509],[139.75449136,35.76822699],[139.75497512,35.76838175],[139.75535138,35.76859841],[139.7554768,35.76866031],[139.75565597,35.76881507],[139.75597848,35.76900077],[139.75660558,35.76937219],[139.756731,35.76944957],[139.75793145,35.77017693],[139.75827188,35.77000669],[139.75832563,35.76997574],[139.75834355,35.76996027],[139.75863022,35.76979003],[139.75898857,35.7695579],[139.75927524,35.76931029],[139.75952608,35.76903173],[139.75970525,35.76878411],[139.75986651,35.7684746],[139.75997401,35.76822699],[139.7600636,35.76793295],[139.76015318,35.76754606],[139.76015318,35.7672675],[139.76013527,35.76698893],[139.76009943,35.7667568],[139.7600636,35.76666394],[139.75999193,35.76652466],[139.75984859,35.76627705],[139.75983068,35.76627705],[139.75956192,35.76595206],[139.75925733,35.7656116],[139.75906024,35.76537946],[139.75889898,35.76519375],[139.75859439,35.76496162],[139.75834355,35.76474496],[139.75832563,35.76474496],[139.75816438,35.7645902],[139.75785979,35.76443544],[139.75771645,35.76435807],[139.75746561,35.76424974],[139.75742977,35.76423426],[139.75723269,35.76414141],[139.75712518,35.7640795],[139.75646225,35.76387832],[139.75603223,35.76372356],[139.75558431,35.76352238],[139.75502887,35.76322834],[139.75458094,35.76294978],[139.75440177,35.7628105],[139.75413301,35.76260931],[139.75366717,35.7623617],[139.75243088,35.76164982],[139.75225171,35.76154149],[139.75132002,35.76104627],[139.7502629,35.76050462],[139.75001206,35.76038081],[139.74999415,35.76038081],[139.74936705,35.76005582],[139.74888328,35.75980821],[139.74868619,35.75960703],[139.74850702,35.75937489],[139.7483816,35.75915823],[139.74836368,35.75915823],[139.74834577,35.75911181],[139.7482741,35.75891062],[139.7482741,35.75866301],[139.7482741,35.75861658],[139.74829202,35.75833802],[139.74830993,35.75832255],[139.74834577,35.75809041],[139.74845327,35.7578428],[139.74852494,35.75768804],[139.74859661,35.75757971],[139.74881161,35.75728567],[139.74906245,35.75703806],[139.74927746,35.75689878],[139.74967164,35.75668212],[139.74999415,35.75649641],[139.75001206,35.75649641],[139.75006582,35.75646546],[139.75047791,35.75629523],[139.75054958,35.75626428],[139.75121251,35.75607857],[139.75178586,35.75595477],[139.7529684,35.75569168],[139.753703,35.75558335],[139.75468845,35.75542859],[139.75612182,35.75518098],[139.75732227,35.75496432],[139.75785979,35.75487147],[139.75796729,35.75485599],[139.7578777,35.7544691],[139.7578777,35.75445362],[139.75759103,35.75323104],[139.75759103,35.75316914],[139.75726852,35.75320009],[139.75699976,35.75323104],[139.75653392,35.75326199],[139.75630099,35.75327747],[139.75624724,35.75327747],[139.75513638,35.75335485],[139.7548497,35.75337032],[139.75393593,35.75346318],[139.75381051,35.75346318],[139.75375675,35.75346318],[139.753703,35.75347865],[139.75334466,35.75349413],[139.75323716,35.75349413],[139.75237713,35.75358698],[139.75230546,35.75360246],[139.75226963,35.75327747],[139.75185753,35.75329295],[139.75187545,35.75363341],[139.75149919,35.75367984],[139.75097959,35.75369531],[139.75089001,35.75371079],[139.75085417,35.75323104],[139.7507825,35.75265844],[139.75062125,35.75237988],[139.75037041,35.75211679],[139.75033457,35.75207037],[139.75029874,35.75203941],[139.75022707,35.75196204],[139.75019124,35.75191561],[139.75001206,35.7517299],[139.74999415,35.7517299],[139.74974331,35.75134301],[139.74972539,35.75131206],[139.74968956,35.75126563],[139.7496358,35.75118825],[139.74990456,35.7511573],[139.7499404,35.7511573],[139.74999415,35.7511573],[139.75001206,35.7511573],[139.75011957,35.75114182],[139.75010165,35.75107992],[139.75006582,35.75097159],[139.75002998,35.75086326],[139.75001206,35.75078588],[139.74999415,35.75078588],[139.74988664,35.75047637],[139.74988664,35.75042994],[139.74986873,35.75039899],[139.74977914,35.75012043],[139.74999415,35.7500121],[139.75001206,35.7500121],[139.75001206,35.74999662],[139.75089001,35.74954783],[139.75108709,35.74974901],[139.75110501,35.74976449],[139.75114085,35.74979544],[139.75121251,35.74987282],[139.75126627,35.74985734],[139.7513021,35.74982639],[139.75133794,35.74981091],[139.75176795,35.74954783],[139.75189337,35.74947045],[139.75218004,35.74930022],[139.7523413,35.74928474],[139.75239505,35.74928474],[139.7524488,35.74928474],[139.75341633,35.74923831],[139.75347008,35.74923831],[139.7543301,35.74920736],[139.75459886,35.74919189],[139.75465261,35.74919189],[139.75470636,35.74919189],[139.75470636,35.74917641],[139.7548497,35.74894428],[139.75517221,35.7489288],[139.75513638,35.74860381],[139.75513638,35.74858834],[139.75508262,35.74813954],[139.75506471,35.74810859],[139.75506471,35.74807764],[139.75504679,35.74783003],[139.75527971,35.74765979],[139.75531555,35.74762884],[139.75538722,35.74758242],[139.75658767,35.74759789],[139.7566235,35.74759789],[139.75667725,35.74759789],[139.75751936,35.74761337],[139.75780603,35.74761337],[139.75780603,35.74693244],[139.75780603,35.74688601],[139.75780603,35.74687053],[139.75782395,35.74617413],[139.75782395,35.7461277],[139.75782395,35.74608127],[139.75750144,35.74577176],[139.75742977,35.74569438],[139.75734019,35.74560153],[139.75719685,35.74546225],[139.75832563,35.74473489],[139.75834355,35.74473489],[139.7585048,35.74462656],[139.75864814,35.7445337],[139.75871981,35.74448728],[139.7594365,35.74400753],[139.75947233,35.74399205],[139.75952608,35.7439611],[139.7601711,35.74354326],[139.76018902,35.74352778],[139.76022485,35.74351231],[139.76031444,35.74345041],[139.76052944,35.74371349],[139.76097737,35.74346588],[139.76103113,35.74343493],[139.76149697,35.74318732],[139.76155072,35.74329565],[139.76162239,35.74349683],[139.7617299,35.74377539],[139.76187323,35.74375992],[139.76192698,35.74375992],[139.76198074,35.74374444],[139.76287659,35.74365159],[139.76325286,35.74410038],[139.76336036,35.74411586],[139.76344994,35.74411586],[139.76357536,35.74411586],[139.76384412,35.74413134],[139.76384412,35.74400753],[139.76384412,35.74399205],[139.76386204,35.7439611],[139.76387996,35.74355874],[139.76387996,35.74352778],[139.76387996,35.74349683],[139.76391579,35.74304804],[139.76391579,35.74300161],[139.76391579,35.74297066],[139.76393371,35.74284685],[139.76531333,35.74190284],[139.76536708,35.74187188],[139.76542083,35.74184093],[139.7654925,35.74179451],[139.76574334,35.74179451],[139.76585085,35.7416707],[139.76588668,35.74162427],[139.76620919,35.74159332],[139.76626294,35.74159332],[139.76667504,35.74156237],[139.76696171,35.74154689],[139.76701546,35.74154689],[139.7670513,35.74153142],[139.76708713,35.74153142],[139.76785757,35.74148499],[139.7678934,35.74148499],[139.76818008,35.74146952],[139.76826966,35.74111358],[139.76828758,35.74106715],[139.76828758,35.74102072],[139.76837717,35.74068026],[139.76839508,35.74063383],[139.768413,35.7405874],[139.76846675,35.74040169],[139.76846675,35.74013861],[139.76873551,35.73999933],[139.76884301,35.7399529],[139.76907594,35.73984457],[139.76905802,35.73968981],[139.76905802,35.73964338],[139.76900427,35.73925649],[139.76952387,35.73897793],[139.76963137,35.73914816],[139.77009722,35.73896245],[139.77006138,35.73873032],[139.77067056,35.73825057],[139.77101099,35.73798749],[139.77111849,35.73791011],[139.77111849,35.73789463],[139.7705989,35.73770892],[139.77052723,35.73767797],[139.76998971,35.73749226],[139.76923719,35.73722918],[139.76912969,35.73718275],[139.7689326,35.73712085],[139.76850259,35.73696609],[139.7678934,35.73674943],[139.7676784,35.73667205],[139.76667504,35.73631611],[139.76624502,35.73616135],[139.7660121,35.73605302],[139.76592251,35.7360066],[139.76576126,35.73591374],[139.76556417,35.73582089],[139.7654925,35.73578994],[139.76506249,35.73557328],[139.76491915,35.7354959],[139.76472206,35.73540304],[139.76447122,35.73527924],[139.76418455,35.73513996],[139.76387996,35.73500068],[139.76375454,35.73493877],[139.76409496,35.73466021],[139.7642383,35.73444355],[139.76341411,35.73368524],[139.76336036,35.73370072],[139.76280493,35.73380905],[139.76278701,35.73380905],[139.76244658,35.73366977],[139.76233908,35.73363882],[139.76198074,35.73393285],[139.7613178,35.73380905],[139.76133572,35.73376262],[139.7614253,35.73348406],[139.76144322,35.73342216],[139.76146114,35.7333293],[139.76153281,35.73311264],[139.76153281,35.73309717],[139.76155072,35.73305074],[139.76156864,35.73298884],[139.76162239,35.7328186],[139.76106696,35.73232338],[139.76103113,35.73229243],[139.76094154,35.73219958],[139.76013527,35.73170435],[139.76009943,35.73168888],[139.76008152,35.73165793],[139.75993818,35.73158055],[139.75909607,35.73227695],[139.75877356,35.73254004],[139.75871981,35.73257099],[139.75868398,35.73260194],[139.75855856,35.73271027],[139.75845105,35.73272575],[139.7583973,35.73272575],[139.75834355,35.73274123],[139.75832563,35.73274123],[139.7578777,35.7328186],[139.75694601,35.7333293],[139.75639058,35.73363882],[139.75606807,35.73379357],[139.75605015,35.73380905],[139.75596057,35.73385548],[139.75592473,35.73387095],[139.75497512,35.7343507],[139.75493929,35.73436617],[139.75447344,35.73459831],[139.75434802,35.73469116],[139.7543301,35.73470664],[139.75381051,35.73507806],[139.75363133,35.73515543],[139.75354175,35.73513996],[139.753488,35.73513996],[139.75341633,35.73513996],[139.75275339,35.73506258],[139.75221588,35.73534114],[139.75218004,35.73535662],[139.75216213,35.73537209],[139.7520367,35.735434],[139.75155294,35.73572803],[139.75137377,35.73572803],[139.75121251,35.73574351],[139.75096167,35.73574351],[139.75042416,35.73599112],[139.75038833,35.7360066],[139.75008373,35.73614588],[139.75001206,35.73619231],[139.74999415,35.73620778],[139.74956414,35.73654825],[139.74949247,35.73665658],[139.74947455,35.73668753],[139.74945663,35.73671848],[139.74929538,35.73701252],[139.74927746,35.73702799],[139.74909829,35.73735298],[139.74891912,35.73767797],[139.74884745,35.7377863],[139.74877578,35.73791011],[139.74870411,35.73806486],[139.74850702,35.7384208],[139.7484891,35.73845176],[139.74847119,35.73848271],[139.74834577,35.73869937],[139.74823826,35.73877675],[139.74820243,35.73879222],[139.7481666,35.7388077],[139.74770075,35.73914816],[139.74766491,35.73916364],[139.74762908,35.73917911],[139.74737824,35.73936482],[139.74687656,35.73967434],[139.74678697,35.73972076],[139.74676906,35.73973624],[139.74669739,35.73978267],[139.74657197,35.73984457],[139.74632113,35.73924102],[139.74632113,35.73921007],[139.74615987,35.73883865],[139.74599862,35.73888508],[139.7459807,35.73897793],[139.74596278,35.73916364],[139.74565819,35.73919459],[139.74513859,35.73927197],[139.74460108,35.7393184],[139.74456524,35.7393184],[139.74440399,35.73933387],[139.74433232,35.73891603],[139.74402773,35.73896245],[139.74411731,35.73941125],[139.74388439,35.73959696],[139.74399189,35.73996837],[139.74400981,35.73999933],[139.74402773,35.74003028],[139.74413523,35.74040169],[139.74424273,35.74049455],[139.74427857,35.7405255],[139.74429649,35.74054097],[139.74440399,35.74063383],[139.74442191,35.74078859],[139.74429649,35.74080406],[139.7442069,35.74098977],[139.74413523,35.74098977],[139.74406356,35.74098977],[139.74390231,35.74100525],[139.74379481,35.74116],[139.74375897,35.74119095],[139.74374105,35.74123738],[139.74366939,35.74134571],[139.74273769,35.74156237],[139.74270186,35.74159332],[139.74264811,35.74162427],[139.74259435,35.7416707],[139.74189559,35.7421195],[139.74166266,35.7421814],[139.74123265,35.7423052],[139.74119682,35.7423052],[139.74116098,35.74232068],[139.74105348,35.74235163],[139.74099973,35.74232068],[139.74040846,35.74207307],[139.74021137,35.74198021],[139.74017554,35.74198021],[139.7401397,35.74196474],[139.73969177,35.74176355],[139.73956635,35.7417326],[139.73933343,35.7416707],[139.73890342,35.74154689],[139.73886758,35.74153142],[139.73884967,35.74153142],[139.73827632,35.74137666],[139.73824048,35.74136119],[139.73818673,35.74134571],[139.73788214,35.74126833],[139.73770297,35.74120643],[139.7372192,35.7410362],[139.73712962,35.74100525],[139.73675336,35.74089692],[139.7364846,35.74081954],[139.73641293,35.74078859],[139.73555291,35.74054097],[139.73530207,35.7405255],[139.73519456,35.7405874],[139.73499747,35.7405874],[139.73497956,35.74060288],[139.7349258,35.74061835],[139.73485414,35.74061835],[139.73456746,35.74068026],[139.73440621,35.74086596],[139.73426287,35.74106715],[139.73406578,35.74137666],[139.73404786,35.74143857],[139.73394036,35.74159332],[139.73386869,35.7416707],[139.73333118,35.74213497],[139.73333118,35.74215045],[139.732937,35.74250639],[139.73275783,35.74261472],[139.73273991,35.74264567],[139.73270408,35.74266114],[139.73236365,35.74289328],[139.73218448,35.74301709],[139.73216656,35.74304804],[139.73213073,35.74306351],[139.73196947,35.74317184],[139.73193364,35.74321827],[139.73187989,35.74323375],[139.7317903,35.74331112],[139.73209489,35.74372897],[139.73213073,35.74377539],[139.73268616,35.7445337],[139.73270408,35.74484322],[139.73266824,35.74495155],[139.73263241,35.74509083],[139.7324174,35.7451063],[139.73182613,35.74513726],[139.73177238,35.74513726],[139.73134237,35.74515273],[139.7312707,35.74516821],[139.73114528,35.74516821],[139.73066152,35.74502893],[139.73058985,35.7450444],[139.72971191,35.7450444],[139.72946107,35.74499797],[139.7292819,35.74495155],[139.72910272,35.7449206],[139.72894147,35.74487417],[139.72881605,35.74485869],[139.72842187,35.74476584],[139.72827853,35.74475036],[139.72790227,35.74471941],[139.72777685,35.7444099],[139.72774102,35.74433252],[139.72766935,35.74416229],[139.72757976,35.74403848],[139.72741851,35.74393015],[139.72713183,35.74366706],[139.72686308,35.7433885],[139.72682724,35.74335755],[139.72680933,35.74334208],[139.72675557,35.74328017],[139.72650473,35.74297066],[139.72625389,35.74252186],[139.72620014,35.74244449],[139.72616431,35.74239806],[139.72612847,35.74235163],[139.72602097,35.74221235],[139.72600305,35.7421814],[139.72598514,35.74208854],[139.72598514,35.74205759],[139.72596722,35.74205759],[139.72593138,35.74202664],[139.72587763,35.74198021],[139.72553721,35.7416707],[139.72499969,35.74120643],[139.72489219,35.7410981],[139.72449801,35.74081954],[139.72460551,35.74072668],[139.72478469,35.7405874],[139.72487427,35.74051002],[139.72499969,35.74038622],[139.72534012,35.7400767],[139.72535803,35.73998385],[139.72507136,35.74016956],[139.72501761,35.74012313],[139.72499969,35.74012313],[139.72499969,35.74010766],[139.72494594,35.7400767],[139.72473093,35.73986004],[139.72453384,35.73975171],[139.72451593,35.73975171],[139.72431884,35.73975171],[139.72405008,35.73979814],[139.72379924,35.73987552],[139.72370965,35.73990647],[139.72362007,35.73993742],[139.72358423,35.74003028],[139.7235484,35.74016956],[139.72349465,35.74021599],[139.72329756,35.74041717],[139.72310047,35.74057193],[139.72297505,35.7406493],[139.72290338,35.74069573],[139.72211503,35.74112905],[139.72195377,35.74119095],[139.7218821,35.74122191],[139.72159543,35.74131476],[139.72141626,35.74136119],[139.72107583,35.74143857],[139.72037706,35.74162427],[139.72023372,35.74165522],[139.72021581,35.7416707],[139.72016205,35.74168618],[139.72001872,35.74177903],[139.71998288,35.74193379],[139.71991121,35.74232068],[139.7198933,35.74247544],[139.7198933,35.74256829],[139.7198933,35.74259924],[139.71991121,35.74272305],[139.71991121,35.74280043],[139.71991121,35.74283138],[139.71982163,35.74337303],[139.71964246,35.74393015],[139.71964246,35.74394563],[139.71962454,35.7439611],[139.71962454,35.74399205],[139.7194812,35.74448728],[139.71946328,35.74465751],[139.71949912,35.74482774],[139.71951704,35.74488964],[139.71951704,35.7450444],[139.7200008,35.74589556],[139.72003663,35.74597294],[139.7201083,35.74608127],[139.72016205,35.74611222],[139.72019789,35.74614318],[139.72032331,35.74617413],[139.72041289,35.74629793],[139.7205204,35.74649912],[139.72057415,35.74662292],[139.72060998,35.7467003],[139.72121917,35.74640626],[139.721255,35.74639079],[139.72129084,35.74637531],[139.72141626,35.74631341],[139.72148793,35.74700981],[139.72148793,35.74704077],[139.72148793,35.74708719],[139.72152376,35.74738123],[139.72220461,35.74731933],[139.72222253,35.74756694],[139.72222253,35.74758242],[139.72224045,35.74775265],[139.72218669,35.74775265],[139.72216878,35.74775265],[139.72179252,35.7477836],[139.7218821,35.74827882],[139.72204336,35.74843358],[139.72216878,35.74855738],[139.72234795,35.74874309],[139.72193585,35.74895975],[139.72206127,35.74939307],[139.72215086,35.74999662],[139.72220461,35.75033709],[139.72225836,35.75060018],[139.72225836,35.7506466],[139.72261671,35.75075493],[139.72261671,35.75080136],[139.72261671,35.75081684],[139.72261671,35.75084779],[139.72268838,35.75100254],[139.72268838,35.7510954],[139.72256296,35.75131206],[139.72256296,35.75137396],[139.72256296,35.7517299],[139.72261671,35.75186918],[139.72267046,35.75205489],[139.72272421,35.75214774],[139.72272421,35.75225607],[139.72272421,35.75239536],[139.72272421,35.75261202],[139.72272421,35.75262749],[139.72272421,35.75270487],[139.72270629,35.75323104],[139.72267046,35.7533239],[139.72249129,35.75352508],[139.72227628,35.75360246],[139.72198961,35.75372627],[139.7218821,35.75377269],[139.72172085,35.75385007],[139.72150584,35.75411316],[139.72127292,35.75439172],[139.721255,35.7544072],[139.72120125,35.75448457],[139.72104,35.75456195],[139.72098624,35.75460838],[139.72086082,35.75470123],[139.72059207,35.75488694],[139.72043081,35.75505717],[139.72050248,35.75518098],[139.72050248,35.75528931],[139.72035914,35.75550597],[139.72023372,35.75570715],[139.7200008,35.75604762],[139.71976788,35.75643451],[139.7195887,35.75649641],[139.71940953,35.75666665],[139.71935578,35.7568214],[139.71930203,35.75694521],[139.7192662,35.75702259],[139.71919453,35.75717734],[139.71867493,35.75767257],[139.71842409,35.75793565],[139.71835242,35.75799756],[139.7181195,35.75822969],[139.71801199,35.75833802],[139.71777907,35.75858563],[139.71761782,35.75874039],[139.71729531,35.75915823],[139.7171878,35.75935942],[139.71713405,35.75945227],[139.71702655,35.75965346],[139.7169728,35.75977726],[139.71693696,35.75982369],[139.71686529,35.75997845],[139.71668612,35.76024153],[139.71666821,35.76025701],[139.71648903,35.76039629],[139.71629195,35.76072128],[139.71622028,35.76078318],[139.71613069,35.76086056],[139.71566484,35.76126293],[139.71561109,35.76130935],[139.71528858,35.76157244],[139.71527067,35.76158792],[139.71521691,35.76163434],[139.71507358,35.7617272],[139.71505566,35.76175815],[139.71501983,35.76177363],[139.71464357,35.76205219],[139.71462565,35.76208314],[139.71458981,35.76209862],[139.71432106,35.7622998],[139.71428522,35.76231527],[139.7142673,35.76233075],[139.71403438,35.76251646],[139.71362229,35.7628105],[139.71347895,35.76290335],[139.71326394,35.76308906],[139.71319227,35.76321287],[139.71317436,35.76327477],[139.71310269,35.76327477],[139.71303102,35.76327477],[139.71292352,35.76327477],[139.71283393,35.76329024],[139.71258309,35.76330572],[139.71256517,35.76330572],[139.71247559,35.76330572],[139.71188432,35.76339857],[139.71125722,35.76353785],[139.71122139,35.76355333],[139.71104221,35.76358428],[139.71098846,35.76359976],[139.71089888,35.76361523],[139.71057637,35.76432712],[139.71028969,35.76502352],[139.70950134,35.76483781],[139.70934008,35.76499257],[139.70928633,35.765039],[139.70921466,35.76511638],[139.70916091,35.76514733],[139.70901757,35.76556517],[139.70833672,35.76541041],[139.7083188,35.76541041],[139.7082113,35.76548779],[139.70812171,35.76556517],[139.70796046,35.7656735],[139.70751253,35.76599849],[139.70745878,35.76602944],[139.70702877,35.76633896],[139.70672417,35.76657109],[139.706545,35.76661752],[139.70645542,35.76664847],[139.7064375,35.76666394],[139.70641958,35.76666394],[139.70640167,35.76666394],[139.70636583,35.76683418],[139.70633,35.76695798],[139.70633,35.76722107],[139.70633,35.76725202],[139.70631208,35.76736035],[139.70631208,35.76773177],[139.70629416,35.76779367],[139.70629416,35.76780915],[139.70629416,35.76787105],[139.70625833,35.7684127],[139.70625833,35.76842817],[139.70625833,35.76844365],[139.70624041,35.76845913],[139.70611499,35.76884602],[139.70602541,35.76929481],[139.70597165,35.76954242],[139.70597165,35.76957338],[139.70595374,35.76958885],[139.70593582,35.76971266],[139.70566706,35.7707031],[139.70564914,35.77071858],[139.70564914,35.77073405],[139.70543414,35.77141498],[139.70543414,35.77144593],[139.70541622,35.77147689],[139.70523705,35.77204949],[139.7051833,35.77225067],[139.7051833,35.77228162],[139.70507579,35.77263756],[139.70507579,35.77266851],[139.70505788,35.77271494],[139.7047712,35.77341135],[139.70452036,35.77424703],[139.70450245,35.77451012],[139.70450245,35.77455655],[139.70448453,35.7745875],[139.70448453,35.77471131],[139.70446661,35.77485059],[139.70446661,35.77495892],[139.70437703,35.77500534],[139.7042516,35.77505177],[139.7041441,35.77523748],[139.7041441,35.77556247],[139.70416202,35.77562437],[139.70412618,35.77570175],[139.70405452,35.77604221],[139.70401868,35.77616602],[139.70398285,35.77627435],[139.70398285,35.7763053],[139.70387534,35.77672315],[139.70382159,35.77683148],[139.70366034,35.77728027],[139.70358867,35.77743503],[139.70357075,35.77748145],[139.70349908,35.77768264],[139.70344533,35.77780644],[139.70344533,35.77782192],[139.70331991,35.77817786],[139.70326616,35.77834809],[139.70326616,35.77837904],[139.70306907,35.77905997],[139.70305115,35.77915283],[139.7029974,35.77952425],[139.7029974,35.77953972],[139.70287198,35.77986471],[139.70283615,35.77994209],[139.70283615,35.77997304],[139.70269281,35.78029803],[139.70265698,35.78043731],[139.70245989,35.78088611],[139.70245989,35.78091706],[139.70238822,35.78107181],[139.70231655,35.78144323],[139.70242405,35.78169084],[139.70294365,35.78223249],[139.70305115,35.78252653],[139.70308699,35.78260391],[139.70306907,35.78263486],[139.70306907,35.78274319],[139.70303324,35.78333127],[139.70303324,35.78353245],[139.70303324,35.7835634],[139.70283615,35.78381101],[139.70274656,35.78391934],[139.7024778,35.78391934],[139.7022628,35.78410505],[139.7021553,35.7840741],[139.70183279,35.78388839],[139.70102651,35.78337769],[139.70097276,35.78333127],[139.7003815,35.7829289],[139.70000523,35.78271224],[139.69982606,35.78260391],[139.69907354,35.78226344],[139.69844644,35.78212416],[139.69774767,35.78213964],[139.69753267,35.78217059],[139.69742516,35.78218606],[139.69717432,35.78221702],[139.6968339,35.78226344],[139.69654722,35.78229439],[139.69636805,35.78232535],[139.69565136,35.78246463],[139.69498843,35.78261938],[139.69425382,35.78289795],[139.69357297,35.78314556],[139.69319671,35.78333127],[139.69246211,35.78370268],[139.69167375,35.78416695],[139.69167375,35.78418243],[139.69127957,35.78441456],[139.69072414,35.78490979],[139.69015079,35.78576095],[139.69007912,35.78586928],[139.68975661,35.7863645],[139.68946994,35.78679782],[139.68939827,35.78702996],[139.6894341,35.78732399],[139.6894341,35.78735495],[139.68945202,35.78746328],[139.68946994,35.78764898],[139.68946994,35.78766446],[139.68950577,35.78769541],[139.68963119,35.78786564],[139.68968494,35.7879585],[139.68968494,35.78797397],[139.68982828,35.78837634],[139.68997162,35.78862395],[139.69015079,35.78896442],[139.69027621,35.78921203],[139.69040163,35.7896763],[139.69043746,35.78978463],[139.69050913,35.79004772],[139.69063455,35.79057389],[139.69086748,35.79074412],[139.69097498,35.79086793],[139.69101081,35.79089888],[139.69113623,35.79103816],[139.69122582,35.79113102],[139.69135124,35.7912703],[139.69144083,35.79137863],[139.69167375,35.79161076],[139.6917275,35.79167266],[139.69190667,35.7918429],[139.69205001,35.79209051],[139.6923546,35.79252383],[139.69237252,35.7925393],[139.69255169,35.79280239],[139.69312504,35.79357617],[139.69398506,35.79475233],[139.69455841,35.79549516],[139.69457633,35.79551064],[139.69468383,35.79566539],[139.69480925,35.7957892],[139.69497051,35.79594396],[139.6950601,35.79603681],[139.69532885,35.7962999],[139.69570511,35.79667131],[139.69615304,35.79724391],[139.69643972,35.79770819],[139.69649347,35.79784747],[139.69660097,35.7981415],[139.69663681,35.79824983],[139.69670848,35.79842007],[139.69685181,35.79889981],[139.697676,35.79845102],[139.69828519,35.79809508],[139.69968273,35.79722844],[139.70000523,35.7969963],[139.70082942,35.79639275],[139.70197612,35.79557254],[139.70314074,35.79475233],[139.70321241,35.7947059],[139.70409035,35.79414878],[139.70475329,35.79373093],[139.70525497,35.79340594],[139.70622249,35.79297262],[139.70729752,35.79252383],[139.70833672,35.79226074],[139.70855173,35.79219884],[139.70919674,35.79201313],[139.70975218,35.79195123],[139.71086304,35.79193575],[139.7124935,35.7919048],[139.71328186,35.79192028],[139.71392688,35.79193575],[139.71607694,35.79193575],[139.71666821,35.79192028],[139.7171878,35.79192028],[139.71734906,35.79192028],[139.71742073,35.79192028],[139.71758198,35.7919048],[139.71774324,35.7919048],[139.71831659,35.79187385],[139.71924828,35.79179647],[139.71985746,35.79167266],[139.71998288,35.79164171],[139.7207354,35.79142505],[139.72193585,35.79091436],[139.72224045,35.79072865],[139.7225092,35.79023343],[139.72279588,35.78932036],[139.7228138,35.78930488],[139.72315422,35.78839182],[139.72320797,35.78829896],[139.72333339,35.78812873],[139.72351257,35.7878966],[139.72372757,35.78760256],[139.72415758,35.78741685],[139.72446218,35.78727757],[139.72492802,35.78729304],[139.72499969,35.78729304],[139.72499969,35.78730852],[139.72525053,35.78732399],[139.72659432,35.78749423],[139.72661224,35.78749423],[139.72775894,35.78783469],[139.72849354,35.78809778],[139.72888772,35.78823706],[139.73005233,35.78868586],[139.73062568,35.78894894],[139.73186197,35.78953702],[139.73247115,35.7897382],[139.73302658,35.78986201],[139.733152,35.78989296],[139.73333118,35.78992391],[139.73386869,35.79004772],[139.73410161,35.79001677],[139.73444204,35.78993939],[139.73531998,35.78956797],[139.7363771,35.78901085],[139.73748796,35.78828349],[139.73818673,35.78777279],[139.73854507,35.78740137],[139.73856299,35.78720019],[139.73856299,35.78716924],[139.73854507,35.78707638],[139.73845549,35.78588476],[139.73845549,35.78586928],[139.73833007,35.78467765],[139.73824048,35.78395029],[139.73820465,35.7836253],[139.73816881,35.78333127],[139.73816881,35.78328484],[139.73797172,35.78179917],[139.73797172,35.78175275],[139.73791797,35.78128847],[139.73791797,35.781273],[139.73782839,35.78054564],[139.73782839,35.78053017],[139.73788214,35.78045279],[139.73804339,35.78022065]]]]}},{"type":"Feature","properties":{"OBJECTID":110,"N03_001":"東京都","N03_002":null,"N03_003":null,"N03_004":"荒川区","N03_007":"13118","Shape_Leng":0.20029601279276,"Shape_Area":0.001011874962904,"id":"gci:13118A1968"},"geometry":{"type":"MultiPolygon","coordinates":[[[[139.81449597,35.7388077],[139.81465722,35.73786368],[139.81465722,35.73760059],[139.81458556,35.7372137],[139.81440638,35.73668753],[139.81413763,35.73620778],[139.81392262,35.73592922],[139.81367178,35.73563518],[139.81220257,35.73396381],[139.81168297,35.7333293],[139.8113963,35.73297336],[139.81093045,35.73216862],[139.81059003,35.73139484],[139.81033919,35.73072939],[139.81003459,35.72986275],[139.80981959,35.72893421],[139.80971208,35.72812947],[139.80885206,35.72826875],[139.80833246,35.72834613],[139.8068095,35.72856279],[139.80664825,35.72859374],[139.80650491,35.72860922],[139.80551947,35.7287485],[139.8054478,35.72876397],[139.80537613,35.72876397],[139.80279606,35.72910444],[139.8027423,35.72911991],[139.80270647,35.72911991],[139.80213312,35.72919729],[139.80181061,35.72922824],[139.80175686,35.72922824],[139.80143435,35.72925919],[139.80095059,35.72922824],[139.80089684,35.72922824],[139.800861,35.72922824],[139.80000098,35.72919729],[139.79933804,35.72916634],[139.7991947,35.72916634],[139.79786883,35.72910444],[139.79781508,35.72910444],[139.79776133,35.72910444],[139.79770758,35.72910444],[139.79579044,35.72901158],[139.79570086,35.72899611],[139.79507375,35.72896516],[139.79502,35.72930562],[139.79502,35.72933657],[139.79502,35.729383],[139.79496625,35.72973894],[139.79496625,35.72976989],[139.79496625,35.72981632],[139.79494833,35.72987822],[139.79446457,35.7298937],[139.79442874,35.73023416],[139.79433915,35.73023416],[139.79426748,35.73023416],[139.79424956,35.73023416],[139.79317453,35.73026511],[139.7931387,35.73026511],[139.79306703,35.73026511],[139.79269077,35.73012583],[139.79245785,35.73032702],[139.79242201,35.73035797],[139.7924041,35.73038892],[139.79220701,35.73055915],[139.79235034,35.73091509],[139.79211742,35.730977],[139.79200992,35.73100795],[139.79166949,35.7311008],[139.79140073,35.7311627],[139.7913649,35.73117818],[139.79131115,35.73119366],[139.79120364,35.73122461],[139.79089905,35.73068296],[139.79075572,35.73045082],[139.79061238,35.73018774],[139.79057654,35.73012583],[139.79046904,35.73000203],[139.79039737,35.72990917],[139.79009278,35.72955323],[139.78993153,35.72933657],[139.78987777,35.72929015],[139.78973444,35.72908896],[139.7895911,35.72890325],[139.78955526,35.7288723],[139.78953735,35.72884135],[139.78946568,35.7287485],[139.7888565,35.72842351],[139.78878483,35.72839256],[139.78874899,35.72837708],[139.78871316,35.7283616],[139.78853399,35.72825327],[139.78788897,35.72802114],[139.78787105,35.72802114],[139.7878173,35.72800566],[139.78776355,35.72797471],[139.78690352,35.72794376],[139.78683185,35.72792829],[139.78679602,35.72792829],[139.78598975,35.72769615],[139.7855239,35.72774258],[139.78548807,35.72774258],[139.78545223,35.72775805],[139.78480721,35.72781996],[139.78475346,35.72781996],[139.78469971,35.72783543],[139.78444887,35.72786638],[139.78439512,35.72780448],[139.78434137,35.72777353],[139.7842697,35.72771163],[139.7838576,35.72741759],[139.78382177,35.72737116],[139.78376802,35.72732473],[139.78333801,35.72684499],[139.78324842,35.72676761],[139.78310508,35.72669023],[139.78305133,35.72667475],[139.78267507,35.72652],[139.78229881,35.72625691],[139.78222714,35.7261331],[139.78222714,35.72559146],[139.78222714,35.72551408],[139.78222714,35.72540575],[139.78190463,35.72532837],[139.7818688,35.72532837],[139.78183296,35.72531289],[139.78170754,35.72529742],[139.78147462,35.72508076],[139.78147462,35.72500338],[139.7814567,35.72475577],[139.7814567,35.72470934],[139.7814567,35.72467839],[139.7814567,35.72461649],[139.78118795,35.72461649],[139.78113419,35.72461649],[139.78045334,35.72461649],[139.78016667,35.72461649],[139.77998749,35.72463196],[139.77995166,35.72463196],[139.77989791,35.72463196],[139.77912747,35.72469387],[139.7789483,35.72472482],[139.77876913,35.72474029],[139.77826745,35.72481767],[139.77817786,35.72483315],[139.77796285,35.7248641],[139.7778016,35.72487957],[139.77751492,35.724926],[139.77740742,35.724926],[139.7771745,35.724926],[139.77688782,35.72494148],[139.77674449,35.72494148],[139.7766549,35.72500338],[139.77649365,35.72509623],[139.77643989,35.72514266],[139.77636823,35.72518909],[139.77583071,35.72557598],[139.77557987,35.72577716],[139.77554404,35.72580812],[139.77552612,35.72582359],[139.77516778,35.72611763],[139.77500652,35.72617953],[139.77491693,35.72621048],[139.7748811,35.72622596],[139.77484527,35.72624143],[139.77434359,35.72641167],[139.77427192,35.72642714],[139.77355523,35.72669023],[139.7735194,35.72670571],[139.77337606,35.72675213],[139.77273104,35.72699974],[139.7720681,35.72724735],[139.771441,35.72749497],[139.77083182,35.7277271],[139.77045556,35.72786638],[139.77016888,35.72797471],[139.77015097,35.72797471],[139.76977471,35.72812947],[139.76929094,35.72800566],[139.76884301,35.72789733],[139.76837717,35.727789],[139.76828758,35.72764972],[139.76826966,35.72763425],[139.76823383,35.72758782],[139.76816216,35.72747949],[139.76723047,35.72738664],[139.76672879,35.72743306],[139.76667504,35.72743306],[139.76662128,35.72743306],[139.76658545,35.72743306],[139.76658545,35.72752592],[139.76604793,35.72752592],[139.76603002,35.72763425],[139.76603002,35.72768067],[139.7660121,35.72771163],[139.76597627,35.72795924],[139.76588668,35.72808304],[139.76585085,35.72814494],[139.76556417,35.72860922],[139.76552834,35.72870207],[139.76547458,35.72877945],[139.76525958,35.72919729],[139.76513416,35.72942943],[139.76513416,35.7294449],[139.76509832,35.72949133],[139.76477581,35.73007941],[139.76473998,35.73014131],[139.76445331,35.73043535],[139.76427413,35.73060558],[139.7642383,35.73063653],[139.76398746,35.73088414],[139.76386204,35.73093057],[139.76336036,35.73113175],[139.76323494,35.73117818],[139.76321702,35.73119366],[139.7629841,35.73096152],[139.76287659,35.73083772],[139.76284076,35.73080676],[139.76278701,35.73074486],[139.76253617,35.73108533],[139.76250033,35.73111628],[139.76223158,35.73145674],[139.76185532,35.73150317],[139.76146114,35.73181268],[139.7614253,35.73184364],[139.76138947,35.73185911],[139.76106696,35.73210672],[139.76103113,35.7321222],[139.76101321,35.73215315],[139.76094154,35.73219958],[139.76103113,35.73229243],[139.76106696,35.73232338],[139.76162239,35.7328186],[139.76156864,35.73298884],[139.76155072,35.73305074],[139.76153281,35.73309717],[139.76153281,35.73311264],[139.76146114,35.7333293],[139.76144322,35.73342216],[139.7614253,35.73348406],[139.76133572,35.73376262],[139.7613178,35.73380905],[139.76198074,35.73393285],[139.76233908,35.73363882],[139.76244658,35.73366977],[139.76278701,35.73380905],[139.76280493,35.73380905],[139.76336036,35.73370072],[139.76341411,35.73368524],[139.7642383,35.73444355],[139.76409496,35.73466021],[139.76375454,35.73493877],[139.76387996,35.73500068],[139.76418455,35.73513996],[139.76447122,35.73527924],[139.76472206,35.73540304],[139.76491915,35.7354959],[139.76506249,35.73557328],[139.7654925,35.73578994],[139.76556417,35.73582089],[139.76576126,35.73591374],[139.76592251,35.7360066],[139.7660121,35.73605302],[139.76624502,35.73616135],[139.76667504,35.73631611],[139.7676784,35.73667205],[139.7678934,35.73674943],[139.76850259,35.73696609],[139.7689326,35.73712085],[139.76912969,35.73718275],[139.76923719,35.73722918],[139.76998971,35.73749226],[139.77052723,35.73767797],[139.7705989,35.73770892],[139.77111849,35.73789463],[139.77111849,35.73791011],[139.77101099,35.73798749],[139.77067056,35.73825057],[139.77006138,35.73873032],[139.77009722,35.73896245],[139.76963137,35.73914816],[139.76952387,35.73897793],[139.76900427,35.73925649],[139.76905802,35.73964338],[139.76905802,35.73968981],[139.76907594,35.73984457],[139.76884301,35.7399529],[139.76873551,35.73999933],[139.76846675,35.74013861],[139.76846675,35.74040169],[139.768413,35.7405874],[139.76839508,35.74063383],[139.76837717,35.74068026],[139.76828758,35.74102072],[139.76828758,35.74106715],[139.76826966,35.74111358],[139.76818008,35.74146952],[139.7678934,35.74148499],[139.76785757,35.74148499],[139.76708713,35.74153142],[139.7670513,35.74153142],[139.76701546,35.74154689],[139.76696171,35.74154689],[139.76667504,35.74156237],[139.76626294,35.74159332],[139.76620919,35.74159332],[139.76588668,35.74162427],[139.76585085,35.7416707],[139.76574334,35.74179451],[139.7654925,35.74179451],[139.76542083,35.74184093],[139.76536708,35.74187188],[139.76531333,35.74190284],[139.76393371,35.74284685],[139.76391579,35.74297066],[139.76391579,35.74300161],[139.76391579,35.74304804],[139.76387996,35.74349683],[139.76387996,35.74352778],[139.76387996,35.74355874],[139.76386204,35.7439611],[139.76384412,35.74399205],[139.76384412,35.74400753],[139.76384412,35.74413134],[139.76357536,35.74411586],[139.76344994,35.74411586],[139.76336036,35.74411586],[139.76325286,35.74410038],[139.76287659,35.74365159],[139.76198074,35.74374444],[139.76192698,35.74375992],[139.76187323,35.74375992],[139.7617299,35.74377539],[139.76162239,35.74349683],[139.76155072,35.74329565],[139.76149697,35.74318732],[139.76103113,35.74343493],[139.76097737,35.74346588],[139.76052944,35.74371349],[139.76031444,35.74345041],[139.76022485,35.74351231],[139.76018902,35.74352778],[139.7601711,35.74354326],[139.75952608,35.7439611],[139.75947233,35.74399205],[139.7594365,35.74400753],[139.75871981,35.74448728],[139.75864814,35.7445337],[139.7585048,35.74462656],[139.75834355,35.74473489],[139.75832563,35.74473489],[139.75719685,35.74546225],[139.75734019,35.74560153],[139.75742977,35.74569438],[139.75750144,35.74577176],[139.75782395,35.74608127],[139.75782395,35.7461277],[139.75782395,35.74617413],[139.75780603,35.74687053],[139.75780603,35.74688601],[139.75780603,35.74693244],[139.75780603,35.74761337],[139.75751936,35.74761337],[139.75667725,35.74759789],[139.7566235,35.74759789],[139.75658767,35.74759789],[139.75538722,35.74758242],[139.75531555,35.74762884],[139.75527971,35.74765979],[139.75504679,35.74783003],[139.75506471,35.74807764],[139.75506471,35.74810859],[139.75508262,35.74813954],[139.75513638,35.74858834],[139.75513638,35.74860381],[139.75517221,35.7489288],[139.7548497,35.74894428],[139.75470636,35.74917641],[139.75470636,35.74919189],[139.75465261,35.74919189],[139.75459886,35.74919189],[139.7543301,35.74920736],[139.75347008,35.74923831],[139.75341633,35.74923831],[139.7524488,35.74928474],[139.75239505,35.74928474],[139.7523413,35.74928474],[139.75218004,35.74930022],[139.75189337,35.74947045],[139.75176795,35.74954783],[139.75133794,35.74981091],[139.7513021,35.74982639],[139.75126627,35.74985734],[139.75121251,35.74987282],[139.75114085,35.74979544],[139.75110501,35.74976449],[139.75108709,35.74974901],[139.75089001,35.74954783],[139.75001206,35.74999662],[139.75001206,35.7500121],[139.74999415,35.7500121],[139.74977914,35.75012043],[139.74986873,35.75039899],[139.74988664,35.75042994],[139.74988664,35.75047637],[139.74999415,35.75078588],[139.75001206,35.75078588],[139.75002998,35.75086326],[139.75006582,35.75097159],[139.75010165,35.75107992],[139.75011957,35.75114182],[139.75001206,35.7511573],[139.74999415,35.7511573],[139.7499404,35.7511573],[139.74990456,35.7511573],[139.7496358,35.75118825],[139.74968956,35.75126563],[139.74972539,35.75131206],[139.74974331,35.75134301],[139.74999415,35.7517299],[139.75001206,35.7517299],[139.75019124,35.75191561],[139.75022707,35.75196204],[139.75029874,35.75203941],[139.75033457,35.75207037],[139.75037041,35.75211679],[139.75062125,35.75237988],[139.7507825,35.75265844],[139.75085417,35.75323104],[139.75089001,35.75371079],[139.75097959,35.75369531],[139.75149919,35.75367984],[139.75187545,35.75363341],[139.75185753,35.75329295],[139.75226963,35.75327747],[139.75230546,35.75360246],[139.75237713,35.75358698],[139.75323716,35.75349413],[139.75334466,35.75349413],[139.753703,35.75347865],[139.75375675,35.75346318],[139.75381051,35.75346318],[139.75393593,35.75346318],[139.7548497,35.75337032],[139.75513638,35.75335485],[139.75624724,35.75327747],[139.75630099,35.75327747],[139.75653392,35.75326199],[139.75699976,35.75323104],[139.75726852,35.75320009],[139.75759103,35.75316914],[139.75759103,35.75323104],[139.7578777,35.75445362],[139.7578777,35.7544691],[139.75796729,35.75485599],[139.75832563,35.75479409],[139.75834355,35.75479409],[139.76067278,35.75443815],[139.76155072,35.75432982],[139.76156864,35.75432982],[139.7624645,35.75422149],[139.76269742,35.75419054],[139.76441747,35.75398935],[139.76667504,35.7538346],[139.7667467,35.7538346],[139.76739172,35.75380364],[139.76819799,35.75375722],[139.76895052,35.75372627],[139.76950595,35.75369531],[139.77000763,35.75366436],[139.77034806,35.75364889],[139.77165601,35.75361794],[139.77350148,35.75363341],[139.77391357,35.75363341],[139.77473776,35.75364889],[139.77500652,35.75364889],[139.77514986,35.75364889],[139.77609947,35.75367984],[139.77746117,35.75380364],[139.77876913,35.75391197],[139.77980832,35.7540203],[139.77993374,35.7540203],[139.78000541,35.75403578],[139.78070418,35.75408221],[139.78185088,35.75412863],[139.78247798,35.75414411],[139.78285424,35.75414411],[139.78297966,35.75412863],[139.78306925,35.75412863],[139.78333801,35.75411316],[139.78339176,35.75411316],[139.78376802,35.75406673],[139.78398302,35.75403578],[139.78443095,35.75392745],[139.78466388,35.75386555],[139.78469971,35.75385007],[139.78486097,35.75380364],[139.78527306,35.75367984],[139.7860435,35.75341675],[139.78622267,35.75335485],[139.78638393,35.75329295],[139.7865631,35.75323104],[139.78754854,35.75292153],[139.78803231,35.75276677],[139.78880274,35.75250369],[139.78946568,35.75211679],[139.79012861,35.75162157],[139.79061238,35.75112635],[139.79086322,35.75077041],[139.79113198,35.75030614],[139.79122156,35.74999662],[139.79122156,35.74998115],[139.79123948,35.74965616],[139.79113198,35.74911451],[139.79089905,35.74849548],[139.79054071,35.74820144],[139.7895911,35.74773717],[139.78905358,35.74736576],[139.78876691,35.74710267],[139.78869524,35.74702529],[139.78851607,35.74666935],[139.7884444,35.74629793],[139.78846232,35.74595747],[139.78848023,35.74578723],[139.78851607,35.7455551],[139.78853399,35.74540034],[139.78867732,35.74490512],[139.78892816,35.74439442],[139.78935818,35.74375992],[139.78996736,35.74284685],[139.79046904,35.74227425],[139.79111406,35.74168618],[139.79114989,35.7416707],[139.79166949,35.74128381],[139.79166949,35.74126833],[139.79175908,35.74120643],[139.79242201,35.74077311],[139.79328204,35.74037074],[139.79410623,35.7400767],[139.794805,35.73982909],[139.79552168,35.73968981],[139.79718798,35.7393803],[139.7973134,35.73934935],[139.79749257,35.7393184],[139.79761799,35.73930292],[139.79768966,35.73928744],[139.80000098,35.7388696],[139.80044891,35.73877675],[139.80134476,35.73862199],[139.80143435,35.73860651],[139.80166727,35.73859104],[139.80204353,35.73857556],[139.80243771,35.73863746],[139.80421151,35.73916364],[139.80749035,35.74027789],[139.80820704,35.74054097],[139.80833246,35.7405874],[139.8091029,35.74086596],[139.80994501,35.7410362],[139.81060794,35.74112905],[139.81157547,35.74106715],[139.81222049,35.74095882],[139.81302676,35.74074216],[139.8136897,35.74032432],[139.81406596,35.73998385],[139.81424513,35.73964338],[139.81449597,35.7388077]]]]}},{"type":"Feature","properties":{"OBJECTID":111,"N03_001":"東京都","N03_002":null,"N03_003":null,"N03_004":"板橋区","N03_007":"13119","Shape_Leng":0.319804339639727,"Shape_Area":0.003211791858295,"id":"gci:13119A1968"},"geometry":{"type":"MultiPolygon","coordinates":[[[[139.69685181,35.79889981],[139.69670848,35.79842007],[139.69663681,35.79824983],[139.69660097,35.7981415],[139.69649347,35.79784747],[139.69643972,35.79770819],[139.69615304,35.79724391],[139.69570511,35.79667131],[139.69532885,35.7962999],[139.6950601,35.79603681],[139.69497051,35.79594396],[139.69480925,35.7957892],[139.69468383,35.79566539],[139.69457633,35.79551064],[139.69455841,35.79549516],[139.69398506,35.79475233],[139.69312504,35.79357617],[139.69255169,35.79280239],[139.69237252,35.7925393],[139.6923546,35.79252383],[139.69205001,35.79209051],[139.69190667,35.7918429],[139.6917275,35.79167266],[139.69167375,35.79161076],[139.69144083,35.79137863],[139.69135124,35.7912703],[139.69122582,35.79113102],[139.69113623,35.79103816],[139.69101081,35.79089888],[139.69097498,35.79086793],[139.69086748,35.79074412],[139.69063455,35.79057389],[139.69050913,35.79004772],[139.69043746,35.78978463],[139.69040163,35.7896763],[139.69027621,35.78921203],[139.69015079,35.78896442],[139.68997162,35.78862395],[139.68982828,35.78837634],[139.68968494,35.78797397],[139.68968494,35.7879585],[139.68963119,35.78786564],[139.68950577,35.78769541],[139.68946994,35.78766446],[139.68946994,35.78764898],[139.68945202,35.78746328],[139.6894341,35.78735495],[139.6894341,35.78732399],[139.68939827,35.78702996],[139.68946994,35.78679782],[139.68975661,35.7863645],[139.69007912,35.78586928],[139.69015079,35.78576095],[139.69072414,35.78490979],[139.69127957,35.78441456],[139.69167375,35.78418243],[139.69167375,35.78416695],[139.69246211,35.78370268],[139.69319671,35.78333127],[139.69357297,35.78314556],[139.69425382,35.78289795],[139.69498843,35.78261938],[139.69565136,35.78246463],[139.69636805,35.78232535],[139.69654722,35.78229439],[139.6968339,35.78226344],[139.69717432,35.78221702],[139.69742516,35.78218606],[139.69753267,35.78217059],[139.69774767,35.78213964],[139.69844644,35.78212416],[139.69907354,35.78226344],[139.69982606,35.78260391],[139.70000523,35.78271224],[139.7003815,35.7829289],[139.70097276,35.78333127],[139.70102651,35.78337769],[139.70183279,35.78388839],[139.7021553,35.7840741],[139.7022628,35.78410505],[139.7024778,35.78391934],[139.70274656,35.78391934],[139.70283615,35.78381101],[139.70303324,35.7835634],[139.70303324,35.78353245],[139.70303324,35.78333127],[139.70306907,35.78274319],[139.70306907,35.78263486],[139.70308699,35.78260391],[139.70305115,35.78252653],[139.70294365,35.78223249],[139.70242405,35.78169084],[139.70231655,35.78144323],[139.70238822,35.78107181],[139.70245989,35.78091706],[139.70245989,35.78088611],[139.70265698,35.78043731],[139.70269281,35.78029803],[139.70283615,35.77997304],[139.70283615,35.77994209],[139.70287198,35.77986471],[139.7029974,35.77953972],[139.7029974,35.77952425],[139.70305115,35.77915283],[139.70306907,35.77905997],[139.70326616,35.77837904],[139.70326616,35.77834809],[139.70331991,35.77817786],[139.70344533,35.77782192],[139.70344533,35.77780644],[139.70349908,35.77768264],[139.70357075,35.77748145],[139.70358867,35.77743503],[139.70366034,35.77728027],[139.70382159,35.77683148],[139.70387534,35.77672315],[139.70398285,35.7763053],[139.70398285,35.77627435],[139.70401868,35.77616602],[139.70405452,35.77604221],[139.70412618,35.77570175],[139.70416202,35.77562437],[139.7041441,35.77556247],[139.7041441,35.77523748],[139.7042516,35.77505177],[139.70437703,35.77500534],[139.70446661,35.77495892],[139.70446661,35.77485059],[139.70448453,35.77471131],[139.70448453,35.7745875],[139.70450245,35.77455655],[139.70450245,35.77451012],[139.70452036,35.77424703],[139.7047712,35.77341135],[139.70505788,35.77271494],[139.70507579,35.77266851],[139.70507579,35.77263756],[139.7051833,35.77228162],[139.7051833,35.77225067],[139.70523705,35.77204949],[139.70541622,35.77147689],[139.70543414,35.77144593],[139.70543414,35.77141498],[139.70564914,35.77073405],[139.70564914,35.77071858],[139.70566706,35.7707031],[139.70593582,35.76971266],[139.70595374,35.76958885],[139.70597165,35.76957338],[139.70597165,35.76954242],[139.70602541,35.76929481],[139.70611499,35.76884602],[139.70624041,35.76845913],[139.70625833,35.76844365],[139.70625833,35.76842817],[139.70625833,35.7684127],[139.70629416,35.76787105],[139.70629416,35.76780915],[139.70629416,35.76779367],[139.70631208,35.76773177],[139.70631208,35.76736035],[139.70633,35.76725202],[139.70633,35.76722107],[139.70633,35.76695798],[139.70636583,35.76683418],[139.70640167,35.76666394],[139.70641958,35.76666394],[139.7064375,35.76666394],[139.70645542,35.76664847],[139.706545,35.76661752],[139.70672417,35.76657109],[139.70702877,35.76633896],[139.70745878,35.76602944],[139.70751253,35.76599849],[139.70796046,35.7656735],[139.70812171,35.76556517],[139.7082113,35.76548779],[139.7083188,35.76541041],[139.70833672,35.76541041],[139.70901757,35.76556517],[139.70916091,35.76514733],[139.70921466,35.76511638],[139.70928633,35.765039],[139.70934008,35.76499257],[139.70950134,35.76483781],[139.71028969,35.76502352],[139.71057637,35.76432712],[139.71089888,35.76361523],[139.71098846,35.76359976],[139.71104221,35.76358428],[139.71122139,35.76355333],[139.71125722,35.76353785],[139.71188432,35.76339857],[139.71247559,35.76330572],[139.71256517,35.76330572],[139.71258309,35.76330572],[139.71283393,35.76329024],[139.71292352,35.76327477],[139.71303102,35.76327477],[139.71310269,35.76327477],[139.71317436,35.76327477],[139.71319227,35.76321287],[139.71326394,35.76308906],[139.71347895,35.76290335],[139.71362229,35.7628105],[139.71403438,35.76251646],[139.7142673,35.76233075],[139.71428522,35.76231527],[139.71432106,35.7622998],[139.71458981,35.76209862],[139.71462565,35.76208314],[139.71464357,35.76205219],[139.71501983,35.76177363],[139.71505566,35.76175815],[139.71507358,35.7617272],[139.71521691,35.76163434],[139.71527067,35.76158792],[139.71528858,35.76157244],[139.71561109,35.76130935],[139.71566484,35.76126293],[139.71613069,35.76086056],[139.71622028,35.76078318],[139.71629195,35.76072128],[139.71648903,35.76039629],[139.71666821,35.76025701],[139.71668612,35.76024153],[139.71686529,35.75997845],[139.71693696,35.75982369],[139.7169728,35.75977726],[139.71702655,35.75965346],[139.71713405,35.75945227],[139.7171878,35.75935942],[139.71729531,35.75915823],[139.71761782,35.75874039],[139.71777907,35.75858563],[139.71801199,35.75833802],[139.7181195,35.75822969],[139.71835242,35.75799756],[139.71842409,35.75793565],[139.71867493,35.75767257],[139.71919453,35.75717734],[139.7192662,35.75702259],[139.71930203,35.75694521],[139.71935578,35.7568214],[139.71940953,35.75666665],[139.7195887,35.75649641],[139.71976788,35.75643451],[139.7200008,35.75604762],[139.72023372,35.75570715],[139.72035914,35.75550597],[139.72050248,35.75528931],[139.72050248,35.75518098],[139.72043081,35.75505717],[139.72059207,35.75488694],[139.72086082,35.75470123],[139.72098624,35.75460838],[139.72104,35.75456195],[139.72120125,35.75448457],[139.721255,35.7544072],[139.72127292,35.75439172],[139.72150584,35.75411316],[139.72172085,35.75385007],[139.7218821,35.75377269],[139.72198961,35.75372627],[139.72227628,35.75360246],[139.72249129,35.75352508],[139.72267046,35.7533239],[139.72270629,35.75323104],[139.72272421,35.75270487],[139.72272421,35.75262749],[139.72272421,35.75261202],[139.72272421,35.75239536],[139.72272421,35.75225607],[139.72272421,35.75214774],[139.72267046,35.75205489],[139.72261671,35.75186918],[139.72256296,35.7517299],[139.72256296,35.75137396],[139.72256296,35.75131206],[139.72268838,35.7510954],[139.72268838,35.75100254],[139.72261671,35.75084779],[139.72261671,35.75081684],[139.72261671,35.75080136],[139.72261671,35.75075493],[139.72225836,35.7506466],[139.72225836,35.75060018],[139.72220461,35.75033709],[139.72215086,35.74999662],[139.72206127,35.74939307],[139.72193585,35.74895975],[139.72234795,35.74874309],[139.72216878,35.74855738],[139.72204336,35.74843358],[139.7218821,35.74827882],[139.72179252,35.7477836],[139.72216878,35.74775265],[139.72218669,35.74775265],[139.72224045,35.74775265],[139.72222253,35.74758242],[139.72222253,35.74756694],[139.72220461,35.74731933],[139.72152376,35.74738123],[139.72148793,35.74708719],[139.72148793,35.74704077],[139.72148793,35.74700981],[139.72141626,35.74631341],[139.72129084,35.74637531],[139.721255,35.74639079],[139.72121917,35.74640626],[139.72060998,35.7467003],[139.72057415,35.74662292],[139.7205204,35.74649912],[139.72041289,35.74629793],[139.72032331,35.74617413],[139.72019789,35.74614318],[139.72016205,35.74611222],[139.7201083,35.74608127],[139.72003663,35.74597294],[139.7200008,35.74589556],[139.71951704,35.7450444],[139.71924828,35.74509083],[139.71890785,35.74515273],[139.71858534,35.74523011],[139.71776115,35.74530749],[139.7174924,35.74532296],[139.71745656,35.74532296],[139.71725947,35.74533844],[139.71695488,35.74536939],[139.71691905,35.74536939],[139.71666821,35.74540034],[139.71623819,35.74544677],[139.7160411,35.7454932],[139.71480482,35.74574081],[139.7147869,35.74570986],[139.71473315,35.74544677],[139.71448231,35.74533844],[139.71446439,35.74533844],[139.71439272,35.74530749],[139.71433897,35.74529201],[139.71378354,35.74527654],[139.71362229,35.74530749],[139.71360437,35.74530749],[139.71286977,35.74541582],[139.71274434,35.74544677],[139.71270851,35.74544677],[139.71267268,35.74544677],[139.71211724,35.74553962],[139.7118664,35.74558605],[139.71183057,35.74558605],[139.71177682,35.74560153],[139.71150806,35.74564795],[139.71086304,35.74575628],[139.71079137,35.74575628],[139.7107197,35.74577176],[139.71068387,35.74577176],[139.71043303,35.74578723],[139.70993135,35.74519916],[139.70991343,35.74516821],[139.70989551,35.74513726],[139.70982385,35.74505988],[139.70969843,35.74488964],[139.70966259,35.74479679],[139.70964467,35.74476584],[139.70960884,35.74471941],[139.70959092,35.74468846],[139.70944759,35.74442537],[139.70919674,35.74403848],[139.70917883,35.74397658],[139.70916091,35.74393015],[139.70916091,35.74391468],[139.70912508,35.74380635],[139.70908924,35.74345041],[139.70905341,35.7433266],[139.70903549,35.74329565],[139.70891007,35.74300161],[139.70880257,35.74267662],[139.70869506,35.7423052],[139.70869506,35.74225878],[139.7086234,35.74216592],[139.70849797,35.74196474],[139.70848006,35.74193379],[139.70833672,35.74170165],[139.70833672,35.74168618],[139.7083188,35.7416707],[139.70830089,35.74163975],[139.70815755,35.74146952],[139.70801421,35.74133024],[139.70799629,35.74131476],[139.70788879,35.74120643],[139.70783504,35.74112905],[139.7076917,35.74098977],[139.70760212,35.74089692],[139.70756628,35.74085049],[139.70754836,35.74085049],[139.70742294,35.74071121],[139.70726169,35.74054097],[139.70701085,35.74027789],[139.706545,35.73979814],[139.70650917,35.73978267],[139.70584623,35.73910174],[139.7058104,35.73907078],[139.70579248,35.73903983],[139.70572081,35.73897793],[139.70534455,35.73854461],[139.70530872,35.73851366],[139.70527288,35.73848271],[139.70491454,35.73814224],[139.7047712,35.73800296],[139.70473537,35.73797201],[139.70471745,35.73795653],[139.70444869,35.73769345],[139.7042516,35.73743036],[139.70421577,35.73739941],[139.70419785,35.73738393],[139.70412618,35.73729108],[139.70405452,35.7371518],[139.7040366,35.73704347],[139.70400076,35.73682681],[139.70400076,35.7366411],[139.70396493,35.73650182],[139.7039291,35.73634706],[139.70391118,35.73631611],[139.70391118,35.73626968],[139.70385743,35.73609945],[139.70382159,35.73586732],[139.70371409,35.73586732],[139.70360659,35.73586732],[139.70357075,35.73586732],[139.70344533,35.73591374],[139.70265698,35.73608398],[139.70260322,35.73608398],[139.70238822,35.7361304],[139.7023703,35.73614588],[139.70233447,35.73614588],[139.7022628,35.73623873],[139.7021553,35.73636254],[139.70213738,35.73637801],[139.70210154,35.73645539],[139.70210154,35.73647087],[139.70206571,35.7365792],[139.70197612,35.73690419],[139.70199404,35.73696609],[139.70235238,35.73712085],[139.70228072,35.73722918],[139.7022628,35.73724465],[139.70224488,35.7372756],[139.70220905,35.73733751],[139.70204779,35.73770892],[139.70199404,35.73781725],[139.70197612,35.7378482],[139.70197612,35.73786368],[139.70147444,35.73891603],[139.70142069,35.73902436],[139.70140277,35.73905531],[139.70138486,35.73908626],[139.7012236,35.73936482],[139.70099068,35.73990647],[139.70086526,35.739891],[139.70082942,35.73987552],[139.70079359,35.73987552],[139.70057858,35.73984457],[139.70032774,35.73981362],[139.70000523,35.73978267],[139.69921688,35.73972076],[139.69919896,35.73987552],[139.69919896,35.739891],[139.69918104,35.74013861],[139.69914521,35.74023146],[139.69907354,35.74041717],[139.69909146,35.7405255],[139.69909146,35.74055645],[139.69909146,35.74066478],[139.69903771,35.74116],[139.69901979,35.74126833],[139.69900187,35.74133024],[139.6989302,35.74165522],[139.6989302,35.7416707],[139.69891229,35.74187188],[139.69887645,35.74219687],[139.69887645,35.74222783],[139.69887645,35.74227425],[139.69885854,35.74239806],[139.69866145,35.74238258],[139.69762225,35.74233616],[139.69758642,35.74233616],[139.69755058,35.74233616],[139.69658305,35.74228973],[139.69651139,35.74227425],[139.69647555,35.74227425],[139.69613513,35.74225878],[139.69572303,35.74225878],[139.6956872,35.74225878],[139.69466592,35.74222783],[139.6945405,35.74222783],[139.69446883,35.7428159],[139.69446883,35.74286233],[139.69448675,35.74289328],[139.69448675,35.74295518],[139.69450466,35.74304804],[139.69428966,35.74300161],[139.69414632,35.74300161],[139.69357297,35.74297066],[139.69346547,35.74304804],[139.69342963,35.74307899],[139.69337588,35.74310994],[139.6927667,35.74351231],[139.69269503,35.74355874],[139.69265919,35.74357421],[139.69262336,35.74360516],[139.69256961,35.74363611],[139.69249794,35.74357421],[139.69248002,35.74354326],[139.69244419,35.74351231],[139.69226502,35.74335755],[139.69196042,35.74307899],[139.69192459,35.74303256],[139.69187084,35.74298613],[139.69179917,35.74292423],[139.69178125,35.74289328],[139.69167375,35.74280043],[139.69162,35.74276947],[139.69156625,35.74272305],[139.69136916,35.74255281],[139.69133332,35.74253734],[139.69027621,35.74185641],[139.69002537,35.7416707],[139.68989995,35.74159332],[139.68977453,35.74145404],[139.68961327,35.74133024],[139.68909368,35.74112905],[139.688592,35.74094334],[139.68837699,35.74088144],[139.68825157,35.74083501],[139.68819782,35.74083501],[139.6875528,35.7406493],[139.68742738,35.74061835],[139.68733779,35.7405874],[139.68723029,35.74055645],[139.68669278,35.74037074],[139.68665694,35.74037074],[139.6862986,35.74024694],[139.68626276,35.74023146],[139.68622693,35.74023146],[139.68615526,35.74020051],[139.68547441,35.73999933],[139.68495481,35.73984457],[139.68491898,35.73984457],[139.6847398,35.73978267],[139.68445313,35.73970529],[139.68436354,35.73967434],[139.68425604,35.73964338],[139.68391561,35.7395041],[139.68334226,35.73933387],[139.68328851,35.7393184],[139.68325268,35.73930292],[139.68321684,35.73928744],[139.68258974,35.73910174],[139.68232099,35.73903983],[139.68228515,35.73902436],[139.68215973,35.73899341],[139.68201639,35.73896245],[139.68147888,35.7388696],[139.68144304,35.73885412],[139.68140721,35.73885412],[139.68128179,35.73883865],[139.68115637,35.73882317],[139.68110262,35.7388077],[139.68076219,35.73876127],[139.68047552,35.73871484],[139.68006342,35.73900888],[139.67999175,35.73910174],[139.67992008,35.73917911],[139.67988425,35.73927197],[139.6798305,35.73936482],[139.67979466,35.73945768],[139.67970508,35.73956601],[139.67957966,35.73968981],[139.6792034,35.74018503],[139.67914965,35.74038622],[139.67913173,35.74049455],[139.67909589,35.74063383],[139.67923923,35.74068026],[139.67929298,35.74072668],[139.67938257,35.74091239],[139.67943632,35.74100525],[139.67952591,35.74114453],[139.67954382,35.74125286],[139.67963341,35.74146952],[139.67965133,35.74148499],[139.679723,35.74162427],[139.67977675,35.7416707],[139.67984842,35.74171713],[139.68009926,35.74194926],[139.68031426,35.74207307],[139.68038593,35.74213497],[139.68040385,35.74215045],[139.68042176,35.74225878],[139.68051135,35.74252186],[139.68058302,35.7428159],[139.68058302,35.7428778],[139.68060094,35.7428778],[139.68063677,35.74295518],[139.68070844,35.74301709],[139.68072636,35.74304804],[139.68078011,35.74314089],[139.68081594,35.74317184],[139.68090553,35.7433266],[139.68090553,35.7433885],[139.68090553,35.74348136],[139.68086969,35.74362064],[139.68085178,35.74371349],[139.68083386,35.74382182],[139.6805651,35.74393015],[139.68031426,35.74400753],[139.67947215,35.74427062],[139.67897047,35.74442537],[139.67841504,35.74458013],[139.67825379,35.74464203],[139.6781642,35.74465751],[139.67812837,35.74467298],[139.67760877,35.74485869],[139.67759085,35.74487417],[139.67757293,35.74487417],[139.67734001,35.74495155],[139.67694583,35.74505988],[139.67689208,35.74507535],[139.67656957,35.74516821],[139.67599622,35.74535392],[139.6758708,35.74540034],[139.67583497,35.74538487],[139.67572747,35.74530749],[139.6756558,35.74521463],[139.67558413,35.74513726],[139.67556621,35.74513726],[139.67547663,35.74502893],[139.67545871,35.74501345],[139.67538704,35.7449206],[139.67533329,35.7449206],[139.6752437,35.74495155],[139.67522578,35.74495155],[139.67511828,35.74499797],[139.67501078,35.74505988],[139.67499286,35.74505988],[139.67486744,35.74515273],[139.67474202,35.74524559],[139.67465244,35.74532296],[139.67447326,35.74546225],[139.67440159,35.74546225],[139.67434784,35.74541582],[139.67373866,35.74493607],[139.67352365,35.7450444],[139.67348782,35.74505988],[139.6734699,35.74507535],[139.67332656,35.74515273],[139.67230529,35.74454918],[139.67228737,35.7445337],[139.67223362,35.74450275],[139.67214403,35.7445337],[139.67212611,35.74481227],[139.67207236,35.74521463],[139.6721082,35.74532296],[139.67212611,35.74535392],[139.67223362,35.745617],[139.67234112,35.74581819],[139.67234112,35.74583366],[139.67253821,35.74622055],[139.67278905,35.74666935],[139.67280697,35.74671578],[139.67293239,35.74704077],[139.67307572,35.74728838],[139.67307572,35.74741218],[139.67311156,35.74755146],[139.67316531,35.74767527],[139.6732549,35.74779907],[139.67329073,35.74786098],[139.67329073,35.74787645],[139.67334448,35.74801573],[139.67370283,35.74858834],[139.67375658,35.74871214],[139.67379241,35.74875857],[139.67382825,35.74885142],[139.6739895,35.74916094],[139.67407909,35.7493776],[139.67422242,35.74970259],[139.67424034,35.74976449],[139.67432993,35.74999662],[139.67438368,35.75018233],[139.67443743,35.75039899],[139.67443743,35.7505228],[139.67459868,35.75094064],[139.67463452,35.75100254],[139.67477786,35.75132753],[139.67486744,35.75145134],[139.67492119,35.75151324],[139.67495703,35.75174538],[139.67499286,35.75183823],[139.67501078,35.75183823],[139.6750287,35.75188466],[139.67501078,35.75193108],[139.67499286,35.75194656],[139.67497494,35.75199299],[139.67492119,35.75213227],[139.67483161,35.75225607],[139.67477786,35.7523644],[139.67407909,35.75312271],[139.67406117,35.75316914],[139.67404325,35.75321557],[139.67404325,35.75323104],[139.67400742,35.75330842],[139.6739895,35.75337032],[139.67384616,35.75354056],[139.67382825,35.75357151],[139.67373866,35.75374174],[139.67366699,35.75405125],[139.67363116,35.75409768],[139.67359532,35.75415958],[139.67355949,35.75420601],[139.67334448,35.75451553],[139.67332656,35.75465481],[139.67332656,35.75467028],[139.67329073,35.75482504],[139.6732549,35.75501075],[139.6732549,35.75507265],[139.67321906,35.75527383],[139.67320114,35.75538216],[139.67320114,35.75539764],[139.67327281,35.75584644],[139.6733624,35.75621785],[139.67341615,35.75649641],[139.67352365,35.75677498],[139.67359532,35.7572083],[139.67361324,35.75731663],[139.67364907,35.7579047],[139.67368491,35.75833802],[139.67370283,35.75839992],[139.67366699,35.75852373],[139.67363116,35.75863206],[139.67355949,35.75884872],[139.67354157,35.7589261],[139.67348782,35.75900348],[139.6733624,35.75925109],[139.67262779,35.75976179],[139.67260988,35.75977726],[139.67257404,35.75979274],[139.67246654,35.75987012],[139.67196486,35.76033439],[139.67194694,35.76034986],[139.67157068,35.76069033],[139.67146318,35.76084508],[139.67140943,35.76090699],[139.67128401,35.76103079],[139.67123026,35.7612165],[139.67123026,35.7612784],[139.67119442,35.76130935],[139.67112275,35.76143316],[139.67080024,35.76191291],[139.67069274,35.76205219],[139.67060315,35.7622998],[139.67053149,35.76243908],[139.67047773,35.76259384],[139.6704419,35.76265574],[139.6704419,35.76268669],[139.67038815,35.7628105],[139.67035231,35.76296525],[139.67022689,35.76335215],[139.67022689,35.7633831],[139.67017314,35.76353785],[139.67013731,35.76363071],[139.67004772,35.76394022],[139.66999397,35.76411046],[139.66994022,35.76424974],[139.66990438,35.76437354],[139.66983272,35.76457473],[139.66977896,35.76474496],[139.66974313,35.76485329],[139.66956396,35.76528661],[139.66945646,35.76534851],[139.66934895,35.76542589],[139.66922353,35.76585921],[139.66900853,35.76654014],[139.66891894,35.76666394],[139.66886519,35.76674132],[139.66873977,35.76689608],[139.66850685,35.76720559],[139.66843518,35.76729845],[139.66823809,35.76753058],[139.66822017,35.76756153],[139.66818434,35.76756153],[139.6681485,35.76756153],[139.66773641,35.76756153],[139.66766474,35.76753058],[139.66746765,35.76740678],[139.66732431,35.76734488],[139.66723473,35.76729845],[139.66712722,35.76731392],[139.66703764,35.7673294],[139.66691222,35.76736035],[139.66667929,35.76742225],[139.66666138,35.76742225],[139.66624928,35.76753058],[139.66614178,35.76756153],[139.66607011,35.76757701],[139.6651205,35.76785557],[139.66495924,35.767902],[139.66492341,35.767902],[139.66490549,35.76791748],[139.66458298,35.76801033],[139.6643859,35.76802581],[139.66435006,35.76802581],[139.66429631,35.76804128],[139.6639738,35.76807223],[139.66388421,35.76807223],[139.66286294,35.76816509],[139.66255834,35.76822699],[139.66212833,35.76828889],[139.66203875,35.76831984],[139.66153706,35.76844365],[139.66135789,35.76849008],[139.66128622,35.76855198],[139.66112497,35.76867578],[139.66001411,35.76872221],[139.65936909,35.76875316],[139.65929742,35.76875316],[139.65918992,35.76875316],[139.65897491,35.76876864],[139.65832989,35.76881507],[139.65809697,35.76881507],[139.65777446,35.76884602],[139.65770279,35.76884602],[139.65764904,35.76886149],[139.65705777,35.76889244],[139.65695027,35.76890792],[139.65650234,35.76895435],[139.65641275,35.76896982],[139.65605441,35.76900077],[139.65582149,35.76901625],[139.65463895,35.76907815],[139.65408352,35.7691091],[139.65402977,35.7691091],[139.65399393,35.7691091],[139.65352809,35.76907815],[139.65299057,35.76893887],[139.65297266,35.76893887],[139.65248889,35.7689234],[139.65222013,35.7689234],[139.65191554,35.7690472],[139.65186179,35.76906268],[139.65177221,35.76909363],[139.65112719,35.76917101],[139.65087635,35.76914006],[139.65060759,35.7691091],[139.64999841,35.7690472],[139.64935339,35.76896982],[139.64921005,35.76895435],[139.64843961,35.76886149],[139.64831419,35.76879959],[139.64824252,35.76876864],[139.64792001,35.76861388],[139.64768709,35.76867578],[139.64704207,35.76883054],[139.64648664,35.76901625],[139.64639705,35.76903173],[139.64593121,35.76918648],[139.64555495,35.76937219],[139.64539369,35.76944957],[139.64537577,35.76944957],[139.64525035,35.76954242],[139.64494576,35.76975908],[139.6445695,35.76996027],[139.644462,35.77002217],[139.64426491,35.7701305],[139.64417532,35.7701924],[139.64406782,35.77025431],[139.64360197,35.77053287],[139.64344072,35.77062572],[139.64295696,35.77091976],[139.64292112,35.77087333],[139.64286737,35.77081143],[139.64283154,35.77073405],[139.6427957,35.77068762],[139.64263445,35.77047097],[139.64232986,35.77014598],[139.64225819,35.77008407],[139.64207902,35.76977456],[139.64188193,35.76971266],[139.64177442,35.76966623],[139.64166692,35.76957338],[139.64152358,35.76941862],[139.64084273,35.76915553],[139.64052022,35.7691091],[139.63908685,35.76907815],[139.63854933,35.7690472],[139.63783265,35.7689234],[139.63718763,35.76887697],[139.63706221,35.76887697],[139.6368472,35.76886149],[139.63677553,35.76884602],[139.63657844,35.76883054],[139.63543174,35.76881507],[139.63482256,35.76879959],[139.63482256,35.76951147],[139.63478673,35.76966623],[139.63473297,35.76986741],[139.63410587,35.76986741],[139.63347877,35.76986741],[139.63347877,35.77003765],[139.63347877,35.77011502],[139.63347877,35.77025431],[139.63347877,35.77033168],[139.63347877,35.77040906],[139.63349669,35.77048644],[139.63333543,35.77054834],[139.63294126,35.77071858],[139.63188414,35.77130665],[139.63181247,35.77135308],[139.63168705,35.77143046],[139.63123913,35.77169354],[139.63113162,35.77175545],[139.63091662,35.77187925],[139.63091662,35.77189473],[139.63071953,35.77200306],[139.63019993,35.77234352],[139.62991325,35.77208044],[139.62987742,35.77204949],[139.62969825,35.77189473],[139.62957283,35.7717864],[139.62935782,35.77173997],[139.62937574,35.7719102],[139.62937574,35.77194116],[139.62939366,35.77204949],[139.62939366,35.77252923],[139.62939366,35.77269947],[139.62937574,35.77317921],[139.62939366,35.77345777],[139.62941157,35.77398395],[139.62932199,35.77424703],[139.62903531,35.77446369],[139.62899948,35.7745875],[139.62907115,35.77481963],[139.62919657,35.77500534],[139.62930407,35.77514462],[139.62930407,35.77525295],[139.62933991,35.77551604],[139.62933991,35.77559342],[139.62935782,35.77604221],[139.62935782,35.77608864],[139.62935782,35.77635173],[139.62937574,35.77663029],[139.62937574,35.77666124],[139.62939366,35.7768779],[139.62933991,35.77692433],[139.62926824,35.77698623],[139.62905323,35.77718742],[139.62899948,35.77723384],[139.62880239,35.77741955],[139.62876656,35.77743503],[139.6287128,35.77748145],[139.62869489,35.77749693],[139.62801403,35.77757431],[139.62788861,35.77760526],[139.62765569,35.77765169],[139.62753027,35.77768264],[139.62717193,35.77771359],[139.62713609,35.77772907],[139.62667025,35.77777549],[139.62652691,35.77779097],[139.62593564,35.77785287],[139.62538021,35.77791477],[139.62518312,35.77793025],[139.6251652,35.77800763],[139.62530854,35.77837904],[139.62543396,35.77884332],[139.62545188,35.77907545],[139.62534438,35.77929211],[139.62500395,35.77958615],[139.62493228,35.77964805],[139.62482478,35.77974091],[139.62471727,35.77981828],[139.62471727,35.78011232],[139.62448435,35.78049921],[139.62452019,35.78080873],[139.62455602,35.78083968],[139.62460977,35.78088611],[139.62462769,35.78090158],[139.62468144,35.78096349],[139.62500395,35.78119562],[139.62500395,35.7812111],[139.62514729,35.78131943],[139.62525479,35.7813968],[139.62550563,35.78159799],[139.62566688,35.78175275],[139.62572064,35.78183012],[139.62581022,35.78204678],[139.62591773,35.78209321],[139.62624023,35.78229439],[139.62627607,35.78230987],[139.62636565,35.7823563],[139.62638357,35.7823563],[139.62643732,35.78237177],[139.62650899,35.78238725],[139.62708234,35.78254201],[139.62717193,35.78257296],[139.62726151,35.78265034],[139.62729735,35.78269676],[139.6274586,35.78283604],[139.62767361,35.78306818],[139.62774528,35.78313008],[139.62779903,35.78333127],[139.62792445,35.78374911],[139.62790653,35.78402767],[139.62790653,35.78424433],[139.62788861,35.78438361],[139.6278707,35.7846467],[139.6278707,35.78466218],[139.62851572,35.78518835],[139.62907115,35.78574547],[139.6292324,35.78568357],[139.62933991,35.78565262],[139.62948324,35.78560619],[139.6296445,35.78554429],[139.63034327,35.78535858],[139.6304866,35.78546691],[139.63055827,35.78552881],[139.63070161,35.78563714],[139.63114954,35.78596213],[139.63168705,35.78633355],[139.63184831,35.78656569],[139.63184831,35.78668949],[139.63174081,35.7868752],[139.63174081,35.78698353],[139.63183039,35.78702996],[139.6320454,35.78713829],[139.63213498,35.78743232],[139.63202748,35.78771089],[139.63175872,35.78798945],[139.63168705,35.7880823],[139.63156163,35.78820611],[139.63186623,35.78854657],[139.63199165,35.78868586],[139.63229624,35.78894894],[139.63247541,35.7891037],[139.63272625,35.78928941],[139.63301293,35.78939774],[139.6332996,35.78941321],[139.63333543,35.78942869],[139.63362211,35.78942869],[139.6337117,35.78949059],[139.63380128,35.78966082],[139.63390878,35.78975368],[139.63414171,35.78995486],[139.63423129,35.79034176],[139.63446422,35.79041913],[139.63485839,35.79057389],[139.63509132,35.79057389],[139.63528841,35.79054294],[139.635808,35.79048104],[139.6361126,35.79045008],[139.63641719,35.79052746],[139.63682928,35.79080603],[139.63686512,35.79080603],[139.63704429,35.79080603],[139.63716971,35.7908215],[139.63738472,35.79083698],[139.63754597,35.79085245],[139.63792223,35.79119292],[139.6378864,35.79122387],[139.63781473,35.79128577],[139.63767139,35.7913941],[139.63765347,35.79154886],[139.63783265,35.79167266],[139.6381014,35.7918429],[139.63833433,35.79202861],[139.63844183,35.79212146],[139.63874642,35.7923536],[139.63890768,35.79246193],[139.63915852,35.79264763],[139.63940936,35.79284882],[139.63960645,35.7934988],[139.63996479,35.79499994],[139.64023355,35.79620704],[139.64030521,35.79667131],[139.64037688,35.79702725],[139.64041272,35.79716654],[139.64048439,35.79741415],[139.6405023,35.79749153],[139.64057397,35.79769271],[139.64086065,35.79794032],[139.64098607,35.79797127],[139.64127274,35.79803317],[139.64139816,35.79806413],[139.64148775,35.7980796],[139.64166692,35.79809508],[139.64177442,35.79809508],[139.64256278,35.79815698],[139.64369156,35.79821888],[139.64482034,35.79809508],[139.64569828,35.79800222],[139.6461283,35.79790937],[139.64614621,35.79790937],[139.64630747,35.79786294],[139.64661206,35.79778556],[139.6468629,35.79767723],[139.64761542,35.79747605],[139.64786626,35.79747605],[139.64824252,35.79763081],[139.64878004,35.79792484],[139.64951464,35.79831174],[139.64999841,35.79857482],[139.65010591,35.79863673],[139.65109135,35.79911647],[139.65109135,35.79913195],[139.65225597,35.79972003],[139.65288307,35.79999859],[139.65336683,35.80023072],[139.65367143,35.8002462],[139.65445978,35.8003081],[139.65487188,35.80033905],[139.65634108,35.80043191],[139.65777446,35.80050929],[139.65832989,35.80050929],[139.65947659,35.80050929],[139.66085621,35.80050929],[139.66212833,35.80049381],[139.66343629,35.80044738],[139.6647084,35.80047833],[139.66474424,35.80047833],[139.66599844,35.80050929],[139.66666138,35.80047833],[139.66667929,35.80047833],[139.66737806,35.80044738],[139.66859643,35.80032358],[139.66976105,35.8002462],[139.67065691,35.80006049],[139.67105108,35.79999859],[139.671069,35.79999859],[139.6718036,35.79975098],[139.67293239,35.79942599],[139.67382825,35.7991629],[139.67454493,35.79907005],[139.67479577,35.79903909],[139.67499286,35.79900814],[139.67501078,35.79900814],[139.67556621,35.79894624],[139.67592455,35.79889981],[139.67707125,35.79882243],[139.67837921,35.79882243],[139.67841504,35.79882243],[139.67954382,35.79891529],[139.68078011,35.799101],[139.68189097,35.79930218],[139.68224932,35.79939504],[139.68287642,35.79954979],[139.68334226,35.79968907],[139.68420229,35.79993668],[139.68441729,35.79999859],[139.6845248,35.80002954],[139.68497273,35.80015334],[139.68511606,35.80019977],[139.68529524,35.8002462],[139.68542066,35.80027715],[139.68561775,35.80033905],[139.68633443,35.80054024],[139.68662111,35.80063309],[139.68783947,35.80083428],[139.68843074,35.80084975],[139.68920118,35.8008807],[139.68981036,35.80084975],[139.69059872,35.80080332],[139.69167375,35.80066404],[139.69170958,35.80066404],[139.69260544,35.80050929],[139.69316087,35.80040096],[139.69384173,35.80023072],[139.69439716,35.80004501],[139.69445091,35.80002954],[139.69452258,35.79999859],[139.69534677,35.7996736],[139.69536469,35.79965812],[139.69617096,35.79928671],[139.69685181,35.79889981]]]]}},{"type":"Feature","properties":{"OBJECTID":112,"N03_001":"東京都","N03_002":null,"N03_003":null,"N03_004":"練馬区","N03_007":"13120","Shape_Leng":0.432280378017118,"Shape_Area":0.004791067310054,"id":"gci:13120A1968"},"geometry":{"type":"MultiPolygon","coordinates":[[[[139.68076219,35.73876127],[139.68078011,35.73865294],[139.68078011,35.73862199],[139.68078011,35.73859104],[139.68083386,35.738297],[139.6809772,35.73825057],[139.68129971,35.73780178],[139.68086969,35.73786368],[139.68074427,35.73787916],[139.68065469,35.7377863],[139.68065469,35.73770892],[139.68063677,35.73763154],[139.68052927,35.73756964],[139.68051135,35.73753869],[139.6804576,35.73749226],[139.68036801,35.73736846],[139.68017092,35.73671848],[139.68011717,35.73661015],[139.68009926,35.73656372],[139.68006342,35.73645539],[139.67995592,35.73626968],[139.679938,35.73620778],[139.67992008,35.73614588],[139.67975883,35.73602207],[139.67952591,35.73589827],[139.67938257,35.73582089],[139.67929298,35.73574351],[139.67918548,35.73554233],[139.67916756,35.7354959],[139.67909589,35.73534114],[139.67906006,35.7350471],[139.67902423,35.73489235],[139.67897047,35.73481497],[139.67884505,35.73466021],[139.67880922,35.73456736],[139.6787913,35.73455188],[139.67873755,35.73442808],[139.67880922,35.73431975],[139.67884505,35.73425784],[139.67895256,35.73407214],[139.67904214,35.73394833],[139.67907798,35.73391738],[139.67909589,35.7339019],[139.67923923,35.73371619],[139.67927507,35.73359239],[139.67923923,35.73337573],[139.67923923,35.7333293],[139.67922131,35.73329835],[139.6792034,35.73323645],[139.67918548,35.73317454],[139.67906006,35.73289598],[139.67902423,35.73283408],[139.67895256,35.73274123],[139.67893464,35.73271027],[139.67882714,35.73257099],[139.67848671,35.73240076],[139.67823587,35.7320603],[139.67821795,35.73202934],[139.67820004,35.73199839],[139.67796711,35.73168888],[139.67843296,35.73122461],[139.67834337,35.73111628],[139.67818212,35.73089962],[139.67811045,35.73079129],[139.67796711,35.73068296],[139.67782377,35.73068296],[139.67768044,35.73068296],[139.67766252,35.73068296],[139.67748335,35.73074486],[139.67725043,35.73094605],[139.67717876,35.73100795],[139.67662332,35.73145674],[139.67660541,35.73148769],[139.67656957,35.73150317],[139.67597831,35.73199839],[139.67581705,35.73210672],[139.67579913,35.7321222],[139.67570955,35.73216862],[139.67569163,35.73219958],[139.67547663,35.73238528],[139.67544079,35.73240076],[139.67540496,35.73243171],[139.6751362,35.73272575],[139.67508245,35.73277218],[139.67506453,35.73278765],[139.67501078,35.73283408],[139.67499286,35.73283408],[139.67468827,35.73306622],[139.6745091,35.73309717],[139.67447326,35.73309717],[139.67441951,35.73311264],[139.67422242,35.73314359],[139.673882,35.7332674],[139.67386408,35.73328287],[139.67381033,35.73331383],[139.67379241,35.7333293],[139.67368491,35.73340668],[139.67332656,35.73336025],[139.67323698,35.7333912],[139.67300406,35.73354596],[139.6728428,35.73354596],[139.67268155,35.73354596],[139.67235904,35.73354596],[139.67214403,35.73354596],[139.67207236,35.73354596],[139.67146318,35.73354596],[139.67131984,35.7333293],[139.67121234,35.73315907],[139.67119442,35.73314359],[139.6711765,35.73309717],[139.67115859,35.73305074],[139.67110484,35.73294241],[139.67067482,35.73257099],[139.67056732,35.73249361],[139.67038815,35.73232338],[139.67022689,35.73238528],[139.67017314,35.73241624],[139.66983272,35.73252457],[139.6698148,35.73252457],[139.66968938,35.73257099],[139.66959979,35.73246266],[139.66958188,35.73246266],[139.6694027,35.732246],[139.66934895,35.7321841],[139.66931312,35.7321841],[139.66888311,35.7321222],[139.66852476,35.7321222],[139.66843518,35.73210672],[139.66836351,35.73207577],[139.66830976,35.73190554],[139.66829184,35.73185911],[139.66816642,35.73139484],[139.66811267,35.73141032],[139.66807683,35.73141032],[139.66714514,35.73153412],[139.66709139,35.73141032],[139.66707347,35.73137936],[139.66701972,35.73127103],[139.66701972,35.73124008],[139.6670018,35.73120913],[139.66696597,35.73113175],[139.66667929,35.73122461],[139.66666138,35.73122461],[139.66641054,35.73128651],[139.66621345,35.73134841],[139.66607011,35.73136389],[139.66598052,35.73136389],[139.6658551,35.73136389],[139.66533551,35.73134841],[139.665228,35.73133294],[139.6651205,35.73131746],[139.66506675,35.73128651],[139.66499508,35.73125556],[139.66479799,35.73111628],[139.6647084,35.730977],[139.66463674,35.73083772],[139.6643859,35.73026511],[139.66415297,35.72972347],[139.66402755,35.7293211],[139.6639738,35.72919729],[139.66390213,35.72905801],[139.66375879,35.7288723],[139.66365129,35.7287485],[139.66361546,35.72860922],[139.66357962,35.72840803],[139.66349004,35.72820685],[139.66343629,35.72811399],[139.66320336,35.72789733],[139.66311378,35.72781996],[139.66255834,35.72730926],[139.66259418,35.72724735],[139.66243292,35.7270926],[139.66225375,35.72692236],[139.66169832,35.72669023],[139.66107122,35.72661285],[139.66101747,35.72661285],[139.66096372,35.72659738],[139.66087413,35.72659738],[139.66044412,35.72659738],[139.65976326,35.72662833],[139.65972743,35.72662833],[139.65961993,35.72662833],[139.65961993,35.72625691],[139.65961993,35.72582359],[139.65863448,35.72580812],[139.65834781,35.72582359],[139.65832989,35.72583907],[139.65822239,35.72585454],[139.65816864,35.72585454],[139.6581328,35.72585454],[139.65804322,35.72587002],[139.65752362,35.72604025],[139.65703985,35.72621048],[139.65691443,35.72624143],[139.6568786,35.72625691],[139.65682485,35.72627239],[139.65644859,35.72636524],[139.65574982,35.72642714],[139.65569607,35.72642714],[139.65564231,35.72642714],[139.65553481,35.72644262],[139.65456728,35.72645809],[139.65454937,35.72645809],[139.65411936,35.72647357],[139.65390435,35.72648905],[139.65372518,35.72648905],[139.65365351,35.72628786],[139.65358184,35.72627239],[139.65243514,35.72634976],[139.65223805,35.72634976],[139.65187971,35.72633429],[139.65179012,35.72633429],[139.65107344,35.72655095],[139.65078676,35.7266438],[139.65048217,35.72689141],[139.65035675,35.72684499],[139.65008799,35.72673666],[139.64999841,35.72673666],[139.64960423,35.72673666],[139.64888754,35.72673666],[139.64876212,35.72673666],[139.64847545,35.72673666],[139.64833211,35.72673666],[139.64743625,35.72675213],[139.64740042,35.72655095],[139.6473825,35.72608668],[139.6473825,35.72599382],[139.64740042,35.72596287],[139.64745417,35.72559146],[139.64740042,35.72548313],[139.6463433,35.72546765],[139.64628955,35.72546765],[139.64625372,35.72546765],[139.64542953,35.7254986],[139.64505327,35.72548313],[139.64499951,35.72548313],[139.64478451,35.72548313],[139.64408574,35.72548313],[139.6439424,35.7254367],[139.64388865,35.72540575],[139.6438349,35.72539027],[139.64356614,35.72531289],[139.64245528,35.72568431],[139.64241944,35.72569979],[139.64197151,35.72585454],[139.64168484,35.7259474],[139.64166692,35.7259474],[139.64127274,35.72604025],[139.64121899,35.72605573],[139.64075314,35.72614858],[139.64023355,35.72625691],[139.63998271,35.72630334],[139.63992895,35.72630334],[139.63983937,35.72638072],[139.63980353,35.72681404],[139.63982145,35.72690689],[139.63985729,35.7272164],[139.6397677,35.72724735],[139.63973187,35.72726283],[139.63969603,35.72727831],[139.6396602,35.72729378],[139.63940936,35.7276652],[139.6392481,35.72785091],[139.63919435,35.72786638],[139.63910476,35.72786638],[139.63906893,35.72786638],[139.63894351,35.72788186],[139.63883601,35.72788186],[139.6387285,35.72789733],[139.63865684,35.72789733],[139.63853141,35.72794376],[139.63828057,35.72802114],[139.6381014,35.72816042],[139.63802973,35.72828423],[139.63802973,35.72839256],[139.63801182,35.72856279],[139.63801182,35.72865564],[139.63785056,35.72913539],[139.63776098,35.72929015],[139.63765347,35.72949133],[139.63740263,35.72961514],[139.63699054,35.73048177],[139.6368472,35.73085319],[139.6367397,35.7311008],[139.63663219,35.73158055],[139.63659636,35.73171983],[139.63650677,35.73204482],[139.63643511,35.73227695],[139.63616635,35.73223053],[139.63609468,35.73221505],[139.63534216,35.73210672],[139.63528841,35.73213767],[139.63521674,35.7321841],[139.63519882,35.73219958],[139.6350734,35.73230791],[139.63489423,35.73283408],[139.63473297,35.7333293],[139.63460755,35.73374715],[139.63451797,35.73391738],[139.63446422,35.73410309],[139.63441047,35.7343507],[139.63401629,35.73428879],[139.63389087,35.73450545],[139.6338192,35.73467569],[139.63374753,35.73481497],[139.63374753,35.7348614],[139.63372961,35.7348614],[139.63356836,35.73524829],[139.63355044,35.73527924],[139.63349669,35.73531019],[139.63342502,35.73534114],[139.63333543,35.73535662],[139.63326377,35.73537209],[139.6331921,35.73535662],[139.63272625,35.73534114],[139.632565,35.73532567],[139.63197373,35.73538757],[139.63184831,35.73537209],[139.63088078,35.73532567],[139.63057619,35.73531019],[139.63036118,35.73531019],[139.62968033,35.73531019],[139.62966241,35.73531019],[139.62932199,35.73531019],[139.62914282,35.73531019],[139.62907115,35.73529471],[139.62856947,35.73527924],[139.62846196,35.73527924],[139.62842613,35.73527924],[139.62839029,35.73527924],[139.62833654,35.73529471],[139.62788861,35.73524829],[139.62785278,35.73524829],[139.62779903,35.73524829],[139.62769153,35.73523281],[139.62749444,35.73518639],[139.62738693,35.73515543],[139.62717193,35.73510901],[139.62717193,35.73489235],[139.62718984,35.73481497],[139.62729735,35.73397928],[139.62729735,35.73396381],[139.62720776,35.73382452],[139.62658066,35.73363882],[139.62650899,35.7333293],[139.62647316,35.7332055],[139.62643732,35.73314359],[139.62638357,35.73306622],[139.62632982,35.73295789],[139.62622232,35.73277218],[139.62616857,35.73267932],[139.62604315,35.73243171],[139.62602523,35.73238528],[139.62600731,35.73236981],[139.62595356,35.73232338],[139.62572064,35.73210672],[139.62566688,35.73199839],[139.62555938,35.73179721],[139.62554146,35.73176626],[139.62532646,35.73131746],[139.62527271,35.73125556],[139.62520104,35.73114723],[139.62511145,35.73100795],[139.6250577,35.73094605],[139.62500395,35.73083772],[139.62500395,35.73082224],[139.62478894,35.73043535],[139.62464561,35.73028059],[139.6245381,35.73014131],[139.62423351,35.73017226],[139.62416184,35.73017226],[139.62367808,35.73021869],[139.62355266,35.73023416],[139.62333765,35.73028059],[139.62305098,35.73031154],[139.62199386,35.73041987],[139.62177886,35.73045082],[139.62163552,35.73041987],[139.62138468,35.73037344],[139.62093675,35.73028059],[139.62081133,35.73026511],[139.62063216,35.73024964],[139.62054257,35.73023416],[139.62034548,35.73020321],[139.62020215,35.73018774],[139.61979005,35.73009488],[139.61939587,35.73007941],[139.61914503,35.73004845],[139.61823126,35.73000203],[139.61717414,35.72994013],[139.61695914,35.72992465],[139.6168158,35.72990917],[139.61667246,35.72987822],[139.61647537,35.7298318],[139.61599161,35.7298318],[139.61590203,35.7298937],[139.61572285,35.73003298],[139.6155616,35.73015678],[139.61540034,35.73028059],[139.615042,35.73015678],[139.61479116,35.73007941],[139.61471949,35.73006393],[139.61450449,35.73000203],[139.61436115,35.72997108],[139.61428948,35.7299556],[139.61382363,35.7298318],[139.61371613,35.72980084],[139.61348321,35.72973894],[139.61298153,35.72959966],[139.61296361,35.72958418],[139.61192441,35.72929015],[139.61179899,35.72925919],[139.61156607,35.72919729],[139.61144065,35.72918182],[139.61088522,35.72902706],[139.61068813,35.72899611],[139.6101327,35.7288723],[139.60955935,35.72870207],[139.60914725,35.72854731],[139.60882474,35.72837708],[139.60864557,35.7282997],[139.60834098,35.7281759],[139.60803639,35.72803661],[139.60771388,35.72791281],[139.6072122,35.72777353],[139.60710469,35.72774258],[139.60681802,35.72768067],[139.60576091,35.72740211],[139.60567132,35.72737116],[139.60556382,35.72734021],[139.60542048,35.72730926],[139.60524131,35.72724735],[139.60452462,35.72704617],[139.60427378,35.72698427],[139.60396919,35.72686046],[139.60389752,35.72682951],[139.60353918,35.7266438],[139.60348542,35.72661285],[139.6030375,35.72638072],[139.60284041,35.72631881],[139.60271499,35.72627239],[139.60206997,35.72604025],[139.60194455,35.7260093],[139.60185496,35.72579264],[139.60185496,35.72577716],[139.60178329,35.72563788],[139.60176538,35.72557598],[139.60181913,35.7254367],[139.60115619,35.72508076],[139.60106661,35.72500338],[139.60060076,35.72463196],[139.60018866,35.72427602],[139.600117,35.72421412],[139.60000949,35.72410579],[139.59999158,35.72410579],[139.59997366,35.72407484],[139.59979449,35.72392008],[139.59966907,35.72387365],[139.59941823,35.72376532],[139.59913155,35.72364152],[139.59879113,35.72354866],[139.59864779,35.72348676],[139.59861195,35.72347129],[139.59852237,35.72342486],[139.59791318,35.72316177],[139.59769818,35.72306892],[139.59755484,35.72297606],[139.59714275,35.7226975],[139.59694566,35.72254274],[139.59689191,35.72249632],[139.59674857,35.72243441],[139.59665898,35.72237251],[139.59651564,35.72229513],[139.59644398,35.72226418],[139.59617522,35.72221775],[139.59588854,35.7221868],[139.59565562,35.72217133],[139.59558395,35.72197014],[139.59565562,35.7215523],[139.59538686,35.72099517],[139.59517186,35.72063923],[139.59493893,35.72026782],[139.59468809,35.71977259],[139.59436558,35.71913809],[139.59422225,35.71890596],[139.59384599,35.71828693],[139.59359515,35.7181786],[139.59336222,35.71807027],[139.59303971,35.71833336],[139.59289638,35.71845716],[139.59278887,35.71856549],[139.59248428,35.7188131],[139.59226927,35.71898333],[139.59216177,35.71907619],[139.59167801,35.71944761],[139.59166009,35.71944761],[139.59142717,35.71963331],[139.59119424,35.71977259],[139.59049547,35.72009758],[139.59019088,35.72017496],[139.59002963,35.72020591],[139.58965337,35.72023687],[139.58945628,35.72028329],[139.5891696,35.72028329],[139.58882918,35.72026782],[139.58861417,35.72025234],[139.58813041,35.72017496],[139.58800499,35.72012854],[139.58773623,35.72005116],[139.58741372,35.71994283],[139.58709121,35.7198345],[139.58701954,35.71980355],[139.58692996,35.71978807],[139.58680454,35.71975712],[139.58669703,35.71966426],[139.58635661,35.71935475],[139.58608785,35.71915357],[139.58590868,35.71901429],[139.58580118,35.71892143],[139.58547867,35.71851906],[139.58531741,35.71836431],[139.58520991,35.71825598],[139.58510241,35.71802384],[139.58508449,35.71796194],[139.58504865,35.71780718],[139.58501282,35.71771433],[139.58501282,35.71769885],[139.5849949,35.71755957],[139.58495907,35.71743577],[139.58494115,35.71728101],[139.58492323,35.71718815],[139.58494115,35.71687864],[139.58495907,35.71666198],[139.58495907,35.71644532],[139.5849949,35.71630604],[139.58508449,35.71610486],[139.58537116,35.71582629],[139.58542491,35.71571796],[139.58544283,35.71559416],[139.58546075,35.71551678],[139.58556825,35.71536202],[139.58576534,35.71506798],[139.58587284,35.71497513],[139.58606993,35.71471204],[139.58632077,35.71430968],[139.58644619,35.71409302],[139.58671495,35.71348946],[139.58682245,35.71325733],[139.58685829,35.71307162],[139.58687621,35.71293234],[139.58687621,35.71276211],[139.58687621,35.71251449],[139.58682245,35.71222046],[139.5867687,35.7121276],[139.58664328,35.71191094],[139.58585493,35.71226688],[139.58533533,35.71249902],[139.58501282,35.71268473],[139.58483365,35.71276211],[139.58452906,35.71287044],[139.58445739,35.71290139],[139.5837407,35.71324185],[139.58341819,35.71338113],[139.58332861,35.71341208],[139.5830061,35.71355137],[139.58286276,35.71361327],[139.58277317,35.71364422],[139.58246858,35.71376803],[139.58232524,35.71382993],[139.58203857,35.71393826],[139.58137563,35.71432515],[139.58126813,35.71440253],[139.58119646,35.71443348],[139.58073062,35.71469657],[139.58056936,35.71478942],[139.58015727,35.71506798],[139.58001393,35.71514536],[139.57944058,35.71556321],[139.57929724,35.71568701],[139.57913599,35.71582629],[139.57892098,35.71602748],[139.57867014,35.71621319],[139.57858055,35.71629056],[139.57849097,35.71636794],[139.57822221,35.7165846],[139.57813263,35.71666198],[139.57804304,35.71673936],[139.57797137,35.71681674],[139.57786387,35.71690959],[139.5777922,35.71697149],[139.5776847,35.71706435],[139.5776847,35.71707982],[139.57761303,35.71714173],[139.57757719,35.71717268],[139.57741594,35.71731196],[139.57734427,35.71737386],[139.57725468,35.71743577],[139.5771651,35.71749767],[139.57698593,35.71765242],[139.57687842,35.71774528],[139.57668133,35.71791551],[139.57632299,35.71822503],[139.57621549,35.71831788],[139.57587506,35.71855002],[139.57566006,35.71865834],[139.57542713,35.71882858],[139.57512254,35.71899881],[139.57499712,35.71904524],[139.5747642,35.71913809],[139.57460294,35.71921547],[139.57442377,35.7192619],[139.57395792,35.71943213],[139.57343833,35.71958689],[139.57311582,35.71967974],[139.57272164,35.71980355],[139.57213037,35.71997378],[139.5718437,35.72006663],[139.57109118,35.72028329],[139.57103742,35.72029877],[139.57087617,35.7203452],[139.57067908,35.7204071],[139.56994448,35.72062376],[139.56976531,35.72068566],[139.56910237,35.72088684],[139.56869027,35.72101065],[139.56860069,35.72102613],[139.56838568,35.72108803],[139.56822443,35.7211035],[139.56804526,35.72113446],[139.56802734,35.72113446],[139.56772275,35.72119636],[139.56747191,35.72125826],[139.56700606,35.72135112],[139.56677314,35.72139754],[139.56666563,35.72142849],[139.56637896,35.7214904],[139.56582353,35.7216142],[139.56564436,35.72166063],[139.56568019,35.72231061],[139.56568019,35.7226356],[139.56555477,35.72303797],[139.56546518,35.72334748],[139.56528601,35.72409031],[139.56525018,35.72426055],[139.56542935,35.72467839],[139.56544727,35.72472482],[139.56544727,35.7248641],[139.56551894,35.72500338],[139.56576978,35.72559146],[139.56591311,35.72605573],[139.5660027,35.72662833],[139.5660027,35.72704617],[139.56607437,35.72732473],[139.56623562,35.72761877],[139.56628937,35.72775805],[139.56634313,35.72791281],[139.56654021,35.72820685],[139.56666563,35.72846993],[139.56666563,35.72848541],[139.56680897,35.72876397],[139.56711356,35.729383],[139.56722107,35.72958418],[139.56732857,35.7298318],[139.56738232,35.72994013],[139.56754358,35.73029607],[139.56765108,35.73057463],[139.56804526,35.73133294],[139.56815276,35.73153412],[139.56815276,35.7315496],[139.5682961,35.73182816],[139.56860069,35.73244719],[139.56874403,35.73274123],[139.56879778,35.73283408],[139.56886945,35.73297336],[139.56890528,35.73308169],[139.56897695,35.73322097],[139.56899487,35.73323645],[139.56901278,35.73329835],[139.5690307,35.7333293],[139.56919196,35.73365429],[139.56926362,35.73382452],[139.56933529,35.73394833],[139.56938904,35.73408761],[139.56942488,35.73414951],[139.56933529,35.73424237],[139.56910237,35.73452093],[139.56879778,35.73483044],[139.56831401,35.73535662],[139.56791984,35.73574351],[139.56786608,35.73582089],[139.5677765,35.73591374],[139.56770483,35.73597565],[139.56765108,35.73602207],[139.56756149,35.7361304],[139.56732857,35.73636254],[139.56732857,35.73645539],[139.56743607,35.73667205],[139.56754358,35.73690419],[139.56757941,35.7370899],[139.56772275,35.73739941],[139.56779442,35.73753869],[139.56786608,35.7376625],[139.56795567,35.73786368],[139.56811693,35.73798749],[139.56826026,35.73808034],[139.5682961,35.73838985],[139.5682961,35.73846723],[139.56826026,35.7388696],[139.56820651,35.73896245],[139.56818859,35.7393803],[139.56817068,35.739891],[139.56815276,35.74004575],[139.56818859,35.74063383],[139.56818859,35.74074216],[139.56818859,35.74114453],[139.56820651,35.74145404],[139.56820651,35.7416707],[139.56820651,35.74184093],[139.56817068,35.74202664],[139.56817068,35.74208854],[139.56817068,35.7423052],[139.56817068,35.74232068],[139.56817068,35.74241353],[139.56817068,35.74245996],[139.56817068,35.74249091],[139.56817068,35.742754],[139.56813484,35.74295518],[139.56808109,35.74323375],[139.56799151,35.74348136],[139.56797359,35.74362064],[139.56793775,35.74374444],[139.56791984,35.74406943],[139.56783025,35.74419324],[139.56774066,35.74448728],[139.56763316,35.74475036],[139.56754358,35.74502893],[139.56747191,35.74527654],[139.56731065,35.74569438],[139.56729274,35.74575628],[139.56718523,35.74598842],[139.56689856,35.74626698],[139.56689856,35.74634436],[139.56689856,35.74637531],[139.56691647,35.74640626],[139.56697023,35.74693244],[139.56695231,35.74707172],[139.56677314,35.74742766],[139.56770483,35.74750504],[139.56774066,35.74750504],[139.56804526,35.74752051],[139.5682961,35.74755146],[139.56834985,35.74755146],[139.56883361,35.74758242],[139.56883361,35.74765979],[139.56885153,35.74787645],[139.56885153,35.74795383],[139.56879778,35.74809311],[139.56874403,35.74817049],[139.56863652,35.74830977],[139.56849319,35.74851096],[139.56845735,35.74855738],[139.5682961,35.74877404],[139.5682961,35.74878952],[139.56815276,35.74906808],[139.56813484,35.74911451],[139.56795567,35.74957878],[139.56781233,35.74999662],[139.56779442,35.75005853],[139.56797359,35.750074],[139.56817068,35.750074],[139.56870819,35.75005853],[139.56888736,35.7500121],[139.56912029,35.74999662],[139.56928154,35.74999662],[139.56922779,35.7501359],[139.56917404,35.75033709],[139.56915612,35.75049185],[139.56919196,35.75072398],[139.56919196,35.75084779],[139.56920987,35.75098707],[139.56919196,35.75118825],[139.56915612,35.75135848],[139.5691382,35.75151324],[139.56901278,35.75191561],[139.5689232,35.75211679],[139.56870819,35.75244178],[139.56849319,35.75268939],[139.5684036,35.7528132],[139.56831401,35.75295248],[139.56815276,35.75309176],[139.56811693,35.75313819],[139.56790192,35.75316914],[139.56770483,35.75323104],[139.56770483,35.75367984],[139.56774066,35.75423696],[139.56775858,35.7544691],[139.56775858,35.75479409],[139.56775858,35.75487147],[139.56775858,35.75491789],[139.5677765,35.75499527],[139.5677765,35.75507265],[139.56741816,35.7551036],[139.56709565,35.75519646],[139.56697023,35.75545954],[139.56693439,35.75552145],[139.56689856,35.75556787],[139.56684481,35.75589286],[139.56666563,35.75593929],[139.5666298,35.75595477],[139.56661188,35.75595477],[139.56659397,35.75597024],[139.56654021,35.75598572],[139.56637896,35.75603214],[139.56637896,35.75629523],[139.56637896,35.75643451],[139.56630729,35.75668212],[139.56584144,35.7568214],[139.56582353,35.75697616],[139.56582353,35.75702259],[139.56582353,35.75708449],[139.56594895,35.75723925],[139.56598478,35.75728567],[139.56603853,35.7573321],[139.56607437,35.75737853],[139.5661102,35.75742496],[139.56603853,35.75754876],[139.56580561,35.75793565],[139.56571602,35.75805946],[139.56564436,35.75816779],[139.56560852,35.75822969],[139.5655906,35.75826064],[139.56553685,35.75833802],[139.5653756,35.75846183],[139.56499934,35.75855468],[139.564856,35.75883324],[139.56462308,35.75925109],[139.5644439,35.75946775],[139.56413931,35.75965346],[139.56406764,35.75990107],[139.56397806,35.76025701],[139.56392431,35.76042724],[139.56387056,35.76061295],[139.56385264,35.76078318],[139.5638168,35.76096889],[139.5638168,35.76099984],[139.5638168,35.7610927],[139.56379889,35.76113912],[139.56379889,35.76117007],[139.56379889,35.76124745],[139.56379889,35.76126293],[139.56378097,35.76132483],[139.56378097,35.76140221],[139.56369138,35.76144864],[139.56367347,35.76144864],[139.56363763,35.76146411],[139.5636018,35.76149506],[139.56351221,35.76149506],[139.56333304,35.76149506],[139.5630822,35.76151054],[139.56304637,35.76152601],[139.56295678,35.76155697],[139.56277761,35.76158792],[139.56299261,35.76203671],[139.56338679,35.76250098],[139.56358388,35.76284145],[139.5637093,35.76284145],[139.56388847,35.76285692],[139.5641214,35.7628724],[139.56456933,35.7628724],[139.56473058,35.76282597],[139.56480225,35.76240813],[139.56498142,35.76203671],[139.56503517,35.76195933],[139.56516059,35.76186648],[139.5653756,35.76186648],[139.56555477,35.76188196],[139.56560852,35.76188196],[139.56578769,35.76189743],[139.56605645,35.76194386],[139.56646855,35.76197481],[139.56655813,35.76197481],[139.56659397,35.76197481],[139.56666563,35.76197481],[139.56675522,35.76195933],[139.56677314,35.76195933],[139.56686272,35.76205219],[139.56686272,35.76233075],[139.56671939,35.76273312],[139.56679105,35.76282597],[139.56729274,35.76298073],[139.567669,35.76304263],[139.56783025,35.76301168],[139.56793775,35.76279502],[139.56820651,35.76279502],[139.56836777,35.76282597],[139.56836777,35.76299621],[139.56824235,35.7635069],[139.56931738,35.76363071],[139.56940696,35.7633212],[139.56946071,35.76316644],[139.56962197,35.76321287],[139.56971155,35.76330572],[139.56972947,35.76301168],[139.5701774,35.76305811],[139.57073283,35.76324382],[139.57107326,35.76333667],[139.57107326,35.7633831],[139.57105534,35.76347595],[139.57100159,35.76366166],[139.57092992,35.76403308],[139.57087617,35.76417236],[139.57076867,35.76424974],[139.57055366,35.76423426],[139.57041032,35.76441997],[139.57035657,35.76449735],[139.57021323,35.76468306],[139.57008781,35.76508542],[139.56999823,35.76536399],[139.57003406,35.76558065],[139.57023115,35.7656735],[139.57033865,35.7657354],[139.5705895,35.76554969],[139.57071492,35.76539494],[139.57082242,35.76542589],[139.57107326,35.76551874],[139.57148535,35.76562707],[139.57166453,35.7656735],[139.57168244,35.7656735],[139.57180786,35.76570445],[139.57187953,35.76571993],[139.5720587,35.76575088],[139.57214829,35.76576635],[139.57221996,35.76578183],[139.57230954,35.76579731],[139.57243496,35.76581278],[139.5724708,35.76593659],[139.57238121,35.76644729],[139.57272164,35.76647824],[139.57336666,35.76652466],[139.57363541,35.76650919],[139.57368917,35.76647824],[139.57385042,35.76638538],[139.57397584,35.766308],[139.57401168,35.76627705],[139.57408334,35.76623063],[139.57419085,35.76613777],[139.57433418,35.76615325],[139.57447752,35.76615325],[139.57458502,35.76623063],[139.57447752,35.76652466],[139.57442377,35.76666394],[139.57437002,35.7668187],[139.57437002,35.76686513],[139.5742446,35.76748416],[139.57433418,35.76804128],[139.57433418,35.76819604],[139.57499712,35.76816509],[139.57523004,35.76816509],[139.57603632,35.76810318],[139.57689634,35.76807223],[139.57712926,35.76855198],[139.5773801,35.76914006],[139.57755928,35.76924839],[139.57766678,35.76927934],[139.57773845,35.76929481],[139.57788178,35.76931029],[139.57807887,35.76948052],[139.57815054,35.76982099],[139.57816846,35.77017693],[139.57816846,35.77023883],[139.57816846,35.77040906],[139.57816846,35.77065667],[139.57816846,35.77085786],[139.57850889,35.77088881],[139.57870597,35.77090428],[139.57874181,35.77090428],[139.57892098,35.77091976],[139.579566,35.77099714],[139.58065895,35.77108999],[139.58067686,35.77108999],[139.58067686,35.77164712],[139.58065895,35.7717864],[139.58090979,35.7717864],[139.58098146,35.77124475],[139.58099937,35.77112094],[139.58119646,35.77113642],[139.58125021,35.77113642],[139.58128605,35.77113642],[139.58155481,35.77112094],[139.58200273,35.77116737],[139.5820744,35.77118285],[139.58223566,35.7712138],[139.58219982,35.77138403],[139.58216399,35.77160069],[139.5820744,35.77197211],[139.58198482,35.77208044],[139.58189523,35.77218877],[139.5818594,35.77245185],[139.58200273,35.77256018],[139.58268359,35.77265304],[139.58325694,35.77273042],[139.58332861,35.77274589],[139.58368695,35.77277684],[139.58377653,35.77285422],[139.5837407,35.77302445],[139.58368695,35.77331849],[139.58359736,35.77364348],[139.58368695,35.77373634],[139.58372278,35.77378276],[139.5837407,35.77379824],[139.58388404,35.77386014],[139.58399154,35.77390657],[139.58400946,35.7741387],[139.58400946,35.77444822],[139.58399154,35.77483511],[139.58422446,35.77500534],[139.58479781,35.77514462],[139.58533533,35.77520653],[139.5855145,35.77520653],[139.58581909,35.77519105],[139.5860341,35.77517558],[139.58653578,35.77517558],[139.58667912,35.77528391],[139.58691204,35.77554699],[139.58692996,35.77557794],[139.58696579,35.77562437],[139.58721663,35.77590293],[139.58755706,35.7763672],[139.58766456,35.77649101],[139.58793332,35.776816],[139.58809457,35.77721837],[139.58818416,35.77741955],[139.58839917,35.77782192],[139.58866792,35.77830167],[139.58875751,35.7785338],[139.58877543,35.77851833],[139.58925919,35.77836357],[139.58933086,35.77834809],[139.58963545,35.77825524],[139.59051339,35.77800763],[139.59149884,35.77769811],[139.59166009,35.77765169],[139.59167801,35.77765169],[139.59266345,35.77737312],[139.59341597,35.77718742],[139.59370265,35.77720289],[139.5937564,35.77728027],[139.59382807,35.77741955],[139.59389974,35.77816238],[139.59397141,35.77842547],[139.59404307,35.77861118],[139.59415058,35.77870403],[139.59443725,35.77865761],[139.59461642,35.77862666],[139.59477768,35.7785957],[139.5955302,35.7785338],[139.59579896,35.77850285],[139.59581687,35.77850285],[139.59660523,35.77841],[139.5971965,35.77836357],[139.59714275,35.77819334],[139.59694566,35.77765169],[139.59690982,35.77748145],[139.59699941,35.77731122],[139.59703524,35.77724932],[139.59714275,35.77717194],[139.59694566,35.77667672],[139.59694566,35.77641363],[139.59723233,35.77633625],[139.59784152,35.77619697],[139.59818194,35.77613507],[139.59898821,35.77599579],[139.59999158,35.77582556],[139.60000949,35.77582556],[139.60031409,35.77576365],[139.60140703,35.77559342],[139.60235664,35.77546961],[139.60244623,35.77543866],[139.60276874,35.77537676],[139.60336,35.77525295],[139.60400502,35.77511367],[139.60438128,35.77502082],[139.60438128,35.77500534],[139.60443503,35.77480416],[139.60447087,35.7746494],[139.60418419,35.77440179],[139.60396919,35.77421608],[139.60368251,35.77418513],[139.60337792,35.77420061],[139.60307333,35.77420061],[139.60267915,35.77435536],[139.6019983,35.77409228],[139.60190871,35.77404585],[139.60151454,35.77386014],[139.60146078,35.77382919],[139.60081577,35.77353515],[139.60060076,35.77341135],[139.60056493,35.77339587],[139.60036784,35.77328754],[139.60034992,35.77328754],[139.60000949,35.77310183],[139.59999158,35.77308636],[139.59986616,35.77302445],[139.59889863,35.77238995],[139.59868362,35.77228162],[139.59843278,35.77214234],[139.59812819,35.77175545],[139.59778776,35.7713376],[139.59768026,35.77124475],[139.59742942,35.77101261],[139.59739359,35.77098166],[139.5974115,35.77087333],[139.59742942,35.770765],[139.59744734,35.770765],[139.59768026,35.77062572],[139.59773401,35.77059477],[139.59785943,35.77051739],[139.59796694,35.77040906],[139.59814611,35.77030073],[139.59836111,35.77017693],[139.5980386,35.77000669],[139.59791318,35.76997574],[139.59768026,35.76992932],[139.59769818,35.76974361],[139.5977161,35.76969718],[139.59776985,35.76958885],[139.59787735,35.76937219],[139.59819986,35.76914006],[139.59864779,35.76909363],[139.59927489,35.76935672],[139.59968698,35.7695579],[139.59999158,35.76971266],[139.60000949,35.76971266],[139.60031409,35.76988289],[139.60054701,35.76999122],[139.6007441,35.7700686],[139.60106661,35.7701924],[139.60128161,35.77028526],[139.60165787,35.77042454],[139.60169371,35.77044001],[139.60205205,35.77054834],[139.60228497,35.77062572],[139.60285832,35.77096619],[139.60316292,35.77085786],[139.60337792,35.77059477],[139.60384377,35.77011502],[139.60398711,35.77002217],[139.60404086,35.77000669],[139.6042917,35.76997574],[139.60461421,35.77022335],[139.60477546,35.77028526],[139.60490088,35.77034716],[139.60504422,35.77040906],[139.60540256,35.77054834],[139.60559965,35.7706412],[139.6060655,35.77082691],[139.60635217,35.77095071],[139.60647759,35.77045549],[139.60665676,35.77011502],[139.60694344,35.76969718],[139.60714053,35.76937219],[139.60730178,35.76926386],[139.60769596,35.76932576],[139.60778555,35.76906268],[139.60776763,35.7689853],[139.60798264,35.7689853],[139.60816181,35.76900077],[139.60826931,35.76896982],[139.60834098,35.76893887],[139.60850223,35.76886149],[139.60860974,35.76884602],[139.60864557,35.76884602],[139.60875307,35.76883054],[139.60889641,35.7689853],[139.60896808,35.76915553],[139.608986,35.76918648],[139.60902183,35.76926386],[139.60914725,35.7695579],[139.609201,35.7696198],[139.60925475,35.7696817],[139.60946976,35.76992932],[139.60989977,35.77031621],[139.61020436,35.77056382],[139.61083147,35.77087333],[139.61090313,35.77090428],[139.61092105,35.77091976],[139.61104647,35.77096619],[139.61127939,35.77105904],[139.61144065,35.77078048],[139.61144065,35.77059477],[139.61144065,35.77033168],[139.61174524,35.7701924],[139.61153024,35.76999122],[139.61131523,35.76971266],[139.61140482,35.76952695],[139.61142273,35.76948052],[139.61144065,35.76944957],[139.61151232,35.76943409],[139.61158399,35.76940314],[139.61170941,35.76937219],[139.6119065,35.76963528],[139.61222901,35.77008407],[139.61247985,35.77042454],[139.61269485,35.77051739],[139.61285611,35.77051739],[139.6131607,35.77050192],[139.61351904,35.77053287],[139.61355488,35.77051739],[139.61369821,35.77050192],[139.6137878,35.77050192],[139.61380572,35.77050192],[139.61411031,35.77054834],[139.61427156,35.77062572],[139.61459407,35.77078048],[139.61461199,35.77078048],[139.61486283,35.77087333],[139.61541826,35.77087333],[139.61552576,35.77085786],[139.6156691,35.77082691],[139.61583036,35.77081143],[139.61613495,35.77074953],[139.61667246,35.77062572],[139.61674413,35.77061025],[139.61715623,35.77044001],[139.6172279,35.77034716],[139.61720998,35.77026978],[139.61717414,35.77017693],[139.61710248,35.76997574],[139.61703081,35.76975908],[139.61697706,35.76954242],[139.6169233,35.76935672],[139.61679788,35.76861388],[139.6168158,35.76844365],[139.6173354,35.76811866],[139.61758624,35.76773177],[139.61758624,35.76771629],[139.61760416,35.76749963],[139.61763999,35.76722107],[139.61772958,35.76666394],[139.61772958,35.76664847],[139.61794458,35.76666394],[139.61807,35.76667942],[139.61833876,35.76672585],[139.61842835,35.76674132],[139.61846418,35.7667568],[139.61860752,35.7667568],[139.61905545,35.76677227],[139.61946754,35.7668187],[139.61966463,35.7668187],[139.6197363,35.76680323],[139.62054257,35.7667568],[139.62061424,35.7667568],[139.62068591,35.7667568],[139.62079341,35.7667568],[139.620883,35.76677227],[139.62120551,35.76677227],[139.62138468,35.76677227],[139.62176094,35.76678775],[139.62177886,35.76678775],[139.62208345,35.76678775],[139.62242388,35.76680323],[139.62299723,35.76686513],[139.62301514,35.76694251],[139.62306889,35.76717464],[139.62310473,35.76768534],[139.62314056,35.76793295],[139.62321223,35.76825794],[139.62321223,35.76828889],[139.62323015,35.76838175],[139.62323015,35.76839722],[139.6232839,35.76862936],[139.62335557,35.76886149],[139.62362433,35.7696817],[139.62392892,35.7705793],[139.62409017,35.77126023],[139.62426935,35.77149236],[139.62437685,35.77161617],[139.62448435,35.77173997],[139.62455602,35.7718483],[139.62477103,35.77214234],[139.62493228,35.77237448],[139.62500395,35.77248281],[139.62502187,35.77251376],[139.62520104,35.77232805],[139.62525479,35.77228162],[139.62538021,35.77248281],[139.62538021,35.77251376],[139.6254698,35.77266851],[139.62554146,35.77279232],[139.62555938,35.77280779],[139.62559522,35.77300898],[139.62539813,35.77317921],[139.62536229,35.77333397],[139.62525479,35.77368991],[139.62512937,35.77375181],[139.62500395,35.77381371],[139.62452019,35.7740149],[139.62428726,35.77412323],[139.62421559,35.77432441],[139.62417976,35.77460298],[139.62439477,35.77500534],[139.6244306,35.77506725],[139.62444852,35.7750982],[139.62441268,35.7756089],[139.62441268,35.77563985],[139.62441268,35.7756708],[139.6244306,35.77591841],[139.6244306,35.77619697],[139.6244306,35.77622792],[139.62444852,35.77647553],[139.62444852,35.77650649],[139.62452019,35.7768779],[139.62457394,35.77712551],[139.62457394,35.77718742],[139.62457394,35.77752788],[139.6245381,35.77769811],[139.6244306,35.77817786],[139.62448435,35.77839452],[139.62466352,35.77862666],[139.62473519,35.77871951],[139.62473519,35.77896712],[139.62468144,35.77933854],[139.62471727,35.77978733],[139.62471727,35.77981828],[139.62482478,35.77974091],[139.62493228,35.77964805],[139.62500395,35.77958615],[139.62534438,35.77929211],[139.62545188,35.77907545],[139.62543396,35.77884332],[139.62530854,35.77837904],[139.6251652,35.77800763],[139.62518312,35.77793025],[139.62538021,35.77791477],[139.62593564,35.77785287],[139.62652691,35.77779097],[139.62667025,35.77777549],[139.62713609,35.77772907],[139.62717193,35.77771359],[139.62753027,35.77768264],[139.62765569,35.77765169],[139.62788861,35.77760526],[139.62801403,35.77757431],[139.62869489,35.77749693],[139.6287128,35.77748145],[139.62876656,35.77743503],[139.62880239,35.77741955],[139.62899948,35.77723384],[139.62905323,35.77718742],[139.62926824,35.77698623],[139.62933991,35.77692433],[139.62939366,35.7768779],[139.62937574,35.77666124],[139.62937574,35.77663029],[139.62935782,35.77635173],[139.62935782,35.77608864],[139.62935782,35.77604221],[139.62933991,35.77559342],[139.62933991,35.77551604],[139.62930407,35.77525295],[139.62930407,35.77514462],[139.62919657,35.77500534],[139.62907115,35.77481963],[139.62899948,35.7745875],[139.62903531,35.77446369],[139.62932199,35.77424703],[139.62941157,35.77398395],[139.62939366,35.77345777],[139.62937574,35.77317921],[139.62939366,35.77269947],[139.62939366,35.77252923],[139.62939366,35.77204949],[139.62937574,35.77194116],[139.62937574,35.7719102],[139.62935782,35.77173997],[139.62957283,35.7717864],[139.62969825,35.77189473],[139.62987742,35.77204949],[139.62991325,35.77208044],[139.63019993,35.77234352],[139.63071953,35.77200306],[139.63091662,35.77189473],[139.63091662,35.77187925],[139.63113162,35.77175545],[139.63123913,35.77169354],[139.63168705,35.77143046],[139.63181247,35.77135308],[139.63188414,35.77130665],[139.63294126,35.77071858],[139.63333543,35.77054834],[139.63349669,35.77048644],[139.63347877,35.77040906],[139.63347877,35.77033168],[139.63347877,35.77025431],[139.63347877,35.77011502],[139.63347877,35.77003765],[139.63347877,35.76986741],[139.63410587,35.76986741],[139.63473297,35.76986741],[139.63478673,35.76966623],[139.63482256,35.76951147],[139.63482256,35.76879959],[139.63543174,35.76881507],[139.63657844,35.76883054],[139.63677553,35.76884602],[139.6368472,35.76886149],[139.63706221,35.76887697],[139.63718763,35.76887697],[139.63783265,35.7689234],[139.63854933,35.7690472],[139.63908685,35.76907815],[139.64052022,35.7691091],[139.64084273,35.76915553],[139.64152358,35.76941862],[139.64166692,35.76957338],[139.64177442,35.76966623],[139.64188193,35.76971266],[139.64207902,35.76977456],[139.64225819,35.77008407],[139.64232986,35.77014598],[139.64263445,35.77047097],[139.6427957,35.77068762],[139.64283154,35.77073405],[139.64286737,35.77081143],[139.64292112,35.77087333],[139.64295696,35.77091976],[139.64344072,35.77062572],[139.64360197,35.77053287],[139.64406782,35.77025431],[139.64417532,35.7701924],[139.64426491,35.7701305],[139.644462,35.77002217],[139.6445695,35.76996027],[139.64494576,35.76975908],[139.64525035,35.76954242],[139.64537577,35.76944957],[139.64539369,35.76944957],[139.64555495,35.76937219],[139.64593121,35.76918648],[139.64639705,35.76903173],[139.64648664,35.76901625],[139.64704207,35.76883054],[139.64768709,35.76867578],[139.64792001,35.76861388],[139.64824252,35.76876864],[139.64831419,35.76879959],[139.64843961,35.76886149],[139.64921005,35.76895435],[139.64935339,35.76896982],[139.64999841,35.7690472],[139.65060759,35.7691091],[139.65087635,35.76914006],[139.65112719,35.76917101],[139.65177221,35.76909363],[139.65186179,35.76906268],[139.65191554,35.7690472],[139.65222013,35.7689234],[139.65248889,35.7689234],[139.65297266,35.76893887],[139.65299057,35.76893887],[139.65352809,35.76907815],[139.65399393,35.7691091],[139.65402977,35.7691091],[139.65408352,35.7691091],[139.65463895,35.76907815],[139.65582149,35.76901625],[139.65605441,35.76900077],[139.65641275,35.76896982],[139.65650234,35.76895435],[139.65695027,35.76890792],[139.65705777,35.76889244],[139.65764904,35.76886149],[139.65770279,35.76884602],[139.65777446,35.76884602],[139.65809697,35.76881507],[139.65832989,35.76881507],[139.65897491,35.76876864],[139.65918992,35.76875316],[139.65929742,35.76875316],[139.65936909,35.76875316],[139.66001411,35.76872221],[139.66112497,35.76867578],[139.66128622,35.76855198],[139.66135789,35.76849008],[139.66153706,35.76844365],[139.66203875,35.76831984],[139.66212833,35.76828889],[139.66255834,35.76822699],[139.66286294,35.76816509],[139.66388421,35.76807223],[139.6639738,35.76807223],[139.66429631,35.76804128],[139.66435006,35.76802581],[139.6643859,35.76802581],[139.66458298,35.76801033],[139.66490549,35.76791748],[139.66492341,35.767902],[139.66495924,35.767902],[139.6651205,35.76785557],[139.66607011,35.76757701],[139.66614178,35.76756153],[139.66624928,35.76753058],[139.66666138,35.76742225],[139.66667929,35.76742225],[139.66691222,35.76736035],[139.66703764,35.7673294],[139.66712722,35.76731392],[139.66723473,35.76729845],[139.66732431,35.76734488],[139.66746765,35.76740678],[139.66766474,35.76753058],[139.66773641,35.76756153],[139.6681485,35.76756153],[139.66818434,35.76756153],[139.66822017,35.76756153],[139.66823809,35.76753058],[139.66843518,35.76729845],[139.66850685,35.76720559],[139.66873977,35.76689608],[139.66886519,35.76674132],[139.66891894,35.76666394],[139.66900853,35.76654014],[139.66922353,35.76585921],[139.66934895,35.76542589],[139.66945646,35.76534851],[139.66956396,35.76528661],[139.66974313,35.76485329],[139.66977896,35.76474496],[139.66983272,35.76457473],[139.66990438,35.76437354],[139.66994022,35.76424974],[139.66999397,35.76411046],[139.67004772,35.76394022],[139.67013731,35.76363071],[139.67017314,35.76353785],[139.67022689,35.7633831],[139.67022689,35.76335215],[139.67035231,35.76296525],[139.67038815,35.7628105],[139.6704419,35.76268669],[139.6704419,35.76265574],[139.67047773,35.76259384],[139.67053149,35.76243908],[139.67060315,35.7622998],[139.67069274,35.76205219],[139.67080024,35.76191291],[139.67112275,35.76143316],[139.67119442,35.76130935],[139.67123026,35.7612784],[139.67123026,35.7612165],[139.67128401,35.76103079],[139.67140943,35.76090699],[139.67146318,35.76084508],[139.67157068,35.76069033],[139.67194694,35.76034986],[139.67196486,35.76033439],[139.67246654,35.75987012],[139.67257404,35.75979274],[139.67260988,35.75977726],[139.67262779,35.75976179],[139.6733624,35.75925109],[139.67348782,35.75900348],[139.67354157,35.7589261],[139.67355949,35.75884872],[139.67363116,35.75863206],[139.67366699,35.75852373],[139.67370283,35.75839992],[139.67368491,35.75833802],[139.67364907,35.7579047],[139.67361324,35.75731663],[139.67359532,35.7572083],[139.67352365,35.75677498],[139.67341615,35.75649641],[139.6733624,35.75621785],[139.67327281,35.75584644],[139.67320114,35.75539764],[139.67320114,35.75538216],[139.67321906,35.75527383],[139.6732549,35.75507265],[139.6732549,35.75501075],[139.67329073,35.75482504],[139.67332656,35.75467028],[139.67332656,35.75465481],[139.67334448,35.75451553],[139.67355949,35.75420601],[139.67359532,35.75415958],[139.67363116,35.75409768],[139.67366699,35.75405125],[139.67373866,35.75374174],[139.67382825,35.75357151],[139.67384616,35.75354056],[139.6739895,35.75337032],[139.67400742,35.75330842],[139.67404325,35.75323104],[139.67404325,35.75321557],[139.67406117,35.75316914],[139.67407909,35.75312271],[139.67477786,35.7523644],[139.67483161,35.75225607],[139.67492119,35.75213227],[139.67497494,35.75199299],[139.67499286,35.75194656],[139.67501078,35.75193108],[139.6750287,35.75188466],[139.67501078,35.75183823],[139.67499286,35.75183823],[139.67495703,35.75174538],[139.67492119,35.75151324],[139.67486744,35.75145134],[139.67477786,35.75132753],[139.67463452,35.75100254],[139.67459868,35.75094064],[139.67443743,35.7505228],[139.67443743,35.75039899],[139.67438368,35.75018233],[139.67432993,35.74999662],[139.67424034,35.74976449],[139.67422242,35.74970259],[139.67407909,35.7493776],[139.6739895,35.74916094],[139.67382825,35.74885142],[139.67379241,35.74875857],[139.67375658,35.74871214],[139.67370283,35.74858834],[139.67334448,35.74801573],[139.67329073,35.74787645],[139.67329073,35.74786098],[139.6732549,35.74779907],[139.67316531,35.74767527],[139.67311156,35.74755146],[139.67307572,35.74741218],[139.67307572,35.74728838],[139.67293239,35.74704077],[139.67280697,35.74671578],[139.67278905,35.74666935],[139.67253821,35.74622055],[139.67234112,35.74583366],[139.67234112,35.74581819],[139.67223362,35.745617],[139.67212611,35.74535392],[139.6721082,35.74532296],[139.67207236,35.74521463],[139.67212611,35.74481227],[139.67214403,35.7445337],[139.67223362,35.74450275],[139.67228737,35.7445337],[139.67230529,35.74454918],[139.67332656,35.74515273],[139.6734699,35.74507535],[139.67348782,35.74505988],[139.67352365,35.7450444],[139.67373866,35.74493607],[139.67434784,35.74541582],[139.67440159,35.74546225],[139.67447326,35.74546225],[139.67465244,35.74532296],[139.67474202,35.74524559],[139.67486744,35.74515273],[139.67499286,35.74505988],[139.67501078,35.74505988],[139.67511828,35.74499797],[139.67522578,35.74495155],[139.6752437,35.74495155],[139.67533329,35.7449206],[139.67538704,35.7449206],[139.67545871,35.74501345],[139.67547663,35.74502893],[139.67556621,35.74513726],[139.67558413,35.74513726],[139.6756558,35.74521463],[139.67572747,35.74530749],[139.67583497,35.74538487],[139.6758708,35.74540034],[139.67599622,35.74535392],[139.67656957,35.74516821],[139.67689208,35.74507535],[139.67694583,35.74505988],[139.67734001,35.74495155],[139.67757293,35.74487417],[139.67759085,35.74487417],[139.67760877,35.74485869],[139.67812837,35.74467298],[139.6781642,35.74465751],[139.67825379,35.74464203],[139.67841504,35.74458013],[139.67897047,35.74442537],[139.67947215,35.74427062],[139.68031426,35.74400753],[139.6805651,35.74393015],[139.68083386,35.74382182],[139.68085178,35.74371349],[139.68086969,35.74362064],[139.68090553,35.74348136],[139.68090553,35.7433885],[139.68090553,35.7433266],[139.68081594,35.74317184],[139.68078011,35.74314089],[139.68072636,35.74304804],[139.68070844,35.74301709],[139.68063677,35.74295518],[139.68060094,35.7428778],[139.68058302,35.7428778],[139.68058302,35.7428159],[139.68051135,35.74252186],[139.68042176,35.74225878],[139.68040385,35.74215045],[139.68038593,35.74213497],[139.68031426,35.74207307],[139.68009926,35.74194926],[139.67984842,35.74171713],[139.67977675,35.7416707],[139.679723,35.74162427],[139.67965133,35.74148499],[139.67963341,35.74146952],[139.67954382,35.74125286],[139.67952591,35.74114453],[139.67943632,35.74100525],[139.67938257,35.74091239],[139.67929298,35.74072668],[139.67923923,35.74068026],[139.67909589,35.74063383],[139.67913173,35.74049455],[139.67914965,35.74038622],[139.6792034,35.74018503],[139.67957966,35.73968981],[139.67970508,35.73956601],[139.67979466,35.73945768],[139.6798305,35.73936482],[139.67988425,35.73927197],[139.67992008,35.73917911],[139.67999175,35.73910174],[139.68006342,35.73900888],[139.68047552,35.73871484],[139.68076219,35.73876127]]]]}},{"type":"Feature","properties":{"OBJECTID":113,"N03_001":"東京都","N03_002":null,"N03_003":null,"N03_004":"足立区","N03_007":"13121","Shape_Leng":0.467321394879796,"Shape_Area":0.005307652141898,"id":"gci:13121A1968"},"geometry":{"type":"MultiPolygon","coordinates":[[[[139.84674688,35.79650108],[139.84672896,35.79650108],[139.84579727,35.79575825],[139.84563602,35.79563444],[139.84513434,35.7952785],[139.84504475,35.79517017],[139.84465057,35.79473685],[139.84445348,35.79431901],[139.84427431,35.79385474],[139.84425639,35.79379283],[139.84425639,35.79376188],[139.84422056,35.79359165],[139.84422056,35.79345237],[139.84418473,35.79274049],[139.84422056,35.79199765],[139.84422056,35.79195123],[139.84423848,35.79185837],[139.84425639,35.79167266],[139.84431015,35.79123935],[139.84432806,35.79119292],[139.84445348,35.79062032],[139.84452515,35.79035723],[139.84481183,35.78925846],[139.84511642,35.78814421],[139.84525976,35.78771089],[139.84545684,35.78729304],[139.84576144,35.78662759],[139.84640645,35.78520383],[139.84723064,35.78348602],[139.84730231,35.78333127],[139.84760691,35.78275867],[139.84760691,35.78274319],[139.84805483,35.78187655],[139.84816234,35.78172179],[139.8485386,35.78114919],[139.84900444,35.78051469],[139.84966738,35.779679],[139.85000781,35.77932306],[139.85000781,35.77930759],[139.85015114,35.7791683],[139.85043782,35.77884332],[139.85059907,35.77868856],[139.85210412,35.77715646],[139.85224745,35.77701718],[139.85360916,35.77557794],[139.85414667,35.77500534],[139.85432584,35.77481963],[139.85554421,35.7734423],[139.85627882,35.77257566],[139.85645799,35.77237448],[139.85681633,35.77195663],[139.856888,35.77186378],[139.85721051,35.77149236],[139.8575151,35.77112094],[139.85776594,35.77082691],[139.85781969,35.77073405],[139.85801678,35.77040906],[139.85823179,35.77002217],[139.85833929,35.76975908],[139.85833929,35.76974361],[139.85850055,35.76935672],[139.85853638,35.76924839],[139.85864388,35.76886149],[139.85873347,35.7684746],[139.8587693,35.76813414],[139.85880514,35.767902],[139.8587693,35.76768534],[139.85873347,35.76743773],[139.85859013,35.76692703],[139.85851846,35.76666394],[139.85844679,35.76649371],[139.85837513,35.76635443],[139.85833929,35.76626158],[139.85830346,35.76619967],[139.85807053,35.76587468],[139.85753302,35.76530208],[139.85656549,35.76441997],[139.85642215,35.76443544],[139.85595631,35.76463663],[139.85577714,35.76471401],[139.85565172,35.76477591],[139.85547254,35.76485329],[139.85525754,35.76494614],[139.8551142,35.76500805],[139.85497086,35.76508542],[139.85493503,35.7651009],[139.85484544,35.76514733],[139.85443335,35.76524018],[139.8543796,35.76525566],[139.85434376,35.76525566],[139.85411084,35.76531756],[139.8539675,35.76534851],[139.85382416,35.76537946],[139.85337623,35.76553422],[139.85292831,35.76562707],[139.85217578,35.76575088],[139.85213995,35.76582826],[139.85205036,35.76601397],[139.8519787,35.76616872],[139.85194286,35.76626158],[139.85188911,35.76638538],[139.85187119,35.76641633],[139.85183536,35.76649371],[139.85176369,35.76666394],[139.85169202,35.76686513],[139.8516741,35.76691156],[139.8516741,35.76694251],[139.85165619,35.76698893],[139.85162035,35.7672675],[139.85162035,35.76731392],[139.85160243,35.76746868],[139.85158452,35.76765439],[139.85158452,35.76770082],[139.85158452,35.76771629],[139.8515666,35.76776272],[139.8515666,35.76779367],[139.8515666,35.76780915],[139.85153077,35.76813414],[139.85144118,35.76879959],[139.85144118,35.76883054],[139.85144118,35.76887697],[139.85133368,35.76958885],[139.85129784,35.76988289],[139.85102909,35.76982099],[139.85097533,35.76980551],[139.85077824,35.76977456],[139.85074241,35.76977456],[139.85036615,35.76972813],[139.85000781,35.7696817],[139.84997197,35.7696817],[139.84950613,35.7696198],[139.84936279,35.7696198],[139.84930904,35.7696198],[139.84893278,35.76960433],[139.84862818,35.76960433],[139.84852068,35.76958885],[139.84837734,35.76958885],[139.84792941,35.76951147],[139.84785775,35.769496],[139.84782191,35.769496],[139.84712314,35.76943409],[139.84706939,35.76944957],[139.84692605,35.76944957],[139.84689022,35.76944957],[139.84628103,35.76946505],[139.84611978,35.76948052],[139.84606603,35.769496],[139.84601228,35.769496],[139.84579727,35.76951147],[139.84545684,35.76941862],[139.8450985,35.76926386],[139.84500891,35.76921743],[139.8445789,35.7689853],[139.8440593,35.76870674],[139.84359346,35.76839722],[139.84327095,35.76811866],[139.84273343,35.76762344],[139.84244676,35.76728297],[139.84232134,35.76708179],[139.8422855,35.76705084],[139.84214217,35.76680323],[139.8420705,35.76666394],[139.84205258,35.76661752],[139.84205258,35.76660204],[139.841963,35.76654014],[139.84192716,35.76652466],[139.84169424,35.76644729],[139.84167632,35.76644729],[139.8416584,35.76644729],[139.84156882,35.76643181],[139.84142548,35.76643181],[139.84047587,35.76640086],[139.84001002,35.76636991],[139.83995627,35.76635443],[139.83986669,35.76635443],[139.83923959,35.76632348],[139.83871999,35.76627705],[139.83850498,35.76626158],[139.83846915,35.7662461],[139.83830789,35.76623063],[139.83809289,35.76613777],[139.83782413,35.76596754],[139.83768079,35.76576635],[139.83764496,35.76565802],[139.83762704,35.76553422],[139.83759121,35.76508542],[139.83757329,35.76496162],[139.83753745,35.76480686],[139.83746579,35.7645902],[139.83755537,35.76445092],[139.83766287,35.76426521],[139.83762704,35.76369261],[139.83757329,35.76342952],[139.8374837,35.76321287],[139.8374837,35.76318191],[139.83626533,35.76305811],[139.83587116,35.76301168],[139.83581741,35.76305811],[139.83567407,35.76318191],[139.8354949,35.76335215],[139.83545906,35.76336762],[139.83490363,35.76330572],[139.8344557,35.76330572],[139.83407944,35.76336762],[139.83402569,35.76336762],[139.83390027,35.7633831],[139.83334484,35.76355333],[139.83332692,35.76355333],[139.83329108,35.76356881],[139.8332015,35.76359976],[139.83293274,35.76367714],[139.83259231,35.76378547],[139.83234147,35.76383189],[139.83210855,35.76383189],[139.83192938,35.76378547],[139.83173229,35.76370809],[139.8315352,35.76353785],[139.83128436,35.76319739],[139.8310156,35.76273312],[139.83092602,35.76239265],[139.83092602,35.7623617],[139.8309081,35.76231527],[139.8309081,35.76226885],[139.83092602,35.76208314],[139.83092602,35.76200576],[139.83094393,35.7617272],[139.83097977,35.76147959],[139.8310156,35.76120103],[139.8310156,35.76082961],[139.8310156,35.76075223],[139.8310156,35.76061295],[139.8310156,35.75996297],[139.8310156,35.75993202],[139.8310156,35.75985464],[139.83099769,35.75908086],[139.83094393,35.75881777],[139.83087227,35.75869396],[139.83085435,35.75866301],[139.83083643,35.75864754],[139.83083643,35.75863206],[139.83076476,35.75853921],[139.83063934,35.75833802],[139.83040642,35.75809041],[139.83019141,35.75787375],[139.8298689,35.75765709],[139.82929555,35.75750233],[139.82927764,35.75748686],[139.82863262,35.75731663],[139.8283997,35.7573321],[139.8280951,35.7573321],[139.82791593,35.7573321],[139.82755759,35.75734758],[139.82721716,35.75747138],[139.82594504,35.7579047],[139.82587337,35.75795113],[139.82576587,35.75802851],[139.82571212,35.75812136],[139.82567629,35.75816779],[139.82562253,35.75824517],[139.82560462,35.75833802],[139.82542545,35.75912728],[139.82544336,35.75929751],[139.82544336,35.75932847],[139.82546128,35.75935942],[139.8254792,35.7594368],[139.82553295,35.7595606],[139.82555087,35.75963798],[139.82556878,35.75969988],[139.82565837,35.75990107],[139.82585546,35.76033439],[139.82592713,35.76052009],[139.82594504,35.76055105],[139.82598088,35.7606439],[139.82607046,35.76086056],[139.82607046,35.76089151],[139.82614213,35.76103079],[139.82619588,35.76151054],[139.82624963,35.76168077],[139.82637506,35.76171172],[139.82641089,35.76171172],[139.82646464,35.7617272],[139.82666173,35.76175815],[139.82676923,35.7617891],[139.82693049,35.761851],[139.82700216,35.76195933],[139.82696632,35.76208314],[139.82637506,35.76202124],[139.82603463,35.76197481],[139.82533586,35.76189743],[139.82528211,35.76189743],[139.8251746,35.76188196],[139.82501335,35.76186648],[139.82499543,35.761851],[139.82442208,35.7617891],[139.82436833,35.7617891],[139.82438625,35.76154149],[139.82438625,35.76144864],[139.82440417,35.76135578],[139.8243325,35.76095341],[139.8243325,35.76092246],[139.82426083,35.76047367],[139.82426083,35.76042724],[139.82422499,35.76030343],[139.82422499,35.76021058],[139.82418916,35.76008678],[139.82415333,35.75982369],[139.82402791,35.75909633],[139.82399207,35.75887967],[139.82399207,35.75881777],[139.82395624,35.75869396],[139.8239204,35.7584773],[139.82390249,35.75833802],[139.82386665,35.75809041],[139.82374123,35.7572083],[139.82372331,35.75703806],[139.8237054,35.75692973],[139.82366956,35.75677498],[139.82365164,35.75658927],[139.82361581,35.75641904],[139.82354414,35.75586191],[139.8234008,35.75583096],[139.82275579,35.75562978],[139.82259453,35.75558335],[139.82134033,35.75576906],[139.82105365,35.75581548],[139.82087448,35.75584644],[139.82085657,35.75584644],[139.8207849,35.75586191],[139.82064156,35.75589286],[139.82048031,35.75590834],[139.82039072,35.75592381],[139.82033697,35.75593929],[139.82024738,35.75598572],[139.82019363,35.75662022],[139.81997862,35.75833802],[139.8198532,35.7594368],[139.8197457,35.76044272],[139.81960236,35.76044272],[139.81954861,35.76044272],[139.81931569,35.76044272],[139.81895735,35.76042724],[139.81865275,35.76042724],[139.81834816,35.76039629],[139.81791815,35.76033439],[139.81752397,35.76025701],[139.81725521,35.76021058],[139.81720146,35.76048914],[139.81718355,35.76062842],[139.81718355,35.76065938],[139.81716563,35.76073675],[139.81712979,35.76072128],[139.81666395,35.76059747],[139.81666395,35.760582],[139.81598309,35.76039629],[139.81591143,35.76036534],[139.81582184,35.76034986],[139.8156785,35.76030343],[139.81532016,35.76019511],[139.81506932,35.76011773],[139.8149439,35.76008678],[139.81478264,35.76004035],[139.8144243,35.75991654],[139.81397637,35.75979274],[139.81354636,35.75966893],[139.8133851,35.7595606],[139.8132776,35.75929751],[139.81320593,35.75901895],[139.81320593,35.7589261],[139.81322385,35.75866301],[139.81325968,35.75833802],[139.81325968,35.75810589],[139.81322385,35.75771899],[139.81322385,35.75740948],[139.81325968,35.75725472],[139.81331344,35.75719282],[139.81340302,35.75703806],[139.81345677,35.75691426],[139.81347469,35.75674403],[139.81347469,35.75648094],[139.81345677,35.75635713],[139.81343886,35.7561869],[139.81331344,35.75553692],[139.8132776,35.75525836],[139.8132776,35.75519646],[139.81329552,35.75502622],[139.81331344,35.75482504],[139.81336719,35.75463933],[139.81347469,35.7544691],[139.81360011,35.75432982],[139.81397637,35.7539584],[139.81419138,35.75381912],[139.81456764,35.75363341],[139.81489015,35.75346318],[139.81480056,35.75323104],[139.8145318,35.75233345],[139.8149439,35.75186918],[139.81532016,35.75142039],[139.8160906,35.75053827],[139.81650269,35.74999662],[139.81666395,35.74979544],[139.81666395,35.74977996],[139.81716563,35.74914546],[139.81791815,35.74800026],[139.81825858,35.74744313],[139.8190111,35.74603485],[139.81917235,35.74575628],[139.81960236,35.74495155],[139.82022946,35.74371349],[139.82035489,35.74343493],[139.81841983,35.74273852],[139.81831233,35.7426921],[139.81811524,35.74261472],[139.81781065,35.74242901],[139.81725521,35.74208854],[139.81680728,35.7416707],[139.81678937,35.7416707],[139.81666395,35.74154689],[139.81657436,35.74146952],[139.81601893,35.74075763],[139.815571,35.7400767],[139.81524849,35.73959696],[139.81449597,35.7388077],[139.81424513,35.73964338],[139.81406596,35.73998385],[139.8136897,35.74032432],[139.81302676,35.74074216],[139.81222049,35.74095882],[139.81157547,35.74106715],[139.81060794,35.74112905],[139.80994501,35.7410362],[139.8091029,35.74086596],[139.80833246,35.7405874],[139.80820704,35.74054097],[139.80749035,35.74027789],[139.80421151,35.73916364],[139.80243771,35.73863746],[139.80204353,35.73857556],[139.80166727,35.73859104],[139.80143435,35.73860651],[139.80134476,35.73862199],[139.80044891,35.73877675],[139.80000098,35.7388696],[139.79768966,35.73928744],[139.79761799,35.73930292],[139.79749257,35.7393184],[139.7973134,35.73934935],[139.79718798,35.7393803],[139.79552168,35.73968981],[139.794805,35.73982909],[139.79410623,35.7400767],[139.79328204,35.74037074],[139.79242201,35.74077311],[139.79175908,35.74120643],[139.79166949,35.74126833],[139.79166949,35.74128381],[139.79114989,35.7416707],[139.79111406,35.74168618],[139.79046904,35.74227425],[139.78996736,35.74284685],[139.78935818,35.74375992],[139.78892816,35.74439442],[139.78867732,35.74490512],[139.78853399,35.74540034],[139.78851607,35.7455551],[139.78848023,35.74578723],[139.78846232,35.74595747],[139.7884444,35.74629793],[139.78851607,35.74666935],[139.78869524,35.74702529],[139.78876691,35.74710267],[139.78905358,35.74736576],[139.7895911,35.74773717],[139.79054071,35.74820144],[139.79089905,35.74849548],[139.79113198,35.74911451],[139.79123948,35.74965616],[139.79122156,35.74998115],[139.79122156,35.74999662],[139.79113198,35.75030614],[139.79086322,35.75077041],[139.79061238,35.75112635],[139.79012861,35.75162157],[139.78946568,35.75211679],[139.78880274,35.75250369],[139.78803231,35.75276677],[139.78754854,35.75292153],[139.7865631,35.75323104],[139.78638393,35.75329295],[139.78622267,35.75335485],[139.7860435,35.75341675],[139.78527306,35.75367984],[139.78486097,35.75380364],[139.78469971,35.75385007],[139.78466388,35.75386555],[139.78443095,35.75392745],[139.78398302,35.75403578],[139.78376802,35.75406673],[139.78339176,35.75411316],[139.78333801,35.75411316],[139.78306925,35.75412863],[139.78297966,35.75412863],[139.78285424,35.75414411],[139.78247798,35.75414411],[139.78185088,35.75412863],[139.78070418,35.75408221],[139.78000541,35.75403578],[139.77993374,35.7540203],[139.77980832,35.7540203],[139.77876913,35.75391197],[139.77746117,35.75380364],[139.77609947,35.75367984],[139.77514986,35.75364889],[139.77500652,35.75364889],[139.77473776,35.75364889],[139.77391357,35.75363341],[139.77350148,35.75363341],[139.77165601,35.75361794],[139.77034806,35.75364889],[139.77000763,35.75366436],[139.76950595,35.75369531],[139.76895052,35.75372627],[139.76819799,35.75375722],[139.76739172,35.75380364],[139.7667467,35.7538346],[139.76667504,35.7538346],[139.76441747,35.75398935],[139.76269742,35.75419054],[139.7624645,35.75422149],[139.76156864,35.75432982],[139.76155072,35.75432982],[139.76067278,35.75443815],[139.75834355,35.75479409],[139.75832563,35.75479409],[139.75796729,35.75485599],[139.75785979,35.75487147],[139.75732227,35.75496432],[139.75612182,35.75518098],[139.75468845,35.75542859],[139.753703,35.75558335],[139.7529684,35.75569168],[139.75178586,35.75595477],[139.75121251,35.75607857],[139.75054958,35.75626428],[139.75047791,35.75629523],[139.75006582,35.75646546],[139.75001206,35.75649641],[139.74999415,35.75649641],[139.74967164,35.75668212],[139.74927746,35.75689878],[139.74906245,35.75703806],[139.74881161,35.75728567],[139.74859661,35.75757971],[139.74852494,35.75768804],[139.74845327,35.7578428],[139.74834577,35.75809041],[139.74830993,35.75832255],[139.74829202,35.75833802],[139.7482741,35.75861658],[139.7482741,35.75866301],[139.7482741,35.75891062],[139.74834577,35.75911181],[139.74836368,35.75915823],[139.7483816,35.75915823],[139.74850702,35.75937489],[139.74868619,35.75960703],[139.74888328,35.75980821],[139.74936705,35.76005582],[139.74999415,35.76038081],[139.75001206,35.76038081],[139.7502629,35.76050462],[139.75132002,35.76104627],[139.75225171,35.76154149],[139.75243088,35.76164982],[139.75366717,35.7623617],[139.75413301,35.76260931],[139.75440177,35.7628105],[139.75458094,35.76294978],[139.75502887,35.76322834],[139.75558431,35.76352238],[139.75603223,35.76372356],[139.75646225,35.76387832],[139.75712518,35.7640795],[139.75723269,35.76414141],[139.75742977,35.76423426],[139.75746561,35.76424974],[139.75771645,35.76435807],[139.75785979,35.76443544],[139.75816438,35.7645902],[139.75832563,35.76474496],[139.75834355,35.76474496],[139.75859439,35.76496162],[139.75889898,35.76519375],[139.75906024,35.76537946],[139.75925733,35.7656116],[139.75956192,35.76595206],[139.75983068,35.76627705],[139.75984859,35.76627705],[139.75999193,35.76652466],[139.7600636,35.76666394],[139.76009943,35.7667568],[139.76013527,35.76698893],[139.76015318,35.7672675],[139.76015318,35.76754606],[139.7600636,35.76793295],[139.75997401,35.76822699],[139.75986651,35.7684746],[139.75970525,35.76878411],[139.75952608,35.76903173],[139.75927524,35.76931029],[139.75898857,35.7695579],[139.75863022,35.76979003],[139.75834355,35.76996027],[139.75832563,35.76997574],[139.75827188,35.77000669],[139.75793145,35.77017693],[139.756731,35.76944957],[139.75660558,35.76937219],[139.75597848,35.76900077],[139.75565597,35.76881507],[139.7554768,35.76866031],[139.75535138,35.76859841],[139.75497512,35.76838175],[139.75449136,35.76822699],[139.75431219,35.76816509],[139.75382842,35.76805676],[139.75338049,35.76797938],[139.75312965,35.76793295],[139.75262797,35.76780915],[139.75218004,35.76768534],[139.75169628,35.76754606],[139.75142752,35.76746868],[139.75128418,35.76743773],[139.75062125,35.76734488],[139.7501554,35.76725202],[139.75001206,35.76725202],[139.74999415,35.76725202],[139.74986873,35.76723655],[139.74956414,35.76723655],[139.74906245,35.76720559],[139.74809493,35.76717464],[139.747647,35.76714369],[139.74753949,35.76712822],[139.74707365,35.76701989],[139.74676906,35.76700441],[139.74641071,35.76700441],[139.74572986,35.76712822],[139.74463691,35.76748416],[139.74302437,35.76805676],[139.74273769,35.76816509],[139.74205684,35.76845913],[139.74166266,35.76862936],[139.7412864,35.76879959],[139.74042638,35.76918648],[139.73999636,35.76932576],[139.73978136,35.76940314],[139.73917217,35.76957338],[139.73902884,35.7696198],[139.73847341,35.76975908],[139.7376313,35.76991384],[139.73745213,35.76996027],[139.73673544,35.77022335],[139.73653835,35.77033168],[139.73639501,35.77042454],[139.73618001,35.77062572],[139.73589333,35.77105904],[139.73574999,35.77163164],[139.73569624,35.77220424],[139.73571416,35.77234352],[139.73573208,35.77259114],[139.73589333,35.77331849],[139.73591125,35.77342682],[139.73618001,35.77416966],[139.7365921,35.77500534],[139.73662794,35.77506725],[139.73696836,35.77568627],[139.73725504,35.77622792],[139.73739837,35.77652196],[139.73788214,35.77743503],[139.73818673,35.77825524],[139.73827632,35.77875046],[139.73827632,35.77878141],[139.73829423,35.77929211],[139.73831215,35.77947782],[139.73829423,35.77969448],[139.73822256,35.77983376],[139.7381509,35.78000399],[139.73804339,35.78022065],[139.73847341,35.78037541],[139.73915426,35.7806385],[139.73988886,35.78087063],[139.73999636,35.78090158],[139.74010387,35.78094801],[139.74064138,35.78111824],[139.74105348,35.78125752],[139.74153724,35.78138133],[139.74166266,35.78142776],[139.74252269,35.78167537],[139.7425406,35.78167537],[139.74261227,35.78169084],[139.74354396,35.78207774],[139.74372314,35.78215511],[139.74449358,35.78254201],[139.74506692,35.78282057],[139.74581945,35.78328484],[139.74585528,35.78333127],[139.74630321,35.78388839],[139.74641071,35.78430623],[139.74641071,35.78432171],[139.74658988,35.78492526],[139.7466078,35.78523478],[139.7466078,35.78525025],[139.74662572,35.78563714],[139.74669739,35.7868133],[139.74676906,35.78684425],[139.74730657,35.78679782],[139.747647,35.78668949],[139.74804118,35.78650378],[139.74809493,35.78647283],[139.74843535,35.78625617],[139.74866828,35.78611689],[139.74884745,35.78599309],[139.74902662,35.78619427],[139.74927746,35.78605499],[139.74968956,35.78599309],[139.74995831,35.78594666],[139.74999415,35.78594666],[139.75001206,35.78594666],[139.75002998,35.78593118],[139.75065708,35.78617879],[139.75121251,35.7864264],[139.75142752,35.78611689],[139.7517142,35.7862407],[139.75225171,35.78622522],[139.75228755,35.78622522],[139.75246672,35.78625617],[139.75250255,35.78627165],[139.75273547,35.78631807],[139.7530759,35.78637998],[139.753488,35.78648831],[139.75368508,35.78684425],[139.75377467,35.78695258],[139.75395384,35.78696805],[139.7542226,35.7869371],[139.75467053,35.78695258],[139.7548497,35.78701448],[139.75499304,35.78689068],[139.75540513,35.78718471],[139.75542305,35.7873859],[139.75531555,35.78758708],[139.75583515,35.78817516],[139.75583515,35.78829896],[139.75596057,35.78842277],[139.75603223,35.78839182],[139.75626516,35.78863943],[139.75601432,35.78880966],[139.75594265,35.78896442],[139.75594265,35.78902632],[139.75594265,35.78930488],[139.7558889,35.7896763],[139.75569181,35.78986201],[139.75560222,35.79003224],[139.7559964,35.79037271],[139.75642641,35.79074412],[139.75658767,35.79089888],[139.75667725,35.79096078],[139.75674892,35.79103816],[139.75680267,35.79108459],[139.75687434,35.79114649],[139.75699976,35.7912703],[139.75705351,35.79131672],[139.75723269,35.79148696],[139.75742977,35.79167266],[139.75771645,35.79193575],[139.7577702,35.79199765],[139.75803896,35.79224527],[139.75805688,35.79224527],[139.75821813,35.7924155],[139.75827188,35.79246193],[139.75832563,35.79252383],[139.75834355,35.79252383],[139.75848689,35.79267858],[139.75859439,35.79277144],[139.75866606,35.79286429],[139.75898857,35.79317381],[139.75906024,35.79331309],[139.75913191,35.79345237],[139.75977692,35.79410235],[139.75997401,35.79433448],[139.76015318,35.7951547],[139.76022485,35.79541778],[139.76036819,35.79592848],[139.76040402,35.79600586],[139.76051153,35.79634632],[139.76052944,35.79639275],[139.76054736,35.79650108],[139.7605832,35.79660941],[139.7605832,35.79662489],[139.76065487,35.7969344],[139.7606907,35.79707368],[139.76074445,35.79725939],[139.76076237,35.79741415],[139.76074445,35.79746057],[139.76065487,35.79775461],[139.76061903,35.79781651],[139.76060111,35.79787842],[139.7602786,35.79834269],[139.75981276,35.79893076],[139.75938275,35.79919385],[139.75907815,35.79937956],[139.75906024,35.79937956],[139.75857647,35.79975098],[139.75834355,35.79993668],[139.75832563,35.79993668],[139.75825396,35.79999859],[139.75821813,35.80002954],[139.75719685,35.80091165],[139.75628307,35.80174734],[139.75603223,35.80204138],[139.75578139,35.80230447],[139.75556639,35.80269136],[139.75556639,35.80270683],[139.75544097,35.80295444],[139.75529763,35.80318658],[139.75510054,35.80337229],[139.75458094,35.80366633],[139.75458094,35.8036818],[139.75395384,35.8041925],[139.75338049,35.80467225],[139.75295048,35.80501271],[139.75219796,35.80558531],[139.75142752,35.80609601],[139.75115876,35.80626624],[139.75105126,35.80631267],[139.75097959,35.80637457],[139.75096167,35.80639005],[139.75089001,35.80645195],[139.75071083,35.80662218],[139.75065708,35.80666861],[139.75053166,35.80694717],[139.75045999,35.80727216],[139.75049583,35.80751977],[139.7505675,35.80758168],[139.7507825,35.80773643],[139.75087209,35.80782929],[139.75092584,35.80789119],[139.75054958,35.80833999],[139.75029874,35.80861855],[139.75049583,35.80872688],[139.75063917,35.80880426],[139.75083625,35.80891259],[139.75044208,35.80929948],[139.75080042,35.80959352],[139.75076459,35.81016612],[139.75090792,35.81028992],[139.75142752,35.81072324],[139.75151711,35.81061491],[139.75160669,35.81069229],[139.75191128,35.8109399],[139.75219796,35.81075419],[139.75248463,35.81056849],[139.75300423,35.8109399],[139.75314757,35.81086252],[139.75320132,35.81083157],[139.75330882,35.81076967],[139.75363133,35.81058396],[139.75384634,35.81046016],[139.75407926,35.81061491],[139.75445552,35.810878],[139.75477803,35.81056849],[139.75508262,35.81069229],[139.75520804,35.81073872],[139.75524388,35.81117204],[139.7553693,35.81166726],[139.75540513,35.81179107],[139.75554847,35.8125958],[139.75560222,35.81270413],[139.75608599,35.81250295],[139.75613974,35.812472],[139.75630099,35.81241009],[139.7571431,35.81205415],[139.75759103,35.81197677],[139.75832563,35.81203868],[139.75834355,35.81203868],[139.7583973,35.81203868],[139.7589169,35.81214701],[139.75904232,35.81217796],[139.75927524,35.81222439],[139.75941858,35.81225534],[139.75977692,35.81231724],[139.76063695,35.81262675],[139.76128197,35.81288984],[139.76201657,35.81335411],[139.76258992,35.81377195],[139.76334244,35.8143136],[139.76427413,35.81491716],[139.76491915,35.81518024],[139.76522374,35.81538143],[139.76577918,35.81573737],[139.76534916,35.81621711],[139.76524166,35.81634092],[139.76522374,35.8163564],[139.76515208,35.81643377],[139.76520583,35.81649568],[139.76531333,35.81657305],[139.76542083,35.81666591],[139.7656,35.81682067],[139.76588668,35.81726946],[139.76622711,35.81747065],[139.76665712,35.81757897],[139.76667504,35.81757897],[139.76703338,35.81764088],[139.7671588,35.81765635],[139.76760673,35.8176873],[139.76791132,35.81770278],[139.76792924,35.81770278],[139.76810841,35.81770278],[139.76837717,35.8176873],[139.76866384,35.81765635],[139.7695597,35.8175635],[139.7702943,35.81748612],[139.77086765,35.81737779],[139.77101099,35.81731589],[139.77129767,35.81720756],[139.77163809,35.81695995],[139.77176351,35.81688257],[139.77178143,35.81683614],[139.7718531,35.81677424],[139.77188893,35.81671234],[139.77192477,35.81666591],[139.77197852,35.81660401],[139.77246228,35.81603141],[139.77278479,35.81564451],[139.77285646,35.81556713],[139.77371648,35.81466954],[139.77479151,35.81350887],[139.77500652,35.81329221],[139.77500652,35.81327673],[139.77608155,35.81213153],[139.77715658,35.81101728],[139.77746117,35.81066134],[139.77747909,35.81038278],[139.77747909,35.8102435],[139.77824953,35.80939233],[139.7783212,35.80926853],[139.77837495,35.80912925],[139.77850037,35.80894354],[139.77885871,35.80860307],[139.77914539,35.80833999],[139.77923497,35.80824713],[139.77941415,35.80829356],[139.77955748,35.80833999],[139.77959332,35.80833999],[139.77964707,35.80835546],[139.77966499,35.80833999],[139.77984416,35.80818523],[139.78007708,35.80798405],[139.7806146,35.8075043],[139.78113419,35.80722574],[139.78149254,35.80714836],[139.78194047,35.80714836],[139.7824959,35.80719478],[139.78290799,35.80719478],[139.78314092,35.80719478],[139.78333801,35.80711741],[139.7836426,35.80700908],[139.78383969,35.8069317],[139.78394719,35.80690075],[139.78396511,35.80690075],[139.7843772,35.80691622],[139.78457429,35.80690075],[139.7848968,35.80690075],[139.78507597,35.80690075],[139.78582849,35.80690075],[139.78650935,35.80691622],[139.78665268,35.80691622],[139.78722603,35.80688527],[139.78744104,35.80682337],[139.78767396,35.80676147],[139.7879248,35.80668409],[139.78869524,35.806421],[139.78930442,35.80621982],[139.78977027,35.80604958],[139.79014653,35.80592578],[139.7902182,35.80589483],[139.7907378,35.80577102],[139.7909528,35.80569364],[139.79152615,35.80550793],[139.79166949,35.80546151],[139.79166949,35.80544603],[139.79177699,35.80541508],[139.79243993,35.80529127],[139.79269077,35.8052758],[139.79399872,35.80519842],[139.79410623,35.80522937],[139.79424956,35.80526032],[139.79476916,35.80529127],[139.79484083,35.80530675],[139.79536043,35.8053377],[139.79588003,35.80552341],[139.79620254,35.80563174],[139.79622045,35.80563174],[139.79629212,35.80566269],[139.79645338,35.80572459],[139.79670422,35.80580197],[139.79760008,35.80595673],[139.79785092,35.80600316],[139.79806592,35.80604958],[139.79851385,35.80612696],[139.79883636,35.80618886],[139.79910512,35.80631267],[139.79940971,35.80646743],[139.79969638,35.80659123],[139.79987556,35.80671504],[139.80000098,35.80680789],[139.80016223,35.80691622],[139.80035932,35.8070555],[139.80057433,35.80727216],[139.80064599,35.80742692],[139.80066391,35.8074424],[139.80077142,35.80764358],[139.80080725,35.80770548],[139.80107601,35.80786024],[139.80132685,35.80803047],[139.80159561,35.80818523],[139.80184645,35.80833999],[139.80231229,35.80855665],[139.80293939,35.80866498],[139.80358441,35.80872688],[139.80369191,35.80872688],[139.80471319,35.80878878],[139.80553738,35.80875783],[139.80655866,35.8086495],[139.80706034,35.8085876],[139.80754411,35.80854117],[139.80833246,35.80844832],[139.80856539,35.80843284],[139.80931791,35.80833999],[139.80940749,35.80833999],[139.80960458,35.80830903],[139.80969417,35.80830903],[139.81039294,35.80829356],[139.81071545,35.80827808],[139.81110962,35.80826261],[139.81132463,35.80824713],[139.81239966,35.80826261],[139.81329552,35.80832451],[139.81334927,35.80833999],[139.81406596,35.80852569],[139.81469306,35.8087114],[139.81526641,35.80894354],[139.81564267,35.80911377],[139.81573225,35.8091602],[139.81652061,35.80956257],[139.81666395,35.8096709],[139.81695062,35.80987208],[139.81750605,35.81016612],[139.81777481,35.81033635],[139.81793607,35.8104292],[139.8179719,35.81072324],[139.81798982,35.81075419],[139.81800774,35.810878],[139.8180794,35.81117204],[139.81809732,35.81126489],[139.81813316,35.81141965],[139.81833024,35.81157441],[139.81847358,35.81168274],[139.818599,35.81176011],[139.81874234,35.81176011],[139.81867067,35.8114506],[139.818599,35.81106371],[139.81910068,35.81141965],[139.81965612,35.81177559],[139.82053406,35.81123394],[139.82062364,35.81126489],[139.82073115,35.81131132],[139.82082073,35.81134227],[139.82096407,35.8113887],[139.82108949,35.81143512],[139.82040864,35.81239462],[139.82012196,35.81278151],[139.82010404,35.81279699],[139.82010404,35.81299817],[139.8203728,35.81352434],[139.82039072,35.81355529],[139.82060573,35.81397314],[139.82083865,35.81459217],[139.8209999,35.81494811],[139.82105365,35.81507191],[139.82168076,35.8148862],[139.82261245,35.81451479],[139.82291704,35.81437551],[139.82297079,35.81434456],[139.82298871,35.81434456],[139.82334705,35.81417432],[139.8234008,35.81415885],[139.8234008,35.81414337],[139.82341872,35.8141279],[139.82368748,35.81388028],[139.82409957,35.81323031],[139.82420708,35.81307555],[139.82422499,35.81302912],[139.82429666,35.81292079],[139.82469084,35.81231724],[139.82492376,35.8118994],[139.82492376,35.81179107],[139.82492376,35.81146608],[139.82487001,35.81109466],[139.8248521,35.81100181],[139.82483418,35.81097085],[139.82476251,35.81084705],[139.82463709,35.81064586],[139.8239204,35.81010422],[139.82368748,35.80993398],[139.8234008,35.8097328],[139.82314996,35.80956257],[139.82300663,35.80946971],[139.82291704,35.80940781],[139.82280954,35.80917567],[139.82280954,35.8091602],[139.82250495,35.80844832],[139.82248703,35.80841736],[139.82243328,35.80833999],[139.82241536,35.80829356],[139.82205702,35.80770548],[139.8215195,35.80683884],[139.82114324,35.80632815],[139.82092823,35.80589483],[139.82087448,35.80577102],[139.82074906,35.80553889],[139.82071323,35.80535318],[139.82065948,35.80505914],[139.82051614,35.80437821],[139.82030113,35.80318658],[139.82022946,35.8025985],[139.82017571,35.80214971],[139.82028322,35.80160806],[139.82031905,35.80126759],[139.82031905,35.80101998],[139.82028322,35.80092713],[139.82019363,35.80071047],[139.81988904,35.80019977],[139.81981737,35.79999859],[139.8197457,35.79981288],[139.8196382,35.79958074],[139.81962028,35.79936408],[139.81962028,35.79933313],[139.81962028,35.79931766],[139.8196382,35.79920933],[139.81967403,35.79897719],[139.8198532,35.79860578],[139.82010404,35.79811055],[139.82019363,35.79798675],[139.82022946,35.79792484],[139.82048031,35.79753795],[139.82071323,35.79730582],[139.82091032,35.79708916],[139.82105365,35.7969344],[139.82121491,35.79674869],[139.82137616,35.79660941],[139.82184201,35.79620704],[139.82209285,35.79597491],[139.82246911,35.79564992],[139.8227737,35.79546421],[139.82352622,35.79517017],[139.82404582,35.79504637],[139.82444,35.79495351],[139.82447583,35.79490708],[139.82463709,35.79473685],[139.82465501,35.79472138],[139.82488793,35.79417973],[139.82499543,35.79402497],[139.82501335,35.79402497],[139.8250671,35.79393212],[139.8254792,35.79366903],[139.82605255,35.79335952],[139.82641089,35.79337499],[139.82696632,35.79351427],[139.82728883,35.79365355],[139.82745009,35.79373093],[139.82755759,35.79379283],[139.82762926,35.79380831],[139.82764717,35.79382379],[139.8278801,35.79388569],[139.82804135,35.79394759],[139.82827428,35.79400949],[139.8283997,35.79405592],[139.82884763,35.79411782],[139.8292418,35.79416425],[139.82956431,35.79425711],[139.8297614,35.79431901],[139.83053184,35.79453567],[139.83085435,35.79462852],[139.83175021,35.79509279],[139.83178604,35.79510827],[139.83277149,35.79568087],[139.83302233,35.795913],[139.83332692,35.7962999],[139.83334484,35.7962999],[139.83361359,35.79664036],[139.83390027,35.79705821],[139.83395402,35.79715106],[139.83415111,35.7974451],[139.8345632,35.79792484],[139.83474237,35.7980796],[139.83495738,35.79826531],[139.83545906,35.7986522],[139.83572782,35.79891529],[139.83581741,35.79900814],[139.83590699,35.79914742],[139.83610408,35.79948789],[139.83631909,35.7997974],[139.83648034,35.79999859],[139.83656993,35.80009144],[139.83660576,35.80015334],[139.83680285,35.80035453],[139.83691035,35.80046286],[139.83703577,35.80054024],[139.83721494,35.80063309],[139.83757329,35.80074142],[139.8380033,35.80080332],[139.83868415,35.80078785],[139.83886332,35.80077237],[139.83943667,35.80071047],[139.83952626,35.80069499],[139.84035045,35.80052476],[139.84110297,35.8003081],[139.8416584,35.80021525],[139.84167632,35.80021525],[139.84190924,35.80016882],[139.84232134,35.80012239],[139.84276927,35.80001406],[139.84282302,35.79999859],[139.84319928,35.79987478],[139.84337845,35.7997974],[139.84386222,35.79948789],[139.84434598,35.79907005],[139.84479391,35.79860578],[139.84527767,35.7981415],[139.84552851,35.79787842],[139.84556435,35.79783199],[139.84585102,35.79753795],[139.84586894,35.79752248],[139.84633479,35.79701178],[139.84640645,35.7969344],[139.84662146,35.79670226],[139.84674688,35.79650108]]]]}},{"type":"Feature","properties":{"OBJECTID":114,"N03_001":"東京都","N03_002":null,"N03_003":null,"N03_004":"葛飾区","N03_007":"13122","Shape_Leng":0.384178485327031,"Shape_Area":0.003475714469459,"id":"gci:13122A1968"},"geometry":{"type":"MultiPolygon","coordinates":[[[[139.88998102,35.75077041],[139.88931808,35.75069303],[139.88924641,35.75069303],[139.88723969,35.75067755],[139.88616466,35.75067755],[139.88591382,35.75067755],[139.88582423,35.7505228],[139.88577048,35.75041447],[139.88514338,35.75042994],[139.88455212,35.75042994],[139.88448045,35.75036804],[139.88449836,35.75027519],[139.88457003,35.74999662],[139.88458795,35.74996567],[139.88428336,35.7499502],[139.88414002,35.74993472],[139.88408627,35.74993472],[139.88381751,35.74991924],[139.8833875,35.74988829],[139.88333375,35.74987282],[139.88320833,35.74987282],[139.88311874,35.74985734],[139.88301124,35.74985734],[139.88292165,35.74976449],[139.88283207,35.74965616],[139.88279623,35.74962521],[139.88270665,35.74954783],[139.88216913,35.74967163],[139.88202579,35.74967163],[139.88200788,35.74967163],[139.88089701,35.74971806],[139.88080743,35.74973354],[139.88075367,35.74973354],[139.88073576,35.74968711],[139.88073576,35.74964068],[139.88059242,35.74909903],[139.88059242,35.74905261],[139.880467,35.74857286],[139.88044908,35.74848001],[139.88102243,35.74858834],[139.88107618,35.74860381],[139.88112994,35.74860381],[139.88136286,35.74865024],[139.88184662,35.74858834],[139.88186454,35.74838715],[139.88211538,35.74851096],[139.8821333,35.74852643],[139.88231247,35.74861929],[139.88250956,35.74846453],[139.88299332,35.74834072],[139.88310082,35.74812406],[139.88304707,35.74800026],[139.88301124,35.7479074],[139.88292165,35.7477217],[139.88283207,35.74750504],[139.88283207,35.74748956],[139.88288582,35.74745861],[139.88304707,35.74735028],[139.88324416,35.74724195],[139.88333375,35.74719552],[139.883495,35.74711814],[139.88354875,35.74708719],[139.88387126,35.74691696],[139.88392501,35.74688601],[139.88396085,35.74687053],[139.88396085,35.74679315],[139.88421169,35.74680863],[139.88426544,35.74649912],[139.88489254,35.74653007],[139.88501796,35.74572533],[139.88501796,35.74560153],[139.88458795,35.74557058],[139.8846417,35.74519916],[139.8839071,35.74513726],[139.88394293,35.74485869],[139.88379959,35.74485869],[139.88351292,35.74482774],[139.88333375,35.74482774],[139.88292165,35.74484322],[139.88245581,35.74464203],[139.88184662,35.74437895],[139.88215121,35.74349683],[139.88195413,35.74343493],[139.88184662,35.74340398],[139.88168537,35.74335755],[139.8815062,35.74331112],[139.88152411,35.74317184],[139.88152411,35.74307899],[139.88155995,35.74286233],[139.88134494,35.74276947],[139.88105827,35.74270757],[139.88105827,35.74264567],[139.88105827,35.74256829],[139.88104035,35.74239806],[139.88104035,35.74227425],[139.88102243,35.74196474],[139.88075367,35.74190284],[139.88071784,35.74174808],[139.88069992,35.74170165],[139.88069992,35.7416707],[139.88068201,35.74163975],[139.88028783,35.74159332],[139.87978615,35.74153142],[139.87985782,35.74143857],[139.87991157,35.74133024],[139.87998324,35.74119095],[139.88000115,35.74116],[139.88041325,35.74043265],[139.88044908,35.74040169],[139.88050283,35.74027789],[139.88039533,35.74024694],[139.8803595,35.74024694],[139.88030575,35.74023146],[139.87991157,35.74012313],[139.87917696,35.74044812],[139.87903363,35.74051002],[139.87887237,35.7405874],[139.87860361,35.74071121],[139.8779586,35.74098977],[139.87772567,35.74094334],[139.87758234,35.74091239],[139.87756442,35.74088144],[139.87752858,35.74080406],[139.87736733,35.7404636],[139.87724191,35.74035527],[139.87724191,35.74024694],[139.87742108,35.74013861],[139.87740316,35.74004575],[139.87731358,35.73962791],[139.87729566,35.7395041],[139.87727774,35.73945768],[139.87722399,35.73914816],[139.87715232,35.73879222],[139.87708065,35.73874579],[139.8768119,35.73857556],[139.87682981,35.73840533],[139.87684773,35.7383589],[139.87693732,35.73764702],[139.87688357,35.73756964],[139.87684773,35.73752321],[139.87654314,35.73704347],[139.87595187,35.73713632],[139.87591604,35.7371518],[139.87584437,35.73716727],[139.87571895,35.73718275],[139.87568311,35.73719823],[139.87546811,35.73724465],[139.8752531,35.7372756],[139.87510977,35.7372137],[139.87500226,35.73716727],[139.87494851,35.7371518],[139.87491268,35.73713632],[139.87476934,35.73705894],[139.87466184,35.73674943],[139.87450058,35.73676491],[139.87423182,35.73681133],[139.87419599,35.73681133],[139.87380181,35.73685776],[139.87369431,35.73698157],[139.87367639,35.73701252],[139.87362264,35.73707442],[139.87342555,35.73735298],[139.87317471,35.73769345],[139.87308512,35.73756964],[139.87299554,35.73746131],[139.87294179,35.73736846],[139.87301346,35.73726013],[139.87304929,35.7372137],[139.8732643,35.73687324],[139.87315679,35.73659467],[139.87315679,35.73656372],[139.87355097,35.73665658],[139.87360472,35.73656372],[139.87362264,35.73654825],[139.87364056,35.73650182],[139.87394515,35.73602207],[139.87371223,35.73596017],[139.87365847,35.73577446],[139.87358681,35.7354959],[139.87358681,35.73544947],[139.87351514,35.73517091],[139.87335388,35.73507806],[139.8726372,35.73461378],[139.8726372,35.73445903],[139.87249386,35.73445903],[139.87220718,35.73444355],[139.87217135,35.73444355],[139.87218927,35.73442808],[139.8722251,35.7343507],[139.87227885,35.73428879],[139.8723326,35.73422689],[139.87238636,35.73414951],[139.87251178,35.73408761],[139.87249386,35.7339019],[139.8723326,35.73351501],[139.87226093,35.73334478],[139.87224302,35.7333293],[139.8721176,35.73297336],[139.87202801,35.7326948],[139.87193843,35.73243171],[139.87218927,35.73196744],[139.87231469,35.73171983],[139.87226093,35.73133294],[139.87218927,35.73088414],[139.87218927,35.73004845],[139.87195634,35.72992465],[139.87175925,35.7298318],[139.87154425,35.72966156],[139.87143674,35.72956871],[139.87134716,35.72952228],[139.87129341,35.72946038],[139.87089923,35.72916634],[139.87082756,35.72911991],[139.87014671,35.72901158],[139.87027213,35.7287485],[139.87012879,35.72814494],[139.87003921,35.72775805],[139.87002129,35.72768067],[139.87000337,35.7276033],[139.87032588,35.72676761],[139.8704513,35.72628786],[139.87046922,35.72625691],[139.87046922,35.7260093],[139.87048713,35.72568431],[139.87050505,35.7253748],[139.87052297,35.72517361],[139.87052297,35.72511171],[139.87054089,35.72500338],[139.8705588,35.72470934],[139.86978837,35.72427602],[139.86969878,35.72443078],[139.86957336,35.7243534],[139.86951961,35.72430697],[139.86874917,35.72379627],[139.86891042,35.72347129],[139.86892834,35.72342486],[139.86898209,35.72330105],[139.86871333,35.72319272],[139.86848041,35.72308439],[139.86833707,35.72300701],[139.86831916,35.72299154],[139.86826541,35.72291416],[139.86822957,35.72285226],[139.86819374,35.72280583],[139.86812207,35.72268203],[139.86808623,35.72262012],[139.86803248,35.72255822],[139.86801456,35.72249632],[139.86788914,35.72224871],[139.86736955,35.72125826],[139.86729788,35.72099517],[139.86729788,35.72094875],[139.86733371,35.720469],[139.8673158,35.72039162],[139.86727996,35.72005116],[139.8670112,35.71954046],[139.86697537,35.71952498],[139.86667078,35.7192619],[139.86643785,35.71906071],[139.8662766,35.71853454],[139.86633035,35.7183024],[139.86654536,35.71783813],[139.86667078,35.71776075],[139.86681411,35.71765242],[139.86717246,35.71701792],[139.86726204,35.71686316],[139.86736955,35.71666198],[139.86744122,35.7165227],[139.86756664,35.71627509],[139.86758455,35.71624414],[139.86778164,35.71574891],[139.86788914,35.71551678],[139.8680504,35.71536202],[139.86821165,35.71519179],[139.86840874,35.7148668],[139.86849833,35.71469657],[139.86853416,35.71463466],[139.86857,35.71458824],[139.86860583,35.71421682],[139.86846249,35.71358232],[139.86840874,35.71355137],[139.86830124,35.71350494],[139.86826541,35.71345851],[139.8681579,35.71333471],[139.86810415,35.71328828],[139.86801456,35.71319543],[139.86783539,35.71274663],[139.86772789,35.71259187],[139.86770997,35.71256092],[139.86765622,35.71249902],[139.86762039,35.71243712],[139.86758455,35.71237521],[139.86751288,35.71228236],[139.86744122,35.71217403],[139.86740538,35.71211213],[139.86695745,35.71214308],[139.86695745,35.71226688],[139.86667078,35.71229784],[139.86656327,35.71229784],[139.86659911,35.71291686],[139.86484323,35.7132109],[139.86482531,35.71304067],[139.86468197,35.71305614],[139.8646103,35.71307162],[139.86355319,35.7132109],[139.8634636,35.71316447],[139.8633561,35.71311805],[139.86296192,35.71291686],[139.86263941,35.713149],[139.86240649,35.71296329],[139.86235274,35.71291686],[139.8623169,35.71288591],[139.86224524,35.71283948],[139.86211982,35.71293234],[139.8615823,35.71341208],[139.86154647,35.71344304],[139.86152855,35.71347399],[139.86088353,35.71404659],[139.8608477,35.71407754],[139.86056102,35.71434063],[139.86018476,35.71407754],[139.86014893,35.71404659],[139.85977267,35.71376803],[139.85973683,35.71373707],[139.85971891,35.7137216],[139.85962933,35.7136597],[139.85941432,35.71386088],[139.85934265,35.71392278],[139.8590739,35.71417039],[139.8585543,35.71381445],[139.85833929,35.71396921],[139.85823179,35.71403111],[139.85819595,35.71406206],[139.85808845,35.71413944],[139.85794511,35.71400016],[139.85778386,35.71403111],[139.85767636,35.71406206],[139.85758677,35.71407754],[139.85756885,35.71407754],[139.85746135,35.71410849],[139.85715676,35.71420135],[139.85712092,35.71421682],[139.8562609,35.71446443],[139.85622507,35.71438705],[139.85620715,35.7143561],[139.85618923,35.71434063],[139.85579505,35.71373707],[139.85531129,35.71379898],[139.85515003,35.71355137],[139.85495295,35.71347399],[139.85475586,35.71316447],[139.85454085,35.71282401],[139.85436168,35.7127002],[139.85420042,35.7125764],[139.85403917,35.71246807],[139.85369874,35.71226688],[139.8532329,35.71198832],[139.85316123,35.71194189],[139.8523012,35.7114312],[139.85135159,35.7108586],[139.85000781,35.71209665],[139.85000781,35.71211213],[139.84950613,35.71256092],[139.84907611,35.71296329],[139.84868194,35.71331923],[139.84654979,35.71528464],[139.84611978,35.71567154],[139.84502683,35.71666198],[139.84479391,35.71689412],[139.84216008,35.71930832],[139.84167632,35.71975712],[139.8416584,35.71975712],[139.83983085,35.72144397],[139.83968751,35.72156778],[139.83710744,35.72395103],[139.83603241,35.72500338],[139.83463487,35.72633429],[139.83334484,35.72763425],[139.83332692,35.72764972],[139.83291482,35.72806757],[139.83252065,35.72845446],[139.83250273,35.72848541],[139.83144562,35.72955323],[139.83114102,35.72986275],[139.8297614,35.73117818],[139.82961806,35.73133294],[139.82908055,35.73189006],[139.82841761,35.73260194],[139.82773676,35.7333293],[139.82648256,35.73469116],[139.82567629,35.73554233],[139.82503127,35.73623873],[139.82499543,35.73626968],[139.82499543,35.73628516],[139.82481626,35.73648634],[139.82467292,35.73665658],[139.82383082,35.73770892],[139.82271995,35.7395041],[139.82139408,35.7416707],[139.82107157,35.74219687],[139.82053406,35.74312542],[139.82053406,35.74314089],[139.82035489,35.74343493],[139.82022946,35.74371349],[139.81960236,35.74495155],[139.81917235,35.74575628],[139.8190111,35.74603485],[139.81825858,35.74744313],[139.81791815,35.74800026],[139.81716563,35.74914546],[139.81666395,35.74977996],[139.81666395,35.74979544],[139.81650269,35.74999662],[139.8160906,35.75053827],[139.81532016,35.75142039],[139.8149439,35.75186918],[139.8145318,35.75233345],[139.81480056,35.75323104],[139.81489015,35.75346318],[139.81456764,35.75363341],[139.81419138,35.75381912],[139.81397637,35.7539584],[139.81360011,35.75432982],[139.81347469,35.7544691],[139.81336719,35.75463933],[139.81331344,35.75482504],[139.81329552,35.75502622],[139.8132776,35.75519646],[139.8132776,35.75525836],[139.81331344,35.75553692],[139.81343886,35.7561869],[139.81345677,35.75635713],[139.81347469,35.75648094],[139.81347469,35.75674403],[139.81345677,35.75691426],[139.81340302,35.75703806],[139.81331344,35.75719282],[139.81325968,35.75725472],[139.81322385,35.75740948],[139.81322385,35.75771899],[139.81325968,35.75810589],[139.81325968,35.75833802],[139.81322385,35.75866301],[139.81320593,35.7589261],[139.81320593,35.75901895],[139.8132776,35.75929751],[139.8133851,35.7595606],[139.81354636,35.75966893],[139.81397637,35.75979274],[139.8144243,35.75991654],[139.81478264,35.76004035],[139.8149439,35.76008678],[139.81506932,35.76011773],[139.81532016,35.76019511],[139.8156785,35.76030343],[139.81582184,35.76034986],[139.81591143,35.76036534],[139.81598309,35.76039629],[139.81666395,35.760582],[139.81666395,35.76059747],[139.81712979,35.76072128],[139.81716563,35.76073675],[139.81718355,35.76065938],[139.81718355,35.76062842],[139.81720146,35.76048914],[139.81725521,35.76021058],[139.81752397,35.76025701],[139.81791815,35.76033439],[139.81834816,35.76039629],[139.81865275,35.76042724],[139.81895735,35.76042724],[139.81931569,35.76044272],[139.81954861,35.76044272],[139.81960236,35.76044272],[139.8197457,35.76044272],[139.8198532,35.7594368],[139.81997862,35.75833802],[139.82019363,35.75662022],[139.82024738,35.75598572],[139.82033697,35.75593929],[139.82039072,35.75592381],[139.82048031,35.75590834],[139.82064156,35.75589286],[139.8207849,35.75586191],[139.82085657,35.75584644],[139.82087448,35.75584644],[139.82105365,35.75581548],[139.82134033,35.75576906],[139.82259453,35.75558335],[139.82275579,35.75562978],[139.8234008,35.75583096],[139.82354414,35.75586191],[139.82361581,35.75641904],[139.82365164,35.75658927],[139.82366956,35.75677498],[139.8237054,35.75692973],[139.82372331,35.75703806],[139.82374123,35.7572083],[139.82386665,35.75809041],[139.82390249,35.75833802],[139.8239204,35.7584773],[139.82395624,35.75869396],[139.82399207,35.75881777],[139.82399207,35.75887967],[139.82402791,35.75909633],[139.82415333,35.75982369],[139.82418916,35.76008678],[139.82422499,35.76021058],[139.82422499,35.76030343],[139.82426083,35.76042724],[139.82426083,35.76047367],[139.8243325,35.76092246],[139.8243325,35.76095341],[139.82440417,35.76135578],[139.82438625,35.76144864],[139.82438625,35.76154149],[139.82436833,35.7617891],[139.82442208,35.7617891],[139.82499543,35.761851],[139.82501335,35.76186648],[139.8251746,35.76188196],[139.82528211,35.76189743],[139.82533586,35.76189743],[139.82603463,35.76197481],[139.82637506,35.76202124],[139.82696632,35.76208314],[139.82700216,35.76195933],[139.82693049,35.761851],[139.82676923,35.7617891],[139.82666173,35.76175815],[139.82646464,35.7617272],[139.82641089,35.76171172],[139.82637506,35.76171172],[139.82624963,35.76168077],[139.82619588,35.76151054],[139.82614213,35.76103079],[139.82607046,35.76089151],[139.82607046,35.76086056],[139.82598088,35.7606439],[139.82594504,35.76055105],[139.82592713,35.76052009],[139.82585546,35.76033439],[139.82565837,35.75990107],[139.82556878,35.75969988],[139.82555087,35.75963798],[139.82553295,35.7595606],[139.8254792,35.7594368],[139.82546128,35.75935942],[139.82544336,35.75932847],[139.82544336,35.75929751],[139.82542545,35.75912728],[139.82560462,35.75833802],[139.82562253,35.75824517],[139.82567629,35.75816779],[139.82571212,35.75812136],[139.82576587,35.75802851],[139.82587337,35.75795113],[139.82594504,35.7579047],[139.82721716,35.75747138],[139.82755759,35.75734758],[139.82791593,35.7573321],[139.8280951,35.7573321],[139.8283997,35.7573321],[139.82863262,35.75731663],[139.82927764,35.75748686],[139.82929555,35.75750233],[139.8298689,35.75765709],[139.83019141,35.75787375],[139.83040642,35.75809041],[139.83063934,35.75833802],[139.83076476,35.75853921],[139.83083643,35.75863206],[139.83083643,35.75864754],[139.83085435,35.75866301],[139.83087227,35.75869396],[139.83094393,35.75881777],[139.83099769,35.75908086],[139.8310156,35.75985464],[139.8310156,35.75993202],[139.8310156,35.75996297],[139.8310156,35.76061295],[139.8310156,35.76075223],[139.8310156,35.76082961],[139.8310156,35.76120103],[139.83097977,35.76147959],[139.83094393,35.7617272],[139.83092602,35.76200576],[139.83092602,35.76208314],[139.8309081,35.76226885],[139.8309081,35.76231527],[139.83092602,35.7623617],[139.83092602,35.76239265],[139.8310156,35.76273312],[139.83128436,35.76319739],[139.8315352,35.76353785],[139.83173229,35.76370809],[139.83192938,35.76378547],[139.83210855,35.76383189],[139.83234147,35.76383189],[139.83259231,35.76378547],[139.83293274,35.76367714],[139.8332015,35.76359976],[139.83329108,35.76356881],[139.83332692,35.76355333],[139.83334484,35.76355333],[139.83390027,35.7633831],[139.83402569,35.76336762],[139.83407944,35.76336762],[139.8344557,35.76330572],[139.83490363,35.76330572],[139.83545906,35.76336762],[139.8354949,35.76335215],[139.83567407,35.76318191],[139.83581741,35.76305811],[139.83587116,35.76301168],[139.83626533,35.76305811],[139.8374837,35.76318191],[139.8374837,35.76321287],[139.83757329,35.76342952],[139.83762704,35.76369261],[139.83766287,35.76426521],[139.83755537,35.76445092],[139.83746579,35.7645902],[139.83753745,35.76480686],[139.83757329,35.76496162],[139.83759121,35.76508542],[139.83762704,35.76553422],[139.83764496,35.76565802],[139.83768079,35.76576635],[139.83782413,35.76596754],[139.83809289,35.76613777],[139.83830789,35.76623063],[139.83846915,35.7662461],[139.83850498,35.76626158],[139.83871999,35.76627705],[139.83923959,35.76632348],[139.83986669,35.76635443],[139.83995627,35.76635443],[139.84001002,35.76636991],[139.84047587,35.76640086],[139.84142548,35.76643181],[139.84156882,35.76643181],[139.8416584,35.76644729],[139.84167632,35.76644729],[139.84169424,35.76644729],[139.84192716,35.76652466],[139.841963,35.76654014],[139.84205258,35.76660204],[139.84205258,35.76661752],[139.8420705,35.76666394],[139.84214217,35.76680323],[139.8422855,35.76705084],[139.84232134,35.76708179],[139.84244676,35.76728297],[139.84273343,35.76762344],[139.84327095,35.76811866],[139.84359346,35.76839722],[139.8440593,35.76870674],[139.8445789,35.7689853],[139.84500891,35.76921743],[139.8450985,35.76926386],[139.84545684,35.76941862],[139.84579727,35.76951147],[139.84601228,35.769496],[139.84606603,35.769496],[139.84611978,35.76948052],[139.84628103,35.76946505],[139.84689022,35.76944957],[139.84692605,35.76944957],[139.84706939,35.76944957],[139.84712314,35.76943409],[139.84782191,35.769496],[139.84785775,35.769496],[139.84792941,35.76951147],[139.84837734,35.76958885],[139.84852068,35.76958885],[139.84862818,35.76960433],[139.84893278,35.76960433],[139.84930904,35.7696198],[139.84936279,35.7696198],[139.84950613,35.7696198],[139.84997197,35.7696817],[139.85000781,35.7696817],[139.85036615,35.76972813],[139.85074241,35.76977456],[139.85077824,35.76977456],[139.85097533,35.76980551],[139.85102909,35.76982099],[139.85129784,35.76988289],[139.85133368,35.76958885],[139.85144118,35.76887697],[139.85144118,35.76883054],[139.85144118,35.76879959],[139.85153077,35.76813414],[139.8515666,35.76780915],[139.8515666,35.76779367],[139.8515666,35.76776272],[139.85158452,35.76771629],[139.85158452,35.76770082],[139.85158452,35.76765439],[139.85160243,35.76746868],[139.85162035,35.76731392],[139.85162035,35.7672675],[139.85165619,35.76698893],[139.8516741,35.76694251],[139.8516741,35.76691156],[139.85169202,35.76686513],[139.85176369,35.76666394],[139.85183536,35.76649371],[139.85187119,35.76641633],[139.85188911,35.76638538],[139.85194286,35.76626158],[139.8519787,35.76616872],[139.85205036,35.76601397],[139.85213995,35.76582826],[139.85217578,35.76575088],[139.85292831,35.76562707],[139.85337623,35.76553422],[139.85382416,35.76537946],[139.8539675,35.76534851],[139.85411084,35.76531756],[139.85434376,35.76525566],[139.8543796,35.76525566],[139.85443335,35.76524018],[139.85484544,35.76514733],[139.85493503,35.7651009],[139.85497086,35.76508542],[139.8551142,35.76500805],[139.85525754,35.76494614],[139.85547254,35.76485329],[139.85565172,35.76477591],[139.85577714,35.76471401],[139.85595631,35.76463663],[139.85642215,35.76443544],[139.85656549,35.76441997],[139.85753302,35.76530208],[139.85807053,35.76587468],[139.85830346,35.76619967],[139.85833929,35.76626158],[139.85837513,35.76635443],[139.85844679,35.76649371],[139.85851846,35.76666394],[139.85859013,35.76692703],[139.85873347,35.76743773],[139.8587693,35.76768534],[139.85880514,35.767902],[139.8587693,35.76813414],[139.85873347,35.7684746],[139.85864388,35.76886149],[139.85853638,35.76924839],[139.85850055,35.76935672],[139.85833929,35.76974361],[139.85833929,35.76975908],[139.85823179,35.77002217],[139.85801678,35.77040906],[139.85781969,35.77073405],[139.85776594,35.77082691],[139.8575151,35.77112094],[139.85721051,35.77149236],[139.856888,35.77186378],[139.85681633,35.77195663],[139.85645799,35.77237448],[139.85627882,35.77257566],[139.85554421,35.7734423],[139.85432584,35.77481963],[139.85414667,35.77500534],[139.85360916,35.77557794],[139.85224745,35.77701718],[139.85210412,35.77715646],[139.85059907,35.77868856],[139.85043782,35.77884332],[139.85015114,35.7791683],[139.85000781,35.77930759],[139.85000781,35.77932306],[139.84966738,35.779679],[139.84900444,35.78051469],[139.8485386,35.78114919],[139.84816234,35.78172179],[139.84805483,35.78187655],[139.84760691,35.78274319],[139.84760691,35.78275867],[139.84730231,35.78333127],[139.84723064,35.78348602],[139.84640645,35.78520383],[139.84576144,35.78662759],[139.84545684,35.78729304],[139.84525976,35.78771089],[139.84511642,35.78814421],[139.84481183,35.78925846],[139.84452515,35.79035723],[139.84445348,35.79062032],[139.84432806,35.79119292],[139.84431015,35.79123935],[139.84425639,35.79167266],[139.84423848,35.79185837],[139.84422056,35.79195123],[139.84422056,35.79199765],[139.84418473,35.79274049],[139.84422056,35.79345237],[139.84422056,35.79359165],[139.84425639,35.79376188],[139.84425639,35.79379283],[139.84427431,35.79385474],[139.84445348,35.79431901],[139.84465057,35.79473685],[139.84504475,35.79517017],[139.84513434,35.7952785],[139.84563602,35.79563444],[139.84579727,35.79575825],[139.84672896,35.79650108],[139.84674688,35.79650108],[139.84678272,35.79645465],[139.84696189,35.79612966],[139.84721273,35.79583563],[139.84744565,35.79568087],[139.8474994,35.79571182],[139.84753524,35.7957273],[139.84762482,35.79568087],[139.84764274,35.79566539],[139.84787566,35.79555706],[139.84852068,35.7952785],[139.84871777,35.7951547],[139.8487536,35.79512374],[139.84920153,35.79475233],[139.85000781,35.7941333],[139.85009739,35.79405592],[139.85024073,35.79396307],[139.85110075,35.79331309],[139.85185328,35.79274049],[139.85264163,35.79215241],[139.85305373,35.79188932],[139.85339415,35.79167266],[139.85355541,35.79156433],[139.85389583,35.7913941],[139.85457669,35.79105364],[139.85529337,35.79085245],[139.85592047,35.7908215],[139.85617131,35.79085245],[139.85649382,35.79096078],[139.85656549,35.79102269],[139.85672675,35.79116197],[139.85726426,35.79167266],[139.85737176,35.79176552],[139.85773011,35.79221431],[139.85783761,35.79236907],[139.85805262,35.79269406],[139.85830346,35.79320476],[139.85833929,35.79328214],[139.85848263,35.79359165],[139.8586618,35.79405592],[139.85880514,35.79444281],[139.85898431,35.79484518],[139.8590739,35.79492256],[139.85927098,35.79510827],[139.85950391,35.7952166],[139.85953974,35.79523207],[139.85989809,35.7953404],[139.86013101,35.79530945],[139.86079394,35.79523207],[139.8611702,35.79510827],[139.86134938,35.79504637],[139.8615823,35.79506184],[139.86204815,35.79499994],[139.8628365,35.79482971],[139.8633561,35.79478328],[139.86337402,35.79479875],[139.86382195,35.79482971],[139.86383986,35.79482971],[139.86389362,35.79484518],[139.86428779,35.79501541],[139.86459238,35.79518565],[139.86498656,35.79540231],[139.86507615,35.79544873],[139.86548824,35.79564992],[139.86604368,35.79589753],[139.86667078,35.79619157],[139.86688578,35.79628442],[139.86770997,35.79668679],[139.86830124,35.79688797],[139.86873125,35.79701178],[139.86892834,35.79702725],[139.86955544,35.79712011],[139.86960919,35.79713558],[139.87016463,35.79721296],[139.87077381,35.79732129],[139.87113215,35.79733677],[139.87136508,35.79735224],[139.87166967,35.79733677],[139.87175925,35.79733677],[139.87188467,35.79733677],[139.87261928,35.79727487],[139.87338972,35.79716654],[139.87432141,35.79685702],[139.87475142,35.79654751],[139.87489476,35.79637728],[139.87500226,35.79626895],[139.87534269,35.79589753],[139.87545019,35.7957892],[139.87568311,35.79552611],[139.87625646,35.79479875],[139.87659689,35.79382379],[139.87659689,35.79351427],[139.87657897,35.79331309],[139.87657897,35.79318928],[139.87636397,35.79261668],[139.87596979,35.79218336],[139.87595187,35.79218336],[139.87516352,35.79167266],[139.87500226,35.79156433],[139.87487684,35.79147148],[139.8732643,35.79038818],[139.87175925,35.78825254],[139.87156217,35.78797397],[139.87131132,35.7873859],[139.8711859,35.78662759],[139.87125757,35.78610142],[139.87134716,35.78557524],[139.871598,35.78500264],[139.87175925,35.78475503],[139.87186676,35.78487884],[139.87202801,35.78503359],[139.87310304,35.78333127],[139.87322846,35.78313008],[139.87335388,35.7829289],[139.87340763,35.78288247],[139.8734793,35.78280509],[139.87373014,35.78257296],[139.87403474,35.78227892],[139.87433933,35.78198488],[139.87453642,35.78176822],[139.87500226,35.78162894],[139.87509185,35.78161346],[139.8752531,35.78156704],[139.8762923,35.78124205],[139.87672231,35.7812111],[139.87688357,35.78119562],[139.87724191,35.78116467],[139.87745692,35.7812111],[139.87768984,35.78125752],[139.87822735,35.78138133],[139.87860361,35.78145871],[139.87946364,35.78165989],[139.88014449,35.78179917],[139.88068201,35.78192298],[139.88116577,35.78203131],[139.88136286,35.78206226],[139.88179287,35.78218606],[139.88191829,35.78223249],[139.88202579,35.78226344],[139.88209746,35.78227892],[139.88220497,35.78230987],[139.88311874,35.78257296],[139.88333375,35.78265034],[139.88365626,35.78277414],[139.88397877,35.78288247],[139.88419377,35.78297533],[139.88517922,35.78333127],[139.88521505,35.78334674],[139.88646925,35.78381101],[139.88723969,35.7840122],[139.88774137,35.78402767],[139.88847598,35.78390387],[139.88876265,35.78384196],[139.88887015,35.78381101],[139.88928225,35.78371816],[139.88965851,35.7836253],[139.89003477,35.78353245],[139.89087688,35.78333127],[139.8912173,35.78325389],[139.89166523,35.78316103],[139.89232817,35.78303723],[139.89377946,35.78274319],[139.89408405,35.78220154],[139.89433489,35.78164442],[139.8945499,35.78090158],[139.89456782,35.78056112],[139.8945499,35.78032898],[139.89446031,35.77991114],[139.89422739,35.77938496],[139.89379738,35.77870403],[139.89342112,35.77831714],[139.89200566,35.77741955],[139.89166523,35.77726479],[139.89024978,35.77658386],[139.88903141,35.77602674],[139.88847598,35.77577913],[139.88646925,35.77500534],[139.88507171,35.77444822],[139.88333375,35.77373634],[139.88284998,35.77353515],[139.88175704,35.77285422],[139.88075367,35.77166259],[139.88034158,35.77090428],[139.88028783,35.77079595],[139.8798399,35.76972813],[139.87967864,35.76918648],[139.87958906,35.7689234],[139.87946364,35.76849008],[139.8794278,35.76824247],[139.87939197,35.76801033],[139.87946364,35.76753058],[139.87971448,35.76678775],[139.87976823,35.76666394],[139.88009074,35.76595206],[139.88078951,35.76476043],[139.88148828,35.7638938],[139.8822408,35.76302716],[139.88245581,35.76260931],[139.88247372,35.76257836],[139.88267081,35.76200576],[139.88283207,35.76099984],[139.88320833,35.75861658],[139.88333375,35.75843088],[139.88333375,35.7584154],[139.8833875,35.75833802],[139.88360251,35.75799756],[139.88405043,35.75740948],[139.88636175,35.75479409],[139.88655884,35.75457743],[139.88663051,35.75450005],[139.88790263,35.75323104],[139.88998102,35.75077041]]]]}},{"type":"Feature","properties":{"N03_001":"東京都","N03_002":null,"N03_003":null,"N03_004":"江戸川区","N03_007":"13123","id":"gci:13123A1968"},"geometry":{"type":"MultiPolygon","coordinates":[[[[139.86285442,35.63532174],[139.86297984,35.63532174],[139.86303359,35.63532174],[139.86308734,35.63532174],[139.86317693,35.63533721],[139.8632486,35.63535269],[139.86330235,35.63535269],[139.8633561,35.63535269],[139.86339193,35.63535269],[139.86348152,35.63535269],[139.86353527,35.63533721],[139.86355319,35.63532174],[139.86358902,35.63529079],[139.86364277,35.63524436],[139.86366069,35.63521341],[139.86366069,35.63518246],[139.86366069,35.63513603],[139.86366069,35.63510508],[139.86364277,35.63507413],[139.86360694,35.63504318],[139.86357111,35.6350277],[139.86353527,35.63499675],[139.8634636,35.63498127],[139.86342777,35.6349658],[139.86339193,35.63495032],[139.86337402,35.63495032],[139.86326651,35.63491937],[139.86321276,35.63490389],[139.86317693,35.63490389],[139.86312318,35.63490389],[139.86306943,35.63490389],[139.86301567,35.63491937],[139.86292609,35.63493485],[139.86289025,35.63495032],[139.86278275,35.63498127],[139.86274692,35.63498127],[139.86267525,35.63501222],[139.86256774,35.63504318],[139.86253191,35.63505865],[139.86251399,35.63507413],[139.86249608,35.63507413],[139.86247816,35.6350896],[139.86246024,35.6350896],[139.86242441,35.63510508],[139.86240649,35.63513603],[139.86238857,35.63515151],[139.86238857,35.63516698],[139.86237066,35.63516698],[139.86237066,35.63518246],[139.86237066,35.63519793],[139.86235274,35.63521341],[139.86233482,35.63521341],[139.8623169,35.63522888],[139.86229899,35.63524436],[139.86229899,35.63527531],[139.86228107,35.63529079],[139.86228107,35.63532174],[139.86228107,35.63533721],[139.86228107,35.63536816],[139.86228107,35.63538364],[139.86229899,35.63541459],[139.8623169,35.63543007],[139.86233482,35.63544554],[139.86237066,35.63546102],[139.86238857,35.63546102],[139.86242441,35.63546102],[139.86246024,35.63546102],[139.86249608,35.63546102],[139.86253191,35.63546102],[139.86254983,35.63544554],[139.86258566,35.63543007],[139.86260358,35.63541459],[139.86263941,35.63538364],[139.86265733,35.63536816],[139.86269316,35.63535269],[139.862729,35.63535269],[139.86278275,35.63533721],[139.86281858,35.63532174],[139.86285442,35.63532174]]],[[[139.86380403,35.63722525],[139.86391153,35.6371943],[139.86401904,35.63716335],[139.86414446,35.63711692],[139.86419821,35.63710144],[139.86443113,35.63702406],[139.86466405,35.63694669],[139.86491489,35.63686931],[139.86514782,35.63677645],[139.86536282,35.63666812],[139.86559575,35.63655979],[139.865757,35.63648241],[139.86579284,35.63646694],[139.86581075,35.63645146],[139.86607951,35.63631218],[139.86633035,35.6361729],[139.86658119,35.63603362],[139.86667078,35.63597172],[139.86683203,35.63587886],[139.8669037,35.63583244],[139.86693953,35.63580148],[139.86699329,35.63577053],[139.86702912,35.63573958],[139.86706495,35.63572411],[139.86708287,35.63569315],[139.86711871,35.63567768],[139.86713662,35.63564673],[139.86717246,35.63563125],[139.86719037,35.6356003],[139.86720829,35.63558482],[139.86724413,35.63555387],[139.86726204,35.63552292],[139.86727996,35.63550745],[139.8673158,35.63547649],[139.86733371,35.63544554],[139.86735163,35.63541459],[139.86738746,35.63536816],[139.86740538,35.63533721],[139.8674233,35.63530626],[139.86744122,35.63527531],[139.86744122,35.63524436],[139.86745913,35.63521341],[139.86747705,35.63518246],[139.86749497,35.63515151],[139.86749497,35.63512055],[139.86751288,35.63505865],[139.8675308,35.6350277],[139.8675308,35.63499675],[139.8675308,35.6349658],[139.86754872,35.63495032],[139.86754872,35.63493485],[139.86754872,35.63490389],[139.86754872,35.63487294],[139.86754872,35.63484199],[139.86754872,35.63481104],[139.86754872,35.63478009],[139.86754872,35.63474914],[139.86754872,35.63471819],[139.86754872,35.63468723],[139.86754872,35.63465628],[139.86754872,35.63462533],[139.8675308,35.63459438],[139.8675308,35.63456343],[139.8675308,35.63453248],[139.86751288,35.634517],[139.86751288,35.63448605],[139.86749497,35.6344551],[139.86749497,35.63442415],[139.86747705,35.6343932],[139.86745913,35.63436224],[139.86744122,35.63433129],[139.86744122,35.63430034],[139.8674233,35.63426939],[139.86740538,35.63425391],[139.86738746,35.63422296],[139.86736955,35.63419201],[139.86735163,35.63416106],[139.86727996,35.63414559],[139.86670661,35.63334085],[139.86670661,35.63332537],[139.86667078,35.63329442],[139.86667078,35.63327895],[139.86650952,35.63306229],[139.86650952,35.63304681],[139.86649161,35.63301586],[139.86647369,35.63300038],[139.86645577,35.63298491],[139.86643785,35.63296943],[139.86641994,35.63295396],[139.86640202,35.63292301],[139.8663841,35.63290753],[139.86636619,35.63289205],[139.86634827,35.63287658],[139.86633035,35.6328611],[139.86631243,35.63284563],[139.86629452,35.63283015],[139.8662766,35.63281468],[139.86624076,35.6327992],[139.86622285,35.63278372],[139.86620493,35.63278372],[139.86618701,35.63276825],[139.86615118,35.63275277],[139.86609743,35.6327373],[139.86607951,35.63272182],[139.86604368,35.63272182],[139.86602576,35.63270635],[139.86600784,35.63270635],[139.86597201,35.63269087],[139.86593617,35.63269087],[139.86591826,35.63269087],[139.86588242,35.63267539],[139.8658645,35.63267539],[139.86584659,35.63269087],[139.86582867,35.63270635],[139.86582867,35.63272182],[139.86582867,35.6327373],[139.86584659,35.63275277],[139.8658645,35.63275277],[139.86590034,35.63276825],[139.86591826,35.63276825],[139.86595409,35.63276825],[139.86597201,35.63278372],[139.86598992,35.63278372],[139.86600784,35.63278372],[139.86604368,35.6327992],[139.86606159,35.6327992],[139.86607951,35.63281468],[139.86611534,35.63283015],[139.86613326,35.63283015],[139.86615118,35.63284563],[139.8661691,35.6328611],[139.86618701,35.6328611],[139.86620493,35.63287658],[139.86622285,35.63289205],[139.86624076,35.63290753],[139.86625868,35.63292301],[139.8662766,35.63293848],[139.86629452,35.63295396],[139.86631243,35.63296943],[139.86633035,35.63298491],[139.86634827,35.63300038],[139.86636619,35.63301586],[139.8663841,35.63303134],[139.8663841,35.63304681],[139.86640202,35.63306229],[139.86641994,35.63307776],[139.86641994,35.63309324],[139.86641994,35.63310871],[139.86658119,35.63332537],[139.86658119,35.63334085],[139.86667078,35.63344918],[139.86719037,35.63419201],[139.86719037,35.63423844],[139.86720829,35.63426939],[139.86722621,35.63428487],[139.86722621,35.63431582],[139.86724413,35.63433129],[139.86726204,35.63436224],[139.86727996,35.6343932],[139.86727996,35.63440867],[139.86729788,35.63443962],[139.8673158,35.63447057],[139.8673158,35.63448605],[139.86733371,35.634517],[139.86733371,35.63454795],[139.86733371,35.63456343],[139.86735163,35.63459438],[139.86735163,35.63462533],[139.86735163,35.63465628],[139.86736955,35.63467176],[139.86736955,35.63470271],[139.86736955,35.63473366],[139.86736955,35.63476461],[139.86736955,35.63478009],[139.86736955,35.63481104],[139.86736955,35.63484199],[139.86736955,35.63487294],[139.86736955,35.63488842],[139.86735163,35.63491937],[139.86735163,35.63495032],[139.86735163,35.6349658],[139.86727996,35.63498127],[139.86722621,35.63499675],[139.86717246,35.63499675],[139.86710079,35.63499675],[139.86697537,35.63499675],[139.86692162,35.63501222],[139.86684995,35.6350277],[139.8667962,35.63507413],[139.86674245,35.63512055],[139.86670661,35.63515151],[139.86667078,35.63518246],[139.86665286,35.63519793],[139.86659911,35.63522888],[139.86654536,35.63525983],[139.86650952,35.63530626],[139.86647369,35.63533721],[139.86643785,35.63536816],[139.86640202,35.63543007],[139.86636619,35.63547649],[139.86631243,35.63550745],[139.8662766,35.63555387],[139.86624076,35.63558482],[139.86620493,35.63563125],[139.8661691,35.6356622],[139.86613326,35.63570863],[139.86609743,35.63572411],[139.86607951,35.63573958],[139.86604368,35.63575506],[139.86598992,35.63580148],[139.86593617,35.63583244],[139.86588242,35.63586339],[139.86582867,35.63590981],[139.865757,35.63594077],[139.86568533,35.63597172],[139.86563158,35.63600267],[139.86555991,35.63603362],[139.86550616,35.6360491],[139.86545241,35.63608005],[139.86539866,35.636111],[139.86536282,35.63614195],[139.86532699,35.6361729],[139.86529115,35.63620385],[139.86525532,35.6362348],[139.86520157,35.63626576],[139.86514782,35.63628123],[139.86511198,35.63629671],[139.86507615,35.63631218],[139.86504031,35.63634313],[139.86500448,35.63637408],[139.86496865,35.63638956],[139.86491489,35.63640504],[139.86489698,35.63645146],[139.86486114,35.63648241],[139.86484323,35.63654432],[139.86480739,35.63660622],[139.86480739,35.63665265],[139.86477156,35.6366836],[139.86471781,35.63671455],[139.86466405,35.63673003],[139.86459238,35.6367455],[139.86452072,35.6367455],[139.86446696,35.63676098],[139.8643953,35.63677645],[139.86434154,35.63677645],[139.86428779,35.63679193],[139.86421612,35.63679193],[139.86418029,35.63679193],[139.86410862,35.6368074],[139.86407279,35.63682288],[139.86405487,35.63682288],[139.86405487,35.63685383],[139.86401904,35.63688478],[139.86400112,35.63690026],[139.86396528,35.63691573],[139.86392945,35.63693121],[139.86389362,35.63696216],[139.86389362,35.63697764],[139.86389362,35.63703954],[139.86380403,35.63705502],[139.86369653,35.63708597],[139.86357111,35.63711692],[139.8634636,35.63713239],[139.86340985,35.63714787],[139.86330235,35.63716335],[139.86317693,35.63717882],[139.86306943,35.63717882],[139.86296192,35.6371943],[139.86289025,35.63717882],[139.86287234,35.63716335],[139.86289025,35.63714787],[139.86290817,35.63710144],[139.86296192,35.63708597],[139.86299776,35.63705502],[139.86306943,35.63703954],[139.86312318,35.63703954],[139.86321276,35.63703954],[139.86328443,35.63703954],[139.8633561,35.63703954],[139.86342777,35.63702406],[139.86349944,35.63700859],[139.86355319,35.63697764],[139.86357111,35.63697764],[139.86364277,35.63694669],[139.86371444,35.63691573],[139.86380403,35.63688478],[139.8638757,35.63686931],[139.86392945,35.63683836],[139.86392945,35.63679193],[139.86389362,35.63676098],[139.8638757,35.63673003],[139.86385778,35.63669907],[139.86383986,35.63669907],[139.86380403,35.63666812],[139.86376819,35.63663717],[139.86373236,35.63659074],[139.86369653,35.63654432],[139.86367861,35.63648241],[139.86362486,35.63645146],[139.86360694,35.63640504],[139.86357111,35.63637408],[139.86357111,35.63635861],[139.86355319,35.63629671],[139.86351735,35.63620385],[139.86348152,35.63615743],[139.8634636,35.63612647],[139.86344569,35.63612647],[139.86339193,35.63609552],[139.86333818,35.63606457],[139.8632486,35.6360491],[139.86319485,35.63603362],[139.86310526,35.63603362],[139.86305151,35.63603362],[139.86299776,35.63603362],[139.86294401,35.63603362],[139.86292609,35.63606457],[139.86287234,35.636111],[139.86280067,35.63614195],[139.86276483,35.6361729],[139.86274692,35.63618838],[139.86269316,35.63620385],[139.8626215,35.63625028],[139.86258566,35.63626576],[139.86253191,35.63629671],[139.86249608,35.63631218],[139.86242441,35.63632766],[139.86237066,35.63634313],[139.8623169,35.63634313],[139.86226315,35.63634313],[139.8622094,35.63634313],[139.86217357,35.63634313],[139.86213773,35.63634313],[139.86208398,35.63634313],[139.86204815,35.63635861],[139.86204815,35.63637408],[139.86199439,35.63640504],[139.86194064,35.63642051],[139.86188689,35.63646694],[139.86183314,35.63648241],[139.86177939,35.63649789],[139.86172564,35.63652884],[139.86167189,35.63654432],[139.86160022,35.63655979],[139.86152855,35.63659074],[139.8614748,35.63660622],[139.86140313,35.6366217],[139.86133146,35.63663717],[139.86125979,35.63666812],[139.86120604,35.6366836],[139.86115229,35.63671455],[139.86108062,35.6367455],[139.86100895,35.63677645],[139.8609552,35.6368074],[139.86090145,35.63682288],[139.8608477,35.63682288],[139.86077603,35.63679193],[139.86072228,35.63677645],[139.86066852,35.6367455],[139.86059686,35.63671455],[139.8605431,35.6366836],[139.86039977,35.63660622],[139.86031018,35.63654432],[139.86023851,35.63649789],[139.86014893,35.63643599],[139.86005934,35.63637408],[139.85998767,35.63631218],[139.85989809,35.63625028],[139.85982642,35.6361729],[139.85975475,35.636111],[139.85968308,35.63603362],[139.85961141,35.63595624],[139.85953974,35.63589434],[139.85950391,35.63584791],[139.85934265,35.63561578],[139.85875139,35.63495032],[139.85833929,35.63448605],[139.85826762,35.63453248],[139.85823179,35.63454795],[139.85816012,35.63459438],[139.85833929,35.63479556],[139.85848263,35.63495032],[139.85936057,35.63594077],[139.85943224,35.63601814],[139.85950391,35.63609552],[139.85957558,35.6361729],[139.85964725,35.63625028],[139.85971891,35.63631218],[139.8598085,35.63638956],[139.85989809,35.63645146],[139.85996975,35.63651337],[139.86005934,35.63657527],[139.86014893,35.63663717],[139.86025643,35.63669907],[139.86034601,35.63676098],[139.8604356,35.6368074],[139.8605431,35.63686931],[139.86065061,35.63691573],[139.86075811,35.63696216],[139.86086561,35.63700859],[139.86097312,35.63705502],[139.86108062,35.63710144],[139.86118812,35.63713239],[139.86131354,35.63716335],[139.86142105,35.6371943],[139.86152855,35.63722525],[139.86165397,35.6372562],[139.86176147,35.63727168],[139.86188689,35.63730263],[139.86201231,35.6373181],[139.86211982,35.63733358],[139.86224524,35.63733358],[139.86237066,35.63734905],[139.86247816,35.63734905],[139.86260358,35.63736453],[139.862729,35.63736453],[139.86285442,35.63734905],[139.86296192,35.63734905],[139.86308734,35.63733358],[139.86321276,35.63733358],[139.86332027,35.6373181],[139.86344569,35.63728715],[139.86357111,35.63727168],[139.86367861,35.63724072],[139.86380403,35.63722525]]],[[[139.85559796,35.63855616],[139.8556338,35.63855616],[139.85566963,35.63854068],[139.85570547,35.63854068],[139.85575922,35.63852521],[139.85581297,35.63854068],[139.85588464,35.63854068],[139.85595631,35.63855616],[139.85602798,35.63855616],[139.85613548,35.63857163],[139.85624298,35.63857163],[139.85635049,35.63855616],[139.85647591,35.63854068],[139.85661924,35.63852521],[139.85690592,35.63844783],[139.85692383,35.63844783],[139.85701342,35.63841688],[139.85708509,35.6384014],[139.85796303,35.63815379],[139.85805262,35.63812284],[139.85810637,35.63810736],[139.85819595,35.63807641],[139.85828554,35.63804546],[139.85832137,35.63801451],[139.85833929,35.63801451],[139.85835721,35.63799903],[139.85842888,35.63795261],[139.85844679,35.63793713],[139.85848263,35.63792165],[139.85851846,35.63790618],[139.85853638,35.6378907],[139.85857221,35.63785975],[139.85859013,35.63784428],[139.85862597,35.6378288],[139.85864388,35.63779785],[139.85867972,35.63778237],[139.85869764,35.63775142],[139.85871555,35.63773595],[139.85873347,35.63770499],[139.8587693,35.63768952],[139.85878722,35.63765857],[139.85880514,35.63764309],[139.85882306,35.63761214],[139.85884097,35.63758119],[139.85885889,35.63756571],[139.85887681,35.63755024],[139.85891264,35.63748833],[139.85894848,35.63742643],[139.85896639,35.63738],[139.85902014,35.63727168],[139.85903806,35.63722525],[139.85905598,35.63717882],[139.85905598,35.63714787],[139.85905598,35.63711692],[139.85905598,35.63708597],[139.8590739,35.63705502],[139.8590739,35.63702406],[139.8590739,35.63699311],[139.8590739,35.63693121],[139.8590739,35.63690026],[139.85905598,35.63685383],[139.85905598,35.63682288],[139.85905598,35.63679193],[139.85903806,35.63676098],[139.85903806,35.63673003],[139.85902014,35.63669907],[139.85902014,35.6366836],[139.85900223,35.63665265],[139.85900223,35.63660622],[139.85898431,35.63655979],[139.85894848,35.63651337],[139.85891264,35.63646694],[139.85885889,35.63637408],[139.85882306,35.63632766],[139.8587693,35.63628123],[139.85873347,35.6362348],[139.85833929,35.63578601],[139.85783761,35.63522888],[139.85778386,35.63518246],[139.85769427,35.63510508],[139.85764052,35.63507413],[139.85756885,35.63504318],[139.85753302,35.6350277],[139.85749718,35.63501222],[139.85744343,35.63507413],[139.85742552,35.63510508],[139.85738968,35.63516698],[139.85738968,35.63518246],[139.8574076,35.63518246],[139.85744343,35.63519793],[139.85746135,35.63519793],[139.85747927,35.63521341],[139.85749718,35.63521341],[139.8575151,35.63522888],[139.85755094,35.63524436],[139.85756885,35.63525983],[139.85758677,35.63529079],[139.8576226,35.63530626],[139.85764052,35.63532174],[139.85765844,35.63533721],[139.85767636,35.63535269],[139.85773011,35.63543007],[139.85778386,35.63547649],[139.85780178,35.63550745],[139.85781969,35.63552292],[139.85785553,35.63555387],[139.85787345,35.63558482],[139.85789136,35.6356003],[139.8579272,35.63563125],[139.85794511,35.6356622],[139.85796303,35.63567768],[139.85799887,35.63570863],[139.85801678,35.63573958],[139.85805262,35.63577053],[139.85807053,35.63580148],[139.85808845,35.63583244],[139.85812429,35.63584791],[139.8581422,35.63587886],[139.85816012,35.63590981],[139.85819595,35.63594077],[139.85824971,35.63600267],[139.85833929,35.63608005],[139.85839304,35.63614195],[139.85841096,35.6361729],[139.85844679,35.63618838],[139.85853638,35.63629671],[139.85859013,35.63634313],[139.85860805,35.63635861],[139.8585543,35.63645146],[139.85851846,35.63652884],[139.85846471,35.63660622],[139.85842888,35.63666812],[139.85837513,35.63671455],[139.85833929,35.63676098],[139.85833929,35.63677645],[139.85832137,35.63677645],[139.85826762,35.63683836],[139.85821387,35.63688478],[139.8581422,35.63694669],[139.85808845,35.63699311],[139.85805262,35.63703954],[139.85799887,35.63708597],[139.85794511,35.63711692],[139.85789136,35.63717882],[139.85783761,35.63720977],[139.85776594,35.6372562],[139.85771219,35.63730263],[139.85764052,35.63734905],[139.85755094,35.63739548],[139.85749718,35.63742643],[139.8574076,35.63745738],[139.85735385,35.63747286],[139.85728218,35.63751929],[139.85721051,35.63756571],[139.85712092,35.63761214],[139.85706717,35.63762762],[139.8569955,35.63765857],[139.85692383,35.63768952],[139.85685217,35.63772047],[139.85676258,35.63775142],[139.85667299,35.63778237],[139.85658341,35.63781332],[139.85651174,35.63784428],[139.85642215,35.63787523],[139.85631465,35.63790618],[139.85622507,35.63793713],[139.85618923,35.63793713],[139.85611756,35.63796808],[139.85599214,35.63799903],[139.8558488,35.63804546],[139.85577714,35.63806094],[139.8556338,35.63807641],[139.85549046,35.63810736],[139.85541879,35.63812284],[139.85520379,35.63816927],[139.85493503,35.63821569],[139.85475586,35.63824664],[139.85466627,35.63826212],[139.85455877,35.63829307],[139.85423626,35.6383395],[139.85403917,35.63837045],[139.85386,35.63838592],[139.85362708,35.63841688],[139.85328665,35.63844783],[139.85285664,35.63849425],[139.85246246,35.63854068],[139.85226537,35.63855616],[139.85203245,35.63855616],[139.85185328,35.63855616],[139.85163827,35.63855616],[139.85135159,35.63855616],[139.85117242,35.63855616],[139.85102909,35.63854068],[139.85092158,35.63852521],[139.85076033,35.63850973],[139.85063491,35.63849425],[139.85047365,35.63847878],[139.8503124,35.63844783],[139.85011531,35.63843235],[139.85000781,35.63841688],[139.84998989,35.63841688],[139.84991822,35.63838592],[139.8499003,35.63815379],[139.8497928,35.63625028],[139.84973905,35.63583244],[139.84973905,35.63580148],[139.84972113,35.63577053],[139.8496853,35.63573958],[139.84966738,35.63573958],[139.84964946,35.63572411],[139.84959571,35.63572411],[139.84955988,35.63573958],[139.84955988,35.63577053],[139.84954196,35.63578601],[139.84954196,35.63583244],[139.84957779,35.6362348],[139.84955988,35.63625028],[139.84954196,35.63626576],[139.84966738,35.63815379],[139.84970321,35.63861806],[139.84972113,35.63886567],[139.84973905,35.63898948],[139.84975697,35.63909781],[139.84977488,35.63920614],[139.8497928,35.63929899],[139.84982863,35.63939185],[139.84988239,35.63946922],[139.84991822,35.63956208],[139.84998989,35.63963946],[139.85000781,35.63965493],[139.85000781,35.63967041],[139.85004364,35.63973231],[139.85011531,35.63980969],[139.85018698,35.63987159],[139.85025865,35.63994897],[139.85034823,35.64001087],[139.85043782,35.64007278],[139.85058116,35.64016563],[139.85070658,35.64022753],[139.850832,35.64027396],[139.8509395,35.64030491],[139.85106492,35.64035134],[139.85119034,35.64036681],[139.85129784,35.64039777],[139.85140535,35.64041324],[139.85153077,35.64041324],[139.85162035,35.64041324],[139.85165619,35.64041324],[139.85172785,35.64039777],[139.85183536,35.64039777],[139.85194286,35.64038229],[139.85205036,35.64036681],[139.85213995,35.64035134],[139.85217578,35.64033586],[139.85233704,35.64027396],[139.85253413,35.64021206],[139.85450502,35.63943827],[139.85461252,35.63939185],[139.85472002,35.63934542],[139.85482753,35.63928352],[139.85495295,35.63922161],[139.85498878,35.63920614],[139.85504253,35.63915971],[139.85513212,35.63908233],[139.8552217,35.63900495],[139.85529337,35.63892757],[139.85534712,35.63886567],[139.85541879,35.63877282],[139.85541879,35.63875734],[139.85547254,35.63866449],[139.85550838,35.63863354],[139.85554421,35.63860258],[139.85558005,35.63857163],[139.85559796,35.63855616]]],[[[139.84943446,35.64276555],[139.84943446,35.64281197],[139.84941654,35.64284292],[139.84941654,35.64288935],[139.84947029,35.64366314],[139.84952404,35.64426669],[139.84955988,35.64479286],[139.84959571,35.64534999],[139.84963155,35.64582973],[139.84964946,35.64620115],[139.84966738,35.64632496],[139.8496853,35.64654162],[139.84972113,35.64729992],[139.84975697,35.64776419],[139.84981072,35.64847608],[139.84982863,35.64853798],[139.84986447,35.64924986],[139.84988239,35.64943557],[139.84988239,35.64946652],[139.8499003,35.64949747],[139.84991822,35.64977604],[139.8499003,35.64980699],[139.84991822,35.64999269],[139.84997197,35.6505653],[139.85000781,35.65110694],[139.85000781,35.65115337],[139.85004364,35.6517105],[139.85006156,35.65197358],[139.85007947,35.652345],[139.85011531,35.65274737],[139.85015114,35.65319616],[139.85018698,35.65364496],[139.8502049,35.65395447],[139.85022281,35.65426399],[139.85024073,35.65444969],[139.85027656,35.65500682],[139.85029448,35.65516158],[139.8503124,35.65545561],[139.85033032,35.65570323],[139.85034823,35.65598179],[139.85036615,35.6562294],[139.85038407,35.65649249],[139.85038407,35.65652344],[139.85000781,35.65653891],[139.84554643,35.65670915],[139.84567185,35.65805553],[139.84568977,35.65833409],[139.84588686,35.66090306],[139.84595853,35.66204826],[139.84601228,35.66260538],[139.84603019,35.66288395],[139.84608395,35.6636113],[139.84629895,35.66666002],[139.84638854,35.66791355],[139.84649604,35.66990991],[139.84663938,35.67133368],[139.84672896,35.67229317],[139.84689022,35.67385621],[139.84712314,35.67500141],[139.84733815,35.67610019],[139.8473919,35.67636328],[139.84778608,35.67787989],[139.84823401,35.67913342],[139.84717689,35.67993816],[139.84640645,35.68054171],[139.84579727,35.68102146],[139.84563602,35.68114526],[139.8455106,35.68128455],[139.84631687,35.68256903],[139.84660354,35.68306425],[139.84642437,35.68332734],[139.84638854,35.68338924],[139.84647812,35.68399279],[139.84663938,35.68458087],[139.84683647,35.6853237],[139.84708731,35.68637605],[139.84744565,35.68762958],[139.84758899,35.68809385],[139.84776816,35.68925453],[139.84780399,35.68973427],[139.84785775,35.69024497],[139.84789358,35.69055449],[139.84787566,35.690864],[139.84787566,35.69100328],[139.84785775,35.69166874],[139.84783983,35.69256633],[139.84782191,35.69292227],[139.84776816,35.69402104],[139.84771441,35.69496506],[139.84764274,35.69505791],[139.84757107,35.69516624],[139.84690814,35.69620311],[139.84637062,35.6969769],[139.84565393,35.69792092],[139.84549268,35.69810662],[139.84511642,35.69855542],[139.84500891,35.69864827],[139.84452515,35.69908159],[139.84380846,35.69953039],[139.8428051,35.69999466],[139.84266177,35.70007204],[139.84167632,35.70048988],[139.8416584,35.70048988],[139.84119256,35.70069107],[139.84074463,35.70087677],[139.84052962,35.70095415],[139.83803913,35.70183627],[139.83624742,35.7025791],[139.83567407,35.70287314],[139.83540531,35.70301242],[139.83504697,35.70330646],[139.83479613,35.70367787],[139.83449153,35.7043588],[139.83438403,35.70473022],[139.83440195,35.70496236],[139.83454529,35.70528735],[139.83490363,35.705829],[139.83563823,35.70668016],[139.83597866,35.70698967],[139.83662368,35.70753132],[139.83742995,35.70819678],[139.83762704,35.70833606],[139.83785996,35.70849081],[139.83888124,35.70915627],[139.83923959,35.70948126],[139.83949043,35.70982172],[139.83958001,35.71003838],[139.83959793,35.7103479],[139.83954418,35.71058003],[139.83931125,35.71087407],[139.83880957,35.71119906],[139.83820039,35.71147762],[139.83596074,35.71220498],[139.83536948,35.71252997],[139.83517239,35.71266925],[139.83468862,35.71300972],[139.83416903,35.71344304],[139.83363151,35.71401564],[139.83334484,35.71460371],[139.83332692,35.71461919],[139.83332692,35.71465014],[139.83321942,35.71495965],[139.83316566,35.71509894],[139.83311191,35.71547035],[139.83316566,35.71576439],[139.83332692,35.71615128],[139.83334484,35.71616676],[139.83368526,35.71666198],[139.83375693,35.71677031],[139.83415111,35.7171572],[139.83477821,35.71755957],[139.83501113,35.7176679],[139.8354949,35.71786908],[139.83610408,35.71796194],[139.83676702,35.71796194],[139.83751954,35.71777623],[139.83793163,35.71768338],[139.83836164,35.71752862],[139.83859457,35.71743577],[139.8390425,35.71711078],[139.83981293,35.71755957],[139.84002794,35.71769885],[139.84024295,35.71782266],[139.8409238,35.71834883],[139.8416584,35.71893691],[139.84167632,35.71893691],[139.84216008,35.71930832],[139.84479391,35.71689412],[139.84502683,35.71666198],[139.84611978,35.71567154],[139.84654979,35.71528464],[139.84868194,35.71331923],[139.84907611,35.71296329],[139.84950613,35.71256092],[139.85000781,35.71211213],[139.85000781,35.71209665],[139.85135159,35.7108586],[139.8523012,35.7114312],[139.85316123,35.71194189],[139.8532329,35.71198832],[139.85369874,35.71226688],[139.85403917,35.71246807],[139.85420042,35.7125764],[139.85436168,35.7127002],[139.85454085,35.71282401],[139.85475586,35.71316447],[139.85495295,35.71347399],[139.85515003,35.71355137],[139.85531129,35.71379898],[139.85579505,35.71373707],[139.85618923,35.71434063],[139.85620715,35.7143561],[139.85622507,35.71438705],[139.8562609,35.71446443],[139.85712092,35.71421682],[139.85715676,35.71420135],[139.85746135,35.71410849],[139.85756885,35.71407754],[139.85758677,35.71407754],[139.85767636,35.71406206],[139.85778386,35.71403111],[139.85794511,35.71400016],[139.85808845,35.71413944],[139.85819595,35.71406206],[139.85823179,35.71403111],[139.85833929,35.71396921],[139.8585543,35.71381445],[139.8590739,35.71417039],[139.85934265,35.71392278],[139.85941432,35.71386088],[139.85962933,35.7136597],[139.85971891,35.7137216],[139.85973683,35.71373707],[139.85977267,35.71376803],[139.86014893,35.71404659],[139.86018476,35.71407754],[139.86056102,35.71434063],[139.8608477,35.71407754],[139.86088353,35.71404659],[139.86152855,35.71347399],[139.86154647,35.71344304],[139.8615823,35.71341208],[139.86211982,35.71293234],[139.86224524,35.71283948],[139.8623169,35.71288591],[139.86235274,35.71291686],[139.86240649,35.71296329],[139.86263941,35.713149],[139.86296192,35.71291686],[139.8633561,35.71311805],[139.8634636,35.71316447],[139.86355319,35.7132109],[139.8646103,35.71307162],[139.86468197,35.71305614],[139.86482531,35.71304067],[139.86484323,35.7132109],[139.86659911,35.71291686],[139.86656327,35.71229784],[139.86667078,35.71229784],[139.86695745,35.71226688],[139.86695745,35.71214308],[139.86740538,35.71211213],[139.86744122,35.71217403],[139.86751288,35.71228236],[139.86758455,35.71237521],[139.86762039,35.71243712],[139.86765622,35.71249902],[139.86770997,35.71256092],[139.86772789,35.71259187],[139.86783539,35.71274663],[139.86801456,35.71319543],[139.86810415,35.71328828],[139.8681579,35.71333471],[139.86826541,35.71345851],[139.86830124,35.71350494],[139.86840874,35.71355137],[139.86846249,35.71358232],[139.86860583,35.71421682],[139.86857,35.71458824],[139.86853416,35.71463466],[139.86849833,35.71469657],[139.86840874,35.7148668],[139.86821165,35.71519179],[139.8680504,35.71536202],[139.86788914,35.71551678],[139.86778164,35.71574891],[139.86758455,35.71624414],[139.86756664,35.71627509],[139.86744122,35.7165227],[139.86736955,35.71666198],[139.86726204,35.71686316],[139.86717246,35.71701792],[139.86681411,35.71765242],[139.86667078,35.71776075],[139.86654536,35.71783813],[139.86633035,35.7183024],[139.8662766,35.71853454],[139.86643785,35.71906071],[139.86667078,35.7192619],[139.86697537,35.71952498],[139.8670112,35.71954046],[139.86727996,35.72005116],[139.8673158,35.72039162],[139.86733371,35.720469],[139.86729788,35.72094875],[139.86729788,35.72099517],[139.86736955,35.72125826],[139.86788914,35.72224871],[139.86801456,35.72249632],[139.86803248,35.72255822],[139.86808623,35.72262012],[139.86812207,35.72268203],[139.86819374,35.72280583],[139.86822957,35.72285226],[139.86826541,35.72291416],[139.86831916,35.72299154],[139.86833707,35.72300701],[139.86848041,35.72308439],[139.86871333,35.72319272],[139.86898209,35.72330105],[139.86892834,35.72342486],[139.86891042,35.72347129],[139.86874917,35.72379627],[139.86951961,35.72430697],[139.86957336,35.7243534],[139.86969878,35.72443078],[139.86978837,35.72427602],[139.8705588,35.72470934],[139.87054089,35.72500338],[139.87052297,35.72511171],[139.87052297,35.72517361],[139.87050505,35.7253748],[139.87048713,35.72568431],[139.87046922,35.7260093],[139.87046922,35.72625691],[139.8704513,35.72628786],[139.87032588,35.72676761],[139.87000337,35.7276033],[139.87002129,35.72768067],[139.87003921,35.72775805],[139.87012879,35.72814494],[139.87027213,35.7287485],[139.87014671,35.72901158],[139.87082756,35.72911991],[139.87089923,35.72916634],[139.87129341,35.72946038],[139.87134716,35.72952228],[139.87143674,35.72956871],[139.87154425,35.72966156],[139.87175925,35.7298318],[139.87195634,35.72992465],[139.87218927,35.73004845],[139.87218927,35.73088414],[139.87226093,35.73133294],[139.87231469,35.73171983],[139.87218927,35.73196744],[139.87193843,35.73243171],[139.87202801,35.7326948],[139.8721176,35.73297336],[139.87224302,35.7333293],[139.87226093,35.73334478],[139.8723326,35.73351501],[139.87249386,35.7339019],[139.87251178,35.73408761],[139.87238636,35.73414951],[139.8723326,35.73422689],[139.87227885,35.73428879],[139.8722251,35.7343507],[139.87218927,35.73442808],[139.87217135,35.73444355],[139.87220718,35.73444355],[139.87249386,35.73445903],[139.8726372,35.73445903],[139.8726372,35.73461378],[139.87335388,35.73507806],[139.87351514,35.73517091],[139.87358681,35.73544947],[139.87358681,35.7354959],[139.87365847,35.73577446],[139.87371223,35.73596017],[139.87394515,35.73602207],[139.87364056,35.73650182],[139.87362264,35.73654825],[139.87360472,35.73656372],[139.87355097,35.73665658],[139.87315679,35.73656372],[139.87315679,35.73659467],[139.8732643,35.73687324],[139.87304929,35.7372137],[139.87301346,35.73726013],[139.87294179,35.73736846],[139.87299554,35.73746131],[139.87308512,35.73756964],[139.87317471,35.73769345],[139.87342555,35.73735298],[139.87362264,35.73707442],[139.87367639,35.73701252],[139.87369431,35.73698157],[139.87380181,35.73685776],[139.87419599,35.73681133],[139.87423182,35.73681133],[139.87450058,35.73676491],[139.87466184,35.73674943],[139.87476934,35.73705894],[139.87491268,35.73713632],[139.87494851,35.7371518],[139.87500226,35.73716727],[139.87510977,35.7372137],[139.8752531,35.7372756],[139.87546811,35.73724465],[139.87568311,35.73719823],[139.87571895,35.73718275],[139.87584437,35.73716727],[139.87591604,35.7371518],[139.87595187,35.73713632],[139.87654314,35.73704347],[139.87684773,35.73752321],[139.87688357,35.73756964],[139.87693732,35.73764702],[139.87684773,35.7383589],[139.87682981,35.73840533],[139.8768119,35.73857556],[139.87708065,35.73874579],[139.87715232,35.73879222],[139.87722399,35.73914816],[139.87727774,35.73945768],[139.87729566,35.7395041],[139.87731358,35.73962791],[139.87740316,35.74004575],[139.87742108,35.74013861],[139.87724191,35.74024694],[139.87724191,35.74035527],[139.87736733,35.7404636],[139.87752858,35.74080406],[139.87756442,35.74088144],[139.87758234,35.74091239],[139.87772567,35.74094334],[139.8779586,35.74098977],[139.87860361,35.74071121],[139.87887237,35.7405874],[139.87903363,35.74051002],[139.87917696,35.74044812],[139.87991157,35.74012313],[139.88030575,35.74023146],[139.8803595,35.74024694],[139.88039533,35.74024694],[139.88050283,35.74027789],[139.88044908,35.74040169],[139.88041325,35.74043265],[139.88000115,35.74116],[139.87998324,35.74119095],[139.87991157,35.74133024],[139.87985782,35.74143857],[139.87978615,35.74153142],[139.88028783,35.74159332],[139.88068201,35.74163975],[139.88069992,35.7416707],[139.88069992,35.74170165],[139.88071784,35.74174808],[139.88075367,35.74190284],[139.88102243,35.74196474],[139.88104035,35.74227425],[139.88104035,35.74239806],[139.88105827,35.74256829],[139.88105827,35.74264567],[139.88105827,35.74270757],[139.88134494,35.74276947],[139.88155995,35.74286233],[139.88152411,35.74307899],[139.88152411,35.74317184],[139.8815062,35.74331112],[139.88168537,35.74335755],[139.88184662,35.74340398],[139.88195413,35.74343493],[139.88215121,35.74349683],[139.88184662,35.74437895],[139.88245581,35.74464203],[139.88292165,35.74484322],[139.88333375,35.74482774],[139.88351292,35.74482774],[139.88379959,35.74485869],[139.88394293,35.74485869],[139.8839071,35.74513726],[139.8846417,35.74519916],[139.88458795,35.74557058],[139.88501796,35.74560153],[139.88501796,35.74572533],[139.88489254,35.74653007],[139.88426544,35.74649912],[139.88421169,35.74680863],[139.88396085,35.74679315],[139.88396085,35.74687053],[139.88392501,35.74688601],[139.88387126,35.74691696],[139.88354875,35.74708719],[139.883495,35.74711814],[139.88333375,35.74719552],[139.88324416,35.74724195],[139.88304707,35.74735028],[139.88288582,35.74745861],[139.88283207,35.74748956],[139.88283207,35.74750504],[139.88292165,35.7477217],[139.88301124,35.7479074],[139.88304707,35.74800026],[139.88310082,35.74812406],[139.88299332,35.74834072],[139.88250956,35.74846453],[139.88231247,35.74861929],[139.8821333,35.74852643],[139.88211538,35.74851096],[139.88186454,35.74838715],[139.88184662,35.74858834],[139.88136286,35.74865024],[139.88112994,35.74860381],[139.88107618,35.74860381],[139.88102243,35.74858834],[139.88044908,35.74848001],[139.880467,35.74857286],[139.88059242,35.74905261],[139.88059242,35.74909903],[139.88073576,35.74964068],[139.88073576,35.74968711],[139.88075367,35.74973354],[139.88080743,35.74973354],[139.88089701,35.74971806],[139.88200788,35.74967163],[139.88202579,35.74967163],[139.88216913,35.74967163],[139.88270665,35.74954783],[139.88279623,35.74962521],[139.88283207,35.74965616],[139.88292165,35.74976449],[139.88301124,35.74985734],[139.88311874,35.74985734],[139.88320833,35.74987282],[139.88333375,35.74987282],[139.8833875,35.74988829],[139.88381751,35.74991924],[139.88408627,35.74993472],[139.88414002,35.74993472],[139.88428336,35.7499502],[139.88458795,35.74996567],[139.88457003,35.74999662],[139.88449836,35.75027519],[139.88448045,35.75036804],[139.88455212,35.75042994],[139.88514338,35.75042994],[139.88577048,35.75041447],[139.88582423,35.7505228],[139.88591382,35.75067755],[139.88616466,35.75067755],[139.88723969,35.75067755],[139.88924641,35.75069303],[139.88931808,35.75069303],[139.88998102,35.75077041],[139.89017811,35.75055375],[139.89044687,35.75027519],[139.89069771,35.74999662],[139.89139648,35.74926927],[139.89166523,35.74905261],[139.8928836,35.74807764],[139.89338528,35.74787645],[139.89666412,35.7467003],[139.89766749,35.7461277],[139.89856334,35.74541582],[139.89902919,35.74487417],[139.8994592,35.74437895],[139.89999672,35.74306351],[139.89999672,35.74304804],[139.90022964,35.74250639],[139.90055215,35.7416707],[139.90067757,35.74134571],[139.90096425,35.74006123],[139.901018,35.73849818],[139.90098216,35.73820415],[139.90089258,35.73746131],[139.90064174,35.73687324],[139.90037298,35.73622326],[139.90035506,35.73617683],[139.89999672,35.73554233],[139.89876043,35.7333293],[139.89793624,35.73187459],[139.89779291,35.73133294],[139.8975779,35.7305901],[139.89748831,35.73018774],[139.89725539,35.72927467],[139.89714789,35.72783543],[139.89714789,35.72769615],[139.89720164,35.72675213],[139.89764957,35.72500338],[139.89799,35.7242915],[139.89865293,35.72345581],[139.89886794,35.72328558],[139.89929795,35.72296059],[139.89994297,35.72246537],[139.89999672,35.72243441],[139.89999672,35.72241894],[139.90085674,35.72184634],[139.90182427,35.72116541],[139.90280971,35.72045353],[139.90397433,35.71958689],[139.9047806,35.71889048],[139.90569438,35.71783813],[139.90630356,35.71666198],[139.90676941,35.71577987],[139.90750401,35.71465014],[139.90813111,35.71386088],[139.9083282,35.71369065],[139.90834612,35.71369065],[139.90900906,35.71311805],[139.9092599,35.71291686],[139.91157121,35.711555],[139.9118758,35.71138477],[139.9134346,35.71050265],[139.91415129,35.70997648],[139.91477839,35.70951221],[139.91529798,35.70897056],[139.9154234,35.70884676],[139.91556674,35.70867652],[139.91588925,35.70833606],[139.91621176,35.70799559],[139.91655219,35.70528735],[139.91665969,35.7048076],[139.91667761,35.70479212],[139.9169822,35.70352312],[139.91757347,35.70228506],[139.91764513,35.7021303],[139.91782431,35.70172794],[139.91857683,35.69999466],[139.9186485,35.6998399],[139.918756,35.69928278],[139.91889934,35.69861732],[139.91891725,35.69827686],[139.91873808,35.69770426],[139.91667761,35.6948103],[139.91665969,35.69479483],[139.91662385,35.69473292],[139.91551299,35.6931544],[139.91490381,35.69228776],[139.91442004,35.69166874],[139.91384669,35.6909259],[139.91296875,35.69002831],[139.91060368,35.68758315],[139.90865071,35.68550941],[139.90834612,35.68527727],[139.9083282,35.68527727],[139.90714567,35.68437968],[139.90594522,35.6836678],[139.90546146,35.68349757],[139.90506728,35.68335829],[139.90495978,35.68332734],[139.90379516,35.68311068],[139.89999672,35.68280116],[139.89947712,35.68275474],[139.89598327,35.68235237],[139.89514116,35.68222856],[139.89453198,35.68215118],[139.89356445,35.68199643],[139.89204149,35.68164049],[139.89166523,35.68153216],[139.89087688,35.6813155],[139.89051853,35.68116074],[139.89028561,35.68106789],[139.89005269,35.68095956],[139.88908516,35.68055719],[139.88793846,35.68000006],[139.8869351,35.67925723],[139.88643342,35.67856082],[139.8862005,35.67774061],[139.88611091,35.67730729],[139.88582423,35.67582163],[139.88564506,35.67500141],[139.88562715,35.67486213],[139.88553756,35.67277291],[139.88564506,35.67207651],[139.88607508,35.67113249],[139.88666634,35.66990991],[139.88723969,35.66879566],[139.88736511,35.66791355],[139.88732928,35.66666002],[139.88732928,35.66631955],[139.88722177,35.66551481],[139.88711427,35.66450889],[139.88711427,35.66350297],[139.88713219,35.66187803],[139.88716802,35.66099591],[139.88727553,35.65833409],[139.88732928,35.65712699],[139.88738303,35.6561675],[139.88732928,35.65554847],[139.88689927,35.65373781],[139.88625425,35.65209739],[139.88602132,35.65155574],[139.88532255,35.65000817],[139.88532255,35.64999269],[139.88430128,35.64726897],[139.88399668,35.64647971],[139.88378168,35.64562855],[139.883495,35.64511785],[139.88333375,35.64494762],[139.88315458,35.64476191],[139.88263498,35.64437502],[139.88197204,35.64401908],[139.87960698,35.64275007],[139.87742108,35.64166677],[139.87530685,35.64061442],[139.87500226,35.64045967],[139.87455433,35.64022753],[139.87412432,35.64001087],[139.87145466,35.63864901],[139.87082756,35.63889662],[139.87079173,35.63886567],[139.87075589,35.63883472],[139.87070214,35.63883472],[139.86903584,35.63912876],[139.86900001,35.63912876],[139.86839083,35.638974],[139.86770997,35.63883472],[139.86668869,35.63866449],[139.86667078,35.63866449],[139.86649161,35.63864901],[139.86611534,35.63858711],[139.86598992,35.63857163],[139.86577492,35.63855616],[139.86545241,35.63852521],[139.86511198,35.63850973],[139.86489698,35.63849425],[139.86466405,35.6384633],[139.8643953,35.6384633],[139.86414446,35.6384633],[139.86385778,35.63844783],[139.86351735,35.63844783],[139.86319485,35.63844783],[139.8628365,35.6384633],[139.862729,35.6384633],[139.86260358,35.6384633],[139.86246024,35.6384633],[139.86238857,35.63847878],[139.8623169,35.63849425],[139.8623169,35.63847878],[139.86228107,35.63847878],[139.86228107,35.6384633],[139.86224524,35.6384633],[139.86204815,35.6384633],[139.86177939,35.63849425],[139.86143896,35.63852521],[139.86113437,35.63855616],[139.86111645,35.63858711],[139.86113437,35.63866449],[139.8609552,35.63867996],[139.86090145,35.63869544],[139.86081186,35.63871091],[139.86070436,35.63872639],[139.86061477,35.63872639],[139.86036393,35.63877282],[139.86014893,35.63880377],[139.85993392,35.63883472],[139.85966516,35.63889662],[139.85946807,35.63892757],[139.85945016,35.63886567],[139.85945016,35.63883472],[139.85943224,35.63883472],[139.85930682,35.63886567],[139.85902014,35.6389121],[139.85867972,35.63898948],[139.85833929,35.63908233],[139.85832137,35.63908233],[139.85798095,35.63917519],[139.85742552,35.63932994],[139.85733593,35.63936089],[139.85640424,35.63967041],[139.85631465,35.63971683],[139.85629673,35.63979421],[139.85629673,35.63984064],[139.85611756,35.63991802],[139.85592047,35.6399954],[139.85568755,35.64008825],[139.85541879,35.64019658],[139.85540088,35.64021206],[139.85532921,35.64024301],[139.85516795,35.64030491],[139.8551142,35.64025848],[139.85507837,35.64024301],[139.85502461,35.64025848],[139.85497086,35.64025848],[139.85432584,35.640568],[139.85405709,35.64070728],[139.85384208,35.64081561],[139.85360916,35.64093941],[139.85339415,35.64106322],[139.85316123,35.6412025],[139.85291039,35.64135726],[139.85267746,35.64149654],[139.85251621,35.64160487],[139.85253413,35.64162034],[139.85253413,35.64163582],[139.85256996,35.6416513],[139.85256996,35.64166677],[139.85258788,35.64168225],[139.8526058,35.64169772],[139.85265955,35.64174415],[139.85264163,35.64175963],[139.85258788,35.6417132],[139.85258788,35.64169772],[139.85255204,35.64166677],[139.85253413,35.64163582],[139.85251621,35.64163582],[139.85249829,35.64163582],[139.85248038,35.64163582],[139.85246246,35.64166677],[139.85242662,35.6417132],[139.85233704,35.64175963],[139.85217578,35.64185248],[139.85206828,35.64194533],[139.8519787,35.64200724],[139.85187119,35.64208462],[139.85188911,35.64213104],[139.85000781,35.64237865],[139.84995405,35.64237865],[139.84988239,35.64239413],[139.84982863,35.64240961],[139.84977488,35.64242508],[139.84970321,35.64245603],[139.84966738,35.64248698],[139.84961363,35.64251794],[139.84957779,35.64254889],[139.84954196,35.64257984],[139.84950613,35.64262626],[139.84948821,35.64267269],[139.84945237,35.64271912],[139.84943446,35.64276555]]]]}}]}